method,method_label,metric,rate,median,q10,q90
simclr_z,InfoNCE critic space z,coarse_retention,0.0,1.7215683724886103e-16,1.7215683724886103e-16,1.7215683724886103e-16
simclr_z,InfoNCE critic space z,coarse_retention,0.031502650826796146,0.0009380871110715618,0.0009240089359207445,0.0009472519355760847
simclr_z,InfoNCE critic space z,coarse_retention,0.06300530165359229,0.00223190699022736,0.00220007747803183,0.002249451894419753
simclr_z,InfoNCE critic space z,coarse_retention,0.09450795248038843,0.0037437822098103602,0.0036909522374815843,0.0037702039225833966
simclr_z,InfoNCE critic space z,coarse_retention,0.12601060330718458,0.005334878452175029,0.005267499603502843,0.005368451812522209
simclr_z,InfoNCE critic space z,coarse_retention,0.15751325413398073,0.0073728597257462745,0.0072835594433848065,0.0074146063883782564
simclr_z,InfoNCE critic space z,coarse_retention,0.18901590496077686,0.009410840999317518,0.009299619283266766,0.009460760964234302
simclr_z,InfoNCE critic space z,coarse_retention,0.220518555787573,0.011448822272888763,0.01131567912314873,0.01150691554009035
simclr_z,InfoNCE critic space z,coarse_retention,0.25202120661436916,0.013486803546460008,0.013331738963030691,0.0135530701159464
simclr_z,InfoNCE critic space z,coarse_retention,0.2835238574411653,0.015524784820031255,0.015347798802912654,0.015599224691802447
simclr_z,InfoNCE critic space z,coarse_retention,0.31502650826796147,0.0175627660936025,0.01736385864279462,0.017645379267658495
simclr_z,InfoNCE critic space z,coarse_retention,0.3465291590947576,0.02018819013190598,0.020004678167513525,0.020281128995067066
simclr_z,InfoNCE critic space z,coarse_retention,0.3780318099215537,0.022987877406741554,0.02278854849006326,0.023089320889388056
simclr_z,InfoNCE critic space z,coarse_retention,0.40953446074834987,0.025787564681577134,0.025572418812612994,0.025897512783709054
simclr_z,InfoNCE critic space z,coarse_retention,0.441037111575146,0.02858725195641271,0.02835628913516273,0.028705704678030047
simclr_z,InfoNCE critic space z,coarse_retention,0.4725397624019422,0.03138693923124829,0.031140159457712466,0.03151389657235104
simclr_z,InfoNCE critic space z,coarse_retention,0.5040424132287383,0.03418662650608387,0.0339240297802622,0.034322088466672035
simclr_z,InfoNCE critic space z,coarse_retention,0.5355450640555345,0.03698631378091945,0.03670790010281194,0.03713028036099303
simclr_z,InfoNCE critic space z,coarse_retention,0.5670477148823306,0.03978600105575503,0.03949177042536167,0.03993847225531403
simclr_z,InfoNCE critic space z,coarse_retention,0.5985503657091268,0.0425856883305906,0.04227564074791141,0.04274666414963502
simclr_z,InfoNCE critic space z,coarse_retention,0.6300530165359229,0.04538537560542618,0.04505951107046115,0.04555485604395602
simclr_z,InfoNCE critic space z,coarse_retention,0.6615556673627191,0.04818506288026175,0.04784338139301088,0.04836304793827702
simclr_z,InfoNCE critic space z,coarse_retention,0.6930583181895152,0.05098475015509733,0.050627251715560616,0.05117123983259801
simclr_z,InfoNCE critic space z,coarse_retention,0.7245609690163114,0.05378443742993291,0.053411122038110354,0.053979431726919005
simclr_z,InfoNCE critic space z,coarse_retention,0.7560636198431074,0.05658412470476848,0.05619499236066008,0.05678762362123999
simclr_z,InfoNCE critic space z,coarse_retention,0.7875662706699036,0.05938381197960406,0.058978862683209815,0.059595815515560986
simclr_z,InfoNCE critic space z,coarse_retention,0.8190689214966997,0.06218349925443964,0.06176273300575956,0.06240400740988199
simclr_z,InfoNCE critic space z,coarse_retention,0.8505715723234959,0.06498318652927522,0.06454660332830929,0.06521219930420297
simclr_z,InfoNCE critic space z,coarse_retention,0.882074223150292,0.0677828738041108,0.06733047365085902,0.06802039119852396
simclr_z,InfoNCE critic space z,coarse_retention,0.9135768739770882,0.07058256107894637,0.07011434397340877,0.07082858309284495
simclr_z,InfoNCE critic space z,coarse_retention,0.9450795248038844,0.07338224835378195,0.0728982142959585,0.07363677498716596
simclr_z,InfoNCE critic space z,coarse_retention,0.9765821756306805,0.07618193562861753,0.07568208461850823,0.07644496688148696
simclr_z,InfoNCE critic space z,coarse_retention,1.0080848264574767,0.0789816229034531,0.07852576686482295,0.07925315877580795
simclr_z,InfoNCE critic space z,coarse_retention,1.0395874772842728,0.08266186660938425,0.0822464941103273,0.08297254300485399
simclr_z,InfoNCE critic space z,coarse_retention,1.071090128111069,0.0863998986217653,0.08597877901712164,0.08671867118593292
simclr_z,InfoNCE critic space z,coarse_retention,1.1025927789378651,0.09013793063414632,0.08971106392391598,0.09046479936701184
simclr_z,InfoNCE critic space z,coarse_retention,1.1340954297646613,0.09387596264652737,0.09344334883071032,0.09421092754809077
simclr_z,InfoNCE critic space z,coarse_retention,1.1655980805914574,0.0976139946589084,0.09717563373750464,0.09795705572916968
simclr_z,InfoNCE critic space z,coarse_retention,1.1971007314182536,0.10135202667128942,0.10090791864429897,0.1017031839102486
simclr_z,InfoNCE critic space z,coarse_retention,1.2286033822450497,0.10509005868367047,0.10464020355109331,0.10544931209132753
simclr_z,InfoNCE critic space z,coarse_retention,1.2601060330718459,0.1088280906960515,0.10837248845788765,0.10919544027240645
simclr_z,InfoNCE critic space z,coarse_retention,1.291608683898642,0.11256612270843253,0.11210477336468197,0.11294156845348538
simclr_z,InfoNCE critic space z,coarse_retention,1.3231113347254382,0.11630415472081357,0.1158370582714763,0.11668769663456431
simclr_z,InfoNCE critic space z,coarse_retention,1.3546139855522343,0.1200421867331946,0.11956934317827064,0.12043382481564323
simclr_z,InfoNCE critic space z,coarse_retention,1.3861166363790305,0.12378021874557563,0.12330162808506497,0.12417995299672215
simclr_z,InfoNCE critic space z,coarse_retention,1.4176192872058266,0.12751825075795667,0.12703391299185932,0.12792608117780108
simclr_z,InfoNCE critic space z,coarse_retention,1.4491219380326228,0.13125628277033768,0.13076619789865362,0.13167220935888
simclr_z,InfoNCE critic space z,coarse_retention,1.480624588859419,0.13499431478271873,0.13449848280544796,0.13541833753995894
simclr_z,InfoNCE critic space z,coarse_retention,1.5121272396862149,0.13873234679509974,0.13823076771224227,0.13916446572103783
simclr_z,InfoNCE critic space z,coarse_retention,1.543629890513011,0.14247037880748076,0.1419630526190366,0.14291059390211674
simclr_z,InfoNCE critic space z,coarse_retention,1.5751325413398072,0.1462084108198618,0.14569533752583091,0.14665672208319566
simclr_z,InfoNCE critic space z,coarse_retention,1.6066351921666033,0.14994644283224284,0.14942762243262528,0.15040285026427458
simclr_z,InfoNCE critic space z,coarse_retention,1.6381378429933995,0.1536844748446239,0.15315990733941962,0.15414897844535352
simclr_z,InfoNCE critic space z,coarse_retention,1.6696404938201956,0.15742250685700493,0.15689219224621395,0.15789510662643247
simclr_z,InfoNCE critic space z,coarse_retention,1.7011431446469918,0.16116053886938594,0.16062447715300826,0.16164123480751136
simclr_z,InfoNCE critic space z,coarse_retention,1.732645795473788,0.164898570881767,0.1643567620598026,0.1653873629885903
simclr_z,InfoNCE critic space z,coarse_retention,1.764148446300584,0.168636602894148,0.16808904696659693,0.1691334911696692
simclr_z,InfoNCE critic space z,coarse_retention,1.7956510971273802,0.17237463490652905,0.17182133187339127,0.17287961935074814
simclr_z,InfoNCE critic space z,coarse_retention,1.8271537479541764,0.1761126669189101,0.1755536167801856,0.17662574753182705
simclr_z,InfoNCE critic space z,coarse_retention,1.8586563987809726,0.17985069893129113,0.17928590168697994,0.18037187571290597
simclr_z,InfoNCE critic space z,coarse_retention,1.8901590496077687,0.18358873094367215,0.18301818659377425,0.1841180038939849
simclr_z,InfoNCE critic space z,coarse_retention,1.9216617004345649,0.1873267629560532,0.1867504715005686,0.18786413207506383
simclr_z,InfoNCE critic space z,coarse_retention,1.953164351261361,0.1910647949684342,0.19048275640736295,0.19161026025614275
simclr_z,InfoNCE critic space z,coarse_retention,1.9846670020881572,0.19480282698081525,0.19421504131415726,0.19535638843722167
simclr_z,InfoNCE critic space z,coarse_retention,2.0161696529149533,0.1985408589931963,0.1979473262209516,0.1991025166183006
simclr_z,InfoNCE critic space z,coarse_retention,2.0476723037417495,0.20227889100557733,0.2016796111277459,0.20284864479937953
simclr_z,InfoNCE critic space z,coarse_retention,2.0791749545685456,0.20601692301795835,0.20541189603454027,0.20659477298045845
simclr_z,InfoNCE critic space z,coarse_retention,2.1106776053953418,0.2097549550303394,0.2091441809413346,0.21034090116153736
simclr_z,InfoNCE critic space z,coarse_retention,2.142180256222138,0.21349298704272043,0.21287646584812894,0.21408702934261628
simclr_z,InfoNCE critic space z,coarse_retention,2.173682907048934,0.21723101905510145,0.21660875075492325,0.2178331575236952
simclr_z,InfoNCE critic space z,coarse_retention,2.2051855578757302,0.2209690510674825,0.2203410356617176,0.22157928570477414
simclr_z,InfoNCE critic space z,coarse_retention,2.2366882087025264,0.22470708307986353,0.22407332056851195,0.2253254138858531
simclr_z,InfoNCE critic space z,coarse_retention,2.2681908595293225,0.22844511509224455,0.22780560547530626,0.229071542066932
simclr_z,InfoNCE critic space z,coarse_retention,2.2996935103561187,0.2321831471046256,0.2315378903821006,0.23281767024801092
simclr_z,InfoNCE critic space z,coarse_retention,2.331196161182915,0.23592117911700664,0.2352701752888949,0.23656379842908984
simclr_z,InfoNCE critic space z,coarse_retention,2.362698812009711,0.23965921112938765,0.23900246019568924,0.24030992661016876
simclr_z,InfoNCE critic space z,coarse_retention,2.394201462836507,0.2433972431417687,0.2427347451024836,0.24405605479124767
simclr_z,InfoNCE critic space z,coarse_retention,2.4257041136633033,0.24713527515414974,0.24646703000927794,0.2478021829723266
simclr_z,InfoNCE critic space z,coarse_retention,2.4572067644900994,0.2508733071665308,0.2501993149160723,0.25154831115340553
simclr_z,InfoNCE critic space z,coarse_retention,2.4887094153168956,0.25461133917891177,0.25393159982286656,0.2552944393344845
simclr_z,InfoNCE critic space z,coarse_retention,2.5202120661436918,0.25834937119129286,0.2576638847296609,0.25904056751556337
simclr_z,InfoNCE critic space z,coarse_retention,2.551714716970488,0.26208740320367385,0.2613961696364553,0.26278669569664226
simclr_z,InfoNCE critic space z,coarse_retention,2.583217367797284,0.2658254352160549,0.26512845454324957,0.2665328238777212
simclr_z,InfoNCE critic space z,coarse_retention,2.61472001862408,0.26956346722843594,0.2688607394500439,0.27027895205880015
simclr_z,InfoNCE critic space z,coarse_retention,2.6462226694508764,0.273301499240817,0.27259302435683824,0.2740250802398791
simclr_z,InfoNCE critic space z,coarse_retention,2.6777253202776725,0.277039531253198,0.2763253092636326,0.277771208420958
simclr_z,InfoNCE critic space z,coarse_retention,2.7092279711044687,0.280777563265579,0.2800575941704269,0.2815173366020369
simclr_z,InfoNCE critic space z,coarse_retention,2.740730621931265,0.2845155952779601,0.28378987907722125,0.28526346478311587
simclr_z,InfoNCE critic space z,coarse_retention,2.772233272758061,0.2882536272903411,0.2875221639840156,0.2890095929641948
simclr_z,InfoNCE critic space z,coarse_retention,2.803735923584857,0.29199165930272214,0.2912544488908099,0.2927557211452737
simclr_z,InfoNCE critic space z,coarse_retention,2.8352385744116533,0.2957296913151032,0.29498673379760426,0.2965018493263526
simclr_z,InfoNCE critic space z,coarse_retention,2.8667412252384494,0.29946772332748417,0.2987190187043986,0.30024797750743154
simclr_z,InfoNCE critic space z,coarse_retention,2.8982438760652456,0.30320575533986527,0.30245130361119293,0.3039941056885105
simclr_z,InfoNCE critic space z,coarse_retention,2.9297465268920417,0.30694378735224626,0.3061835885179872,0.3077402338695894
simclr_z,InfoNCE critic space z,coarse_retention,2.961249177718838,0.3106818193646273,0.30991587342478155,0.3114863620506683
simclr_z,InfoNCE critic space z,coarse_retention,2.992751828545634,0.31441985137700834,0.31364815833157594,0.3152324902317472
simclr_z,InfoNCE critic space z,coarse_retention,3.0242544793724297,0.31815788338938933,0.31738044323837017,0.31897861841282615
simclr_z,InfoNCE critic space z,coarse_retention,3.055757130199226,0.3218959154017703,0.3211127281451645,0.322724746593905
simclr_z,InfoNCE critic space z,coarse_retention,3.087259781026022,0.3256339474141514,0.32484501305195884,0.32647087477498393
simclr_z,InfoNCE critic space z,coarse_retention,3.118762431852818,0.3293719794265324,0.32857729795875323,0.3302170029560628
simclr_z,InfoNCE critic space z,coarse_retention,3.1502650826796144,0.3331100114389135,0.3323095828655475,0.3339631311371418
simclr_z,InfoNCE critic space z,coarse_retention,3.1817677335064105,0.33760682539017245,0.33686967434242504,0.33854110736662274
simclr_z,InfoNCE critic space z,coarse_retention,3.2132703843332067,0.34227532473794964,0.3415371755719513,0.34321100329408255
simclr_z,InfoNCE critic space z,coarse_retention,3.244773035160003,0.3469438240857269,0.34620467680147754,0.3478808992215423
simclr_z,InfoNCE critic space z,coarse_retention,3.276275685986799,0.3516123234335041,0.35087217803100385,0.3525507951490021
simclr_z,InfoNCE critic space z,coarse_retention,3.307778336813595,0.35628082278128137,0.3555396792605301,0.3572206910764619
simclr_z,InfoNCE critic space z,coarse_retention,3.3392809876403913,0.36094932212905856,0.3602071804900564,0.3618905870039217
simclr_z,InfoNCE critic space z,coarse_retention,3.3707836384671874,0.3656178214768358,0.36487468171958265,0.36656048293138144
simclr_z,InfoNCE critic space z,coarse_retention,3.4022862892939836,0.37028632082461305,0.36954218294910895,0.37123037885884125
simclr_z,InfoNCE critic space z,coarse_retention,3.4337889401207797,0.37495482017239024,0.3742096841786352,0.375900274786301
simclr_z,InfoNCE critic space z,coarse_retention,3.465291590947576,0.3796233195201675,0.3788771854081615,0.3805701707137608
simclr_z,InfoNCE critic space z,coarse_retention,3.496794241774372,0.3842918188679447,0.3835446866376878,0.38524006664122057
simclr_z,InfoNCE critic space z,coarse_retention,3.528296892601168,0.3889603182157219,0.38821218786721406,0.3899099625686803
simclr_z,InfoNCE critic space z,coarse_retention,3.5597995434279643,0.39362881756349916,0.3928796890967403,0.39457985849614013
simclr_z,InfoNCE critic space z,coarse_retention,3.5913021942547605,0.3982973169112764,0.3975471903262666,0.3992497544235999
simclr_z,InfoNCE critic space z,coarse_retention,3.6228048450815566,0.4029658162590536,0.40221469155579287,0.4039196503510597
simclr_z,InfoNCE critic space z,coarse_retention,3.654307495908353,0.40763431560683083,0.4068821927853192,0.40858954627851946
simclr_z,InfoNCE critic space z,coarse_retention,3.685810146735149,0.4123028149546081,0.4115496940148454,0.4132594422059792
simclr_z,InfoNCE critic space z,coarse_retention,3.717312797561945,0.4169713143023853,0.4162171952443717,0.417929338133439
simclr_z,InfoNCE critic space z,coarse_retention,3.7488154483887413,0.4216398136501625,0.420884696473898,0.4225992340608988
simclr_z,InfoNCE critic space z,coarse_retention,3.7803180992155374,0.42630831299793975,0.42555219770342423,0.4272691299883586
simclr_z,InfoNCE critic space z,coarse_retention,3.8118207500423336,0.430976812345717,0.43021969893295053,0.4319390259158184
simclr_z,InfoNCE critic space z,coarse_retention,3.8433234008691297,0.4356453116934942,0.4348872001624768,0.43660892184327815
simclr_z,InfoNCE critic space z,coarse_retention,3.874826051695926,0.44031381104127143,0.43955470139200303,0.4412788177707379
simclr_z,InfoNCE critic space z,coarse_retention,3.906328702522722,0.4449823103890487,0.44422220262152934,0.4459487136981977
simclr_z,InfoNCE critic space z,coarse_retention,3.937831353349518,0.4496508097368259,0.44888970385105564,0.4506186096256575
simclr_z,InfoNCE critic space z,coarse_retention,3.9693340041763143,0.4543193090846031,0.4535572050805819,0.4552885055531173
simclr_z,InfoNCE critic space z,coarse_retention,4.000836655003111,0.4589878084323804,0.45822470631010825,0.45995840148057715
simclr_z,InfoNCE critic space z,coarse_retention,4.032339305829907,0.46365630778015754,0.46289220753963445,0.46462829740803685
simclr_z,InfoNCE critic space z,coarse_retention,4.063841956656702,0.46832480712793473,0.4675597087691607,0.46929819333549655
simclr_z,InfoNCE critic space z,coarse_retention,4.095344607483499,0.472993306475712,0.472227209998687,0.47396808926295636
simclr_z,InfoNCE critic space z,coarse_retention,4.126847258310295,0.47766180582348916,0.4768947112282132,0.47863798519041606
simclr_z,InfoNCE critic space z,coarse_retention,4.158349909137091,0.4823303051712665,0.48156221245773956,0.4833078811178759
simclr_z,InfoNCE critic space z,coarse_retention,4.189852559963887,0.48699880451904365,0.48622971368726575,0.4879777770453356
simclr_z,InfoNCE critic space z,coarse_retention,4.2213552107906835,0.4916673038668209,0.49089721491679206,0.4926476729727955
simclr_z,InfoNCE critic space z,coarse_retention,4.252857861617479,0.4963358032145981,0.4955647161463183,0.4973175689002552
simclr_z,InfoNCE critic space z,coarse_retention,4.284360512444276,0.5010043025623754,0.5002322173758447,0.5019874648277151
simclr_z,InfoNCE critic space z,coarse_retention,4.315863163271072,0.5056728019101525,0.5048997186053709,0.5066573607551749
simclr_z,InfoNCE critic space z,coarse_retention,4.347365814097868,0.5103413012579299,0.5095672198348972,0.5113272566826347
simclr_z,InfoNCE critic space z,coarse_retention,4.378868464924664,0.515009800605707,0.5142347210644235,0.5159971526100944
simclr_z,InfoNCE critic space z,coarse_retention,4.4103711157514605,0.5196782999534844,0.5189022222939498,0.5206670485375542
simclr_z,InfoNCE critic space z,coarse_retention,4.441873766578256,0.5243467993012615,0.523569723523476,0.5253369444650139
simclr_z,InfoNCE critic space z,coarse_retention,4.473376417405053,0.5290152986490387,0.5282372247530023,0.5300068403924738
simclr_z,InfoNCE critic space z,coarse_retention,4.5048790682318485,0.5336837979968159,0.5329047259825286,0.5346767363199335
simclr_z,InfoNCE critic space z,coarse_retention,4.536381719058645,0.5383522973445932,0.5375722272120548,0.5393466322473933
simclr_z,InfoNCE critic space z,coarse_retention,4.567884369885441,0.5430207966923704,0.5422397284415811,0.544016528174853
simclr_z,InfoNCE critic space z,coarse_retention,4.599387020712237,0.5476892960401476,0.5469072296711074,0.5486864241023128
simclr_z,InfoNCE critic space z,coarse_retention,4.630889671539033,0.5523577953879248,0.5515747309006336,0.5533563200297725
simclr_z,InfoNCE critic space z,coarse_retention,4.66239232236583,0.5570262947357021,0.5562422321301599,0.5580262159572325
simclr_z,InfoNCE critic space z,coarse_retention,4.693894973192625,0.5616947940834793,0.5609097333596862,0.5626961118846922
simclr_z,InfoNCE critic space z,coarse_retention,4.725397624019422,0.5663632934312566,0.5655772345892125,0.567366007812152
simclr_z,InfoNCE critic space z,coarse_retention,4.756900274846218,0.5710317927790337,0.5702447358187387,0.5720359037396117
simclr_z,InfoNCE critic space z,coarse_retention,4.788402925673014,0.5757002921268111,0.5749122370482651,0.5767057996670715
simclr_z,InfoNCE critic space z,coarse_retention,4.81990557649981,0.5803687914745882,0.5795797382777913,0.5813756955945312
simclr_z,InfoNCE critic space z,coarse_retention,4.851408227326607,0.5850372908223656,0.5842472395073176,0.5860455915219911
simclr_z,InfoNCE critic space z,coarse_retention,4.882910878153402,0.5897057901701426,0.5889147407368438,0.5907154874494508
simclr_z,InfoNCE critic space z,coarse_retention,4.914413528980199,0.5943742895179199,0.5935822419663701,0.5953853833769106
simclr_z,InfoNCE critic space z,coarse_retention,4.945916179806995,0.5990427888656971,0.5982497431958963,0.6000552793043703
simclr_z,InfoNCE critic space z,coarse_retention,4.977418830633791,0.6037112882134743,0.6029172444254227,0.6047251752318301
simclr_z,InfoNCE critic space z,coarse_retention,5.008921481460587,0.6083797875612516,0.6075847456549488,0.6093950711592899
simclr_z,InfoNCE critic space z,coarse_retention,5.0404241322873835,0.6130482869090288,0.6122522468844753,0.6140649670867497
simclr_z,InfoNCE critic space z,coarse_retention,5.071926783114179,0.617716786256806,0.6169197481140014,0.6187348630142095
simclr_z,InfoNCE critic space z,coarse_retention,5.103429433940976,0.6223852856045833,0.6215872493435278,0.6234047589416694
simclr_z,InfoNCE critic space z,coarse_retention,5.1349320847677715,0.6270537849523605,0.626254750573054,0.6280746548691292
simclr_z,InfoNCE critic space z,coarse_retention,5.166434735594568,0.6317222843001378,0.6309222518025803,0.6327445507965889
simclr_z,InfoNCE critic space z,coarse_retention,5.197937386421364,0.6363907836479149,0.6355897530321065,0.6374144467240487
simclr_z,InfoNCE critic space z,coarse_retention,5.22944003724816,0.6410592829956923,0.6402572542616328,0.6420843426515085
simclr_z,InfoNCE critic space z,coarse_retention,5.260942688074956,0.6457277823434693,0.644924755491159,0.6467542385789682
simclr_z,InfoNCE critic space z,coarse_retention,5.292445338901753,0.6503962816912466,0.6495922567206854,0.6514241345064281
simclr_z,InfoNCE critic space z,coarse_retention,5.323947989728548,0.6550647810390238,0.6542597579502116,0.6560940304338878
simclr_z,InfoNCE critic space z,coarse_retention,5.355450640555345,0.6597332803868011,0.658927259179738,0.6607639263613476
simclr_z,InfoNCE critic space z,coarse_retention,5.386953291382141,0.6644017797345783,0.6635947604092642,0.6654338222888073
simclr_z,InfoNCE critic space z,coarse_retention,5.418455942208937,0.6690702790823555,0.6682622616387905,0.6701037182162671
simclr_z,InfoNCE critic space z,coarse_retention,5.449958593035733,0.6737387784301327,0.6729297628683168,0.6747736141437268
simclr_z,InfoNCE critic space z,coarse_retention,5.48146124386253,0.67840727777791,0.677597264097843,0.6794435100711868
simclr_z,InfoNCE critic space z,coarse_retention,5.512963894689325,0.6830757771256872,0.6822647653273693,0.6841134059986465
simclr_z,InfoNCE critic space z,coarse_retention,5.544466545516122,0.6877442764734645,0.6869322665568955,0.6887833019261063
simclr_z,InfoNCE critic space z,coarse_retention,5.575969196342918,0.6924127758212416,0.6915997677864218,0.693453197853566
simclr_z,InfoNCE critic space z,coarse_retention,5.607471847169714,0.697081275169019,0.6962672690159482,0.6981230937810258
simclr_z,InfoNCE critic space z,coarse_retention,5.63897449799651,0.7017497745167961,0.7009347702454743,0.7027929897084855
simclr_z,InfoNCE critic space z,coarse_retention,5.670477148823307,0.7064182738645735,0.7056022714750008,0.7074628856359454
simclr_z,InfoNCE critic space z,coarse_retention,5.701979799650102,0.7110867732123505,0.710269772704527,0.7121327815634051
simclr_z,InfoNCE critic space z,coarse_retention,5.733482450476899,0.7157552725601278,0.7149372739340533,0.7168026774908649
simclr_z,InfoNCE critic space z,coarse_retention,5.764985101303695,0.720423771907905,0.7196047751635796,0.7214725734183247
simclr_z,InfoNCE critic space z,coarse_retention,5.796487752130491,0.7250922712556822,0.7242722763931058,0.7261424693457844
simclr_z,InfoNCE critic space z,coarse_retention,5.827990402957287,0.7297607706034595,0.7289397776226321,0.7308123652732441
simclr_z,InfoNCE critic space z,coarse_retention,5.8594930537840835,0.7344292699512367,0.7336072788521584,0.735482261200704
simclr_z,InfoNCE critic space z,coarse_retention,5.890995704610879,0.7390977692990139,0.7382747800816846,0.7401521571281637
simclr_z,InfoNCE critic space z,coarse_retention,5.922498355437676,0.7437662686467912,0.742942281311211,0.7448220530556237
simclr_z,InfoNCE critic space z,coarse_retention,5.9540010062644715,0.7484347679945684,0.7476097825407371,0.7494919489830834
simclr_z,InfoNCE critic space z,coarse_retention,5.985503657091268,0.7531411792160156,0.7522848661449976,0.7542414096171105
simclr_z,InfoNCE critic space z,coarse_retention,6.017006307918064,0.7584140123814689,0.7575051956763686,0.7595042873074244
simclr_z,InfoNCE critic space z,coarse_retention,6.0485089587448595,0.7636868455469221,0.7627855127675099,0.7647671649977382
simclr_z,InfoNCE critic space z,coarse_retention,6.080011609571656,0.7689596787123756,0.7680658298586513,0.7700300426880522
simclr_z,InfoNCE critic space z,coarse_retention,6.111514260398452,0.7742325118778288,0.7733461469497925,0.7752929203783661
simclr_z,InfoNCE critic space z,coarse_retention,6.143016911225248,0.7795053450432823,0.7786264640409339,0.78055579806868
simclr_z,InfoNCE critic space z,coarse_retention,6.174519562052044,0.7847781782087356,0.7839067811320752,0.7858186757589939
simclr_z,InfoNCE critic space z,coarse_retention,6.206022212878841,0.790051011374189,0.7891870982232166,0.7910815534493079
simclr_z,InfoNCE critic space z,coarse_retention,6.237524863705636,0.7953238445396423,0.7944674153143579,0.7963444311396217
simclr_z,InfoNCE critic space z,coarse_retention,6.269027514532433,0.8005966777050957,0.7997477324054993,0.8016073088299357
simclr_z,InfoNCE critic space z,coarse_retention,6.300530165359229,0.805869510870549,0.8050280494966405,0.8068701865202496
simclr_z,InfoNCE critic space z,coarse_retention,6.332032816186025,0.8111423440360024,0.8103083665877819,0.8121330642105635
simclr_z,InfoNCE critic space z,coarse_retention,6.363535467012821,0.8164151772014557,0.8155886836789233,0.8173959419008774
simclr_z,InfoNCE critic space z,coarse_retention,6.395038117839618,0.8216880103669091,0.8208690007700646,0.8226588195911914
simclr_z,InfoNCE critic space z,coarse_retention,6.426540768666413,0.8269608435323624,0.8261493178612059,0.8279216972815052
simclr_z,InfoNCE critic space z,coarse_retention,6.45804341949321,0.8322336766978158,0.8314296349523473,0.8331845749718192
simclr_z,InfoNCE critic space z,coarse_retention,6.489546070320006,0.8375065098632691,0.8367099520434885,0.838447452662133
simclr_z,InfoNCE critic space z,coarse_retention,6.521048721146802,0.8427793430287225,0.8419902691346299,0.8437103303524471
simclr_z,InfoNCE critic space z,coarse_retention,6.552551371973598,0.8480521761941758,0.8472705862257712,0.8489732080427609
simclr_z,InfoNCE critic space z,coarse_retention,6.5840540228003945,0.8533250093596292,0.8525509033169126,0.8542360857330749
simclr_z,InfoNCE critic space z,coarse_retention,6.61555667362719,0.8585978425250825,0.8578312204080539,0.8594989634233887
simclr_z,InfoNCE critic space z,coarse_retention,6.647059324453987,0.8638706756905359,0.8631115374991953,0.8647618411137027
simclr_z,InfoNCE critic space z,coarse_retention,6.6785619752807825,0.8691435088559892,0.8683918545903365,0.8700247188040166
simclr_z,InfoNCE critic space z,coarse_retention,6.710064626107579,0.8744163420214427,0.873672171681478,0.8752875964943306
simclr_z,InfoNCE critic space z,coarse_retention,6.741567276934375,0.8796891751868959,0.8789524887726192,0.8805504741846445
simclr_z,InfoNCE critic space z,coarse_retention,6.7730699277611714,0.8849620083523494,0.8842328058637606,0.8858133518749585
simclr_z,InfoNCE critic space z,coarse_retention,6.804572578587967,0.8902348415178026,0.8895131229549019,0.8910762295652722
simclr_z,InfoNCE critic space z,coarse_retention,6.836075229414764,0.8955076746832561,0.8947934400460432,0.8963391072555863
simclr_z,InfoNCE critic space z,coarse_retention,6.8675778802415595,0.9007805078487093,0.9000737571371845,0.9016019849459
simclr_z,InfoNCE critic space z,coarse_retention,6.899080531068356,0.9060533410141628,0.905354074228326,0.906864862636214
simclr_z,InfoNCE critic space z,coarse_retention,6.930583181895152,0.911326174179616,0.9106343913194672,0.9121277403265279
simclr_z,InfoNCE critic space z,coarse_retention,6.962085832721948,0.9165990073450695,0.9159147084106086,0.917390618016842
simclr_z,InfoNCE critic space z,coarse_retention,6.993588483548744,0.9218718405105227,0.9211950255017499,0.9226534957071558
simclr_z,InfoNCE critic space z,coarse_retention,7.025091134375541,0.9271446736759762,0.9264753425928913,0.9279163733974698
simclr_z,InfoNCE critic space z,coarse_retention,7.056593785202336,0.9324175068414294,0.9317556596840325,0.9331792510877837
simclr_z,InfoNCE critic space z,coarse_retention,7.088096436029133,0.9376778152437342,0.9370334718225443,0.9384265529150738
simclr_z,InfoNCE critic space z,coarse_retention,7.119599086855929,0.9424550957447018,0.9418918920189957,0.9431766113288456
simclr_z,InfoNCE critic space z,coarse_retention,7.151101737682725,0.9472323762456695,0.9466999847820879,0.9479266697426174
simclr_z,InfoNCE critic space z,coarse_retention,7.182604388509521,0.9520096567466371,0.9515080775451801,0.952676728156389
simclr_z,InfoNCE critic space z,coarse_retention,7.214107039336318,0.9567869372476048,0.9563161703082724,0.9574267865701609
simclr_z,InfoNCE critic space z,coarse_retention,7.245609690163113,0.9615642177485724,0.9611242630713646,0.9621768449839325
simclr_z,InfoNCE critic space z,coarse_retention,7.27711234098991,0.9663414982495401,0.9659323558344568,0.9669269033977044
simclr_z,InfoNCE critic space z,coarse_retention,7.308614991816706,0.9711187787505077,0.9707404485975489,0.9716769618114761
simclr_z,InfoNCE critic space z,coarse_retention,7.340117642643502,0.9758960592514754,0.9755485413606412,0.9764270202252479
simclr_z,InfoNCE critic space z,coarse_retention,7.371620293470298,0.980673339752443,0.9803566341237333,0.9811770786390196
simclr_z,InfoNCE critic space z,coarse_retention,7.4031229442970945,0.9850033965917286,0.9848055031415747,0.9854996479909721
simclr_z,InfoNCE critic space z,coarse_retention,7.43462559512389,0.9884128876365672,0.9882498024974584,0.9888399640806237
simclr_z,InfoNCE critic space z,coarse_retention,7.466128245950687,0.991822378681406,0.9916941018533424,0.9921802801702755
simclr_z,InfoNCE critic space z,coarse_retention,7.4976308967774825,0.9952318697262446,0.9951384012092261,0.9955205962599271
simclr_z,InfoNCE critic space z,coarse_retention,7.529133547604278,0.9975859218131753,0.9975421512482083,0.9977829100898196
simclr_z,InfoNCE critic space z,fine_retention,0.0,2.5999141471027268e-17,2.5999141471027268e-17,2.5999141471027268e-17
simclr_z,InfoNCE critic space z,fine_retention,0.031502650826796146,0.00126392802133457,0.0012528798738915409,0.001268607740936626
simclr_z,InfoNCE critic space z,fine_retention,0.06300530165359229,0.0029165433557384137,0.0028960653536479696,0.002929281482659101
simclr_z,InfoNCE critic space z,fine_retention,0.09450795248038843,0.004803409173088981,0.004772022472635606,0.004824662627523387
simclr_z,InfoNCE critic space z,fine_retention,0.12601060330718458,0.006767648302477742,0.0067341557077056895,0.006799207757070274
simclr_z,InfoNCE critic space z,fine_retention,0.15751325413398073,0.009181844984216663,0.00914079360018021,0.009223015254405116
simclr_z,InfoNCE critic space z,fine_retention,0.18901590496077686,0.011596041665955582,0.011547431492654728,0.011646822751739956
simclr_z,InfoNCE critic space z,fine_retention,0.220518555787573,0.014010238347694503,0.01395406938512925,0.014070630249074796
simclr_z,InfoNCE critic space z,fine_retention,0.25202120661436916,0.016424435029433426,0.01636070727760377,0.01649443774640964
simclr_z,InfoNCE critic space z,fine_retention,0.2835238574411653,0.018838631711172348,0.01876734517007829,0.018918245243744483
simclr_z,InfoNCE critic space z,fine_retention,0.31502650826796147,0.021252828392911267,0.02117398306255281,0.021342052741079323
simclr_z,InfoNCE critic space z,fine_retention,0.3465291590947576,0.02419143095456181,0.024136636135721482,0.024286834321988034
simclr_z,InfoNCE critic space z,fine_retention,0.3780318099215537,0.027282865002382296,0.027226079915280987,0.027385614985634528
simclr_z,InfoNCE critic space z,fine_retention,0.40953446074834987,0.030374299050202787,0.030315523694840498,0.03048439564928103
simclr_z,InfoNCE critic space z,fine_retention,0.441037111575146,0.033465733098023275,0.033404967474400006,0.033583176312927523
simclr_z,InfoNCE critic space z,fine_retention,0.4725397624019422,0.03655716714584376,0.03649441125395952,0.036681956976574025
simclr_z,InfoNCE critic space z,fine_retention,0.5040424132287383,0.03964860119366426,0.03958385503351903,0.03978073764022052
simclr_z,InfoNCE critic space z,fine_retention,0.5355450640555345,0.042740035241484745,0.04267329881307854,0.04287951830386702
simclr_z,InfoNCE critic space z,fine_retention,0.5670477148823306,0.04583146928930523,0.045762742592638045,0.04597829896751352
simclr_z,InfoNCE critic space z,fine_retention,0.5985503657091268,0.04892290333712572,0.048852186372197556,0.049077079631160016
simclr_z,InfoNCE critic space z,fine_retention,0.6300530165359229,0.05201433738494621,0.05194163015175707,0.05217586029480652
simclr_z,InfoNCE critic space z,fine_retention,0.6615556673627191,0.055105771432766695,0.05503107393131658,0.05527464095845302
simclr_z,InfoNCE critic space z,fine_retention,0.6930583181895152,0.0581972054805872,0.05812051771087609,0.05837342162209952
simclr_z,InfoNCE critic space z,fine_retention,0.7245609690163114,0.061288639528407685,0.0612099614904356,0.061472202285746014
simclr_z,InfoNCE critic space z,fine_retention,0.7560636198431074,0.06438007357622816,0.0642994052699951,0.0645709829493925
simclr_z,InfoNCE critic space z,fine_retention,0.7875662706699036,0.06747150762404865,0.0673888490495546,0.06766976361303899
simclr_z,InfoNCE critic space z,fine_retention,0.8190689214966997,0.07056294167186913,0.07047829282911412,0.0707685442766855
simclr_z,InfoNCE critic space z,fine_retention,0.8505715723234959,0.07365437571968962,0.07356773660867362,0.073867324940332
simclr_z,InfoNCE critic space z,fine_retention,0.882074223150292,0.07674580976751011,0.07665718038823313,0.0769661056039785
simclr_z,InfoNCE critic space z,fine_retention,0.9135768739770882,0.0798372438153306,0.07974662416779264,0.080064886267625
simclr_z,InfoNCE critic space z,fine_retention,0.9450795248038844,0.08292867786315108,0.08283606794735215,0.08316366693127149
simclr_z,InfoNCE critic space z,fine_retention,0.9765821756306805,0.08602011191097157,0.08592551172691167,0.08626244759491798
simclr_z,InfoNCE critic space z,fine_retention,1.0080848264574767,0.08911154595879206,0.08906090190874306,0.08936122825856449
simclr_z,InfoNCE critic space z,fine_retention,1.0395874772842728,0.0929136353844824,0.09287686734775695,0.09314321162413283
simclr_z,InfoNCE critic space z,fine_retention,1.071090128111069,0.09673040648263358,0.096695769121263,0.09696364024997091
simclr_z,InfoNCE critic space z,fine_retention,1.1025927789378651,0.10054717758078476,0.10051467089476905,0.10078406887580897
simclr_z,InfoNCE critic space z,fine_retention,1.1340954297646613,0.10436394867893595,0.10433357266827509,0.10460449750164705
simclr_z,InfoNCE critic space z,fine_retention,1.1655980805914574,0.10818071977708713,0.10815247444178114,0.10842492612748511
simclr_z,InfoNCE critic space z,fine_retention,1.1971007314182536,0.1119974908752383,0.11197137621528719,0.11224535475332317
simclr_z,InfoNCE critic space z,fine_retention,1.2286033822450497,0.11581426197338948,0.11579027798879324,0.11606578337916125
simclr_z,InfoNCE critic space z,fine_retention,1.2601060330718459,0.11963103307154066,0.11960917976229929,0.11988621200499931
simclr_z,InfoNCE critic space z,fine_retention,1.291608683898642,0.12344780416969184,0.12342808153580534,0.12370664063083739
simclr_z,InfoNCE critic space z,fine_retention,1.3231113347254382,0.12726457526784302,0.1272469833093114,0.12752706925667545
simclr_z,InfoNCE critic space z,fine_retention,1.3546139855522343,0.1310813463659942,0.13106588508281744,0.13134749788251354
simclr_z,InfoNCE critic space z,fine_retention,1.3861166363790305,0.13489811746414537,0.1348847868563235,0.1351679265083516
simclr_z,InfoNCE critic space z,fine_retention,1.4176192872058266,0.13871488856229655,0.1387036886298295,0.13898835513418967
simclr_z,InfoNCE critic space z,fine_retention,1.4491219380326228,0.14253165966044773,0.1425225904033356,0.14280878376002773
simclr_z,InfoNCE critic space z,fine_retention,1.480624588859419,0.14634843075859894,0.14634149217684161,0.14662921238586582
simclr_z,InfoNCE critic space z,fine_retention,1.5121272396862149,0.15016520185675009,0.15016039395034766,0.15044964101170386
simclr_z,InfoNCE critic space z,fine_retention,1.543629890513011,0.15398197295490124,0.1539792957238537,0.15427006963754192
simclr_z,InfoNCE critic space z,fine_retention,1.5751325413398072,0.15779874405305244,0.15779819749735974,0.15809049826338
simclr_z,InfoNCE critic space z,fine_retention,1.6066351921666033,0.16161749530078134,0.16161591118111918,0.1619113229191336
simclr_z,InfoNCE critic space z,fine_retention,1.6381378429933995,0.1654369297431261,0.16543321494810906,0.1657322842138104
simclr_z,InfoNCE critic space z,fine_retention,1.6696404938201956,0.16925636418547085,0.16925051871509894,0.1695532455084872
simclr_z,InfoNCE critic space z,fine_retention,1.7011431446469918,0.17307579862781564,0.17306782248208885,0.17337420680316395
simclr_z,InfoNCE critic space z,fine_retention,1.732645795473788,0.17689523307016042,0.17688512624907876,0.17719516809784075
simclr_z,InfoNCE critic space z,fine_retention,1.764148446300584,0.18071466751250517,0.18070243001606864,0.18101612939251754
simclr_z,InfoNCE critic space z,fine_retention,1.7956510971273802,0.18453410195484993,0.18451973378305853,0.18483709068719434
simclr_z,InfoNCE critic space z,fine_retention,1.8271537479541764,0.1883535363971947,0.18833703755004844,0.18865805198187113
simclr_z,InfoNCE critic space z,fine_retention,1.8586563987809726,0.19217297083953946,0.19215434131703835,0.1924790132765479
simclr_z,InfoNCE critic space z,fine_retention,1.8901590496077687,0.19599240528188422,0.19597164508402823,0.19629997457122467
simclr_z,InfoNCE critic space z,fine_retention,1.9216617004345649,0.199811839724229,0.19978894885101814,0.20012093586590146
simclr_z,InfoNCE critic space z,fine_retention,1.953164351261361,0.20363127416657376,0.20360625261800802,0.20394189716057826
simclr_z,InfoNCE critic space z,fine_retention,1.9846670020881572,0.2074507086089185,0.20742355638499793,0.20776285845525505
simclr_z,InfoNCE critic space z,fine_retention,2.0161696529149533,0.2112701430512633,0.2112408601519878,0.21158381974993182
simclr_z,InfoNCE critic space z,fine_retention,2.0476723037417495,0.21508957749360805,0.21505816391897772,0.21540478104460864
simclr_z,InfoNCE critic space z,fine_retention,2.0791749545685456,0.21890901193595283,0.2188754676859676,0.2192257423392854
simclr_z,InfoNCE critic space z,fine_retention,2.1106776053953418,0.22272844637829758,0.22269277145295752,0.22304670363396217
simclr_z,InfoNCE critic space z,fine_retention,2.142180256222138,0.22654788082064237,0.2265100752199474,0.226867664928639
simclr_z,InfoNCE critic space z,fine_retention,2.173682907048934,0.23036731526298712,0.2303273789869373,0.23068862622331576
simclr_z,InfoNCE critic space z,fine_retention,2.2051855578757302,0.23418674970533188,0.23414468275392722,0.23450958751799256
simclr_z,InfoNCE critic space z,fine_retention,2.2366882087025264,0.23800618414767666,0.2379619865209171,0.23833054881266935
simclr_z,InfoNCE critic space z,fine_retention,2.2681908595293225,0.2418256185900214,0.241779290287907,0.24215151010734612
simclr_z,InfoNCE critic space z,fine_retention,2.2996935103561187,0.2456450530323662,0.2455965940548969,0.2459724714020229
simclr_z,InfoNCE critic space z,fine_retention,2.331196161182915,0.24946448747471095,0.2494138978218868,0.24979343269669968
simclr_z,InfoNCE critic space z,fine_retention,2.362698812009711,0.25328392191705573,0.2532312015888767,0.25361439399137653
simclr_z,InfoNCE critic space z,fine_retention,2.394201462836507,0.2571033563594005,0.2570485053558666,0.25743535528605327
simclr_z,InfoNCE critic space z,fine_retention,2.4257041136633033,0.26092279080174524,0.26086580912285645,0.26125631658073006
simclr_z,InfoNCE critic space z,fine_retention,2.4572067644900994,0.26474222524409,0.2646831128898464,0.26507727787540686
simclr_z,InfoNCE critic space z,fine_retention,2.4887094153168956,0.26856165968643475,0.26850041665683627,0.2688982391700836
simclr_z,InfoNCE critic space z,fine_retention,2.5202120661436918,0.27238109412877953,0.2723177204238262,0.27271920046476045
simclr_z,InfoNCE critic space z,fine_retention,2.551714716970488,0.2762005285711243,0.27613502419081604,0.2765401617594372
simclr_z,InfoNCE critic space z,fine_retention,2.583217367797284,0.2800199630134691,0.279952327957806,0.280361123054114
simclr_z,InfoNCE critic space z,fine_retention,2.61472001862408,0.2838393974558139,0.28376963172479586,0.2841820843487908
simclr_z,InfoNCE critic space z,fine_retention,2.6462226694508764,0.2876588318981586,0.28758693549178577,0.28800304564346757
simclr_z,InfoNCE critic space z,fine_retention,2.6777253202776725,0.29147826634050333,0.2914042392587757,0.29182400693814436
simclr_z,InfoNCE critic space z,fine_retention,2.7092279711044687,0.2952977007828481,0.29522154302576553,0.29564496823282116
simclr_z,InfoNCE critic space z,fine_retention,2.740730621931265,0.2991171352251929,0.2990388467927555,0.2994659295274979
simclr_z,InfoNCE critic space z,fine_retention,2.772233272758061,0.3029365696675377,0.30285615055974535,0.30328689082217475
simclr_z,InfoNCE critic space z,fine_retention,2.803735923584857,0.30675600410988246,0.30667345432673526,0.3071078521168515
simclr_z,InfoNCE critic space z,fine_retention,2.8352385744116533,0.31057543855222725,0.31049075809372517,0.31092881341152834
simclr_z,InfoNCE critic space z,fine_retention,2.8667412252384494,0.31439487299457197,0.3143080618607151,0.3147497747062051
simclr_z,InfoNCE critic space z,fine_retention,2.8982438760652456,0.3182143074369167,0.31812536562770494,0.3185707360008818
simclr_z,InfoNCE critic space z,fine_retention,2.9297465268920417,0.3220337418792615,0.32194266939469485,0.32239169729555867
simclr_z,InfoNCE critic space z,fine_retention,2.961249177718838,0.32585317632160626,0.3257599731616847,0.3262126585902354
simclr_z,InfoNCE critic space z,fine_retention,2.992751828545634,0.32967261076395105,0.32957727692867467,0.33003361988491225
simclr_z,InfoNCE critic space z,fine_retention,3.0242544793724297,0.3334920452062957,0.3333945806956645,0.33385458117958894
simclr_z,InfoNCE critic space z,fine_retention,3.055757130199226,0.3373114796486405,0.3372118844626543,0.33767554247426573
simclr_z,InfoNCE critic space z,fine_retention,3.087259781026022,0.3411309140909852,0.3410291882296443,0.3414965037689425
simclr_z,InfoNCE critic space z,fine_retention,3.118762431852818,0.34495034853333006,0.3448464919966342,0.34531746506361927
simclr_z,InfoNCE critic space z,fine_retention,3.1502650826796144,0.3487697829756748,0.3486637957636241,0.3491384263582961
simclr_z,InfoNCE critic space z,fine_retention,3.1817677335064105,0.3532079965374516,0.35310971115977013,0.3535291665238855
simclr_z,InfoNCE critic space z,fine_retention,3.2132703843332067,0.35771309247815586,0.35761174862175055,0.3580342023355272
simclr_z,InfoNCE critic space z,fine_retention,3.244773035160003,0.36221818841886005,0.36211378608373096,0.36253923814716876
simclr_z,InfoNCE critic space z,fine_retention,3.276275685986799,0.36672328435956425,0.3666158235457114,0.36704427395881045
simclr_z,InfoNCE critic space z,fine_retention,3.307778336813595,0.37122838030026845,0.3711178610076918,0.3715493097704521
simclr_z,InfoNCE critic space z,fine_retention,3.3392809876403913,0.37573347624097264,0.3756198984696722,0.3760543455820937
simclr_z,InfoNCE critic space z,fine_retention,3.3707836384671874,0.38023857218167684,0.3801219359316526,0.38055938139373535
simclr_z,InfoNCE critic space z,fine_retention,3.4022862892939836,0.38474366812238103,0.384623973393633,0.38506441720537704
simclr_z,InfoNCE critic space z,fine_retention,3.4337889401207797,0.3892487640630853,0.38912601085561344,0.3895694530170187
simclr_z,InfoNCE critic space z,fine_retention,3.465291590947576,0.3937538600037895,0.39362804831759385,0.3940744888286603
simclr_z,InfoNCE critic space z,fine_retention,3.496794241774372,0.3982589559444937,0.39813008577957426,0.39857952464030194
simclr_z,InfoNCE critic space z,fine_retention,3.528296892601168,0.40276405188519787,0.4026321232415547,0.40308456045194363
simclr_z,InfoNCE critic space z,fine_retention,3.5597995434279643,0.40726914782590207,0.4071341607035351,0.40758959626358526
simclr_z,InfoNCE critic space z,fine_retention,3.5913021942547605,0.41177424376660626,0.4116361981655155,0.4120946320752269
simclr_z,InfoNCE critic space z,fine_retention,3.6228048450815566,0.41627933970731046,0.4161382356274959,0.41659966788686853
simclr_z,InfoNCE critic space z,fine_retention,3.654307495908353,0.4207844356480147,0.4206402730894763,0.4211047036985102
simclr_z,InfoNCE critic space z,fine_retention,3.685810146735149,0.42528953158871885,0.42514231055145674,0.42560973951015185
simclr_z,InfoNCE critic space z,fine_retention,3.717312797561945,0.4297946275294231,0.42964434801343715,0.4301147753217935
simclr_z,InfoNCE critic space z,fine_retention,3.7488154483887413,0.4342997234701273,0.43414638547541756,0.4346198111334351
simclr_z,InfoNCE critic space z,fine_retention,3.7803180992155374,0.4388048194108315,0.438648422937398,0.4391248469450768
simclr_z,InfoNCE critic space z,fine_retention,3.8118207500423336,0.4433099153515357,0.4431504603993784,0.44362988275671844
simclr_z,InfoNCE critic space z,fine_retention,3.8433234008691297,0.4478150112922399,0.4476524978613588,0.4481349185683601
simclr_z,InfoNCE critic space z,fine_retention,3.874826051695926,0.45232010723294414,0.4521545353233392,0.4526399543800017
simclr_z,InfoNCE critic space z,fine_retention,3.906328702522722,0.4568252031736483,0.45665657278531957,0.45714499019164334
simclr_z,InfoNCE critic space z,fine_retention,3.937831353349518,0.4613302991143525,0.46115861024730004,0.46165002600328503
simclr_z,InfoNCE critic space z,fine_retention,3.9693340041763143,0.4658353950550567,0.4656606477092804,0.46615506181492666
simclr_z,InfoNCE critic space z,fine_retention,4.000836655003111,0.470340490995761,0.4701626851712609,0.4706600976265684
simclr_z,InfoNCE critic space z,fine_retention,4.032339305829907,0.4748455869364651,0.4746647226332413,0.47516513343820993
simclr_z,InfoNCE critic space z,fine_retention,4.063841956656702,0.47935068287716925,0.4791667600952216,0.4796701692498515
simclr_z,InfoNCE critic space z,fine_retention,4.095344607483499,0.48385577881787356,0.4836687975572021,0.48417520506149325
simclr_z,InfoNCE critic space z,fine_retention,4.126847258310295,0.4883608747585777,0.48817083501918246,0.4886802408731349
simclr_z,InfoNCE critic space z,fine_retention,4.158349909137091,0.49286597069928195,0.4926728724811629,0.4931852766847766
simclr_z,InfoNCE critic space z,fine_retention,4.189852559963887,0.4973710666399861,0.4971749099431433,0.4976903124964181
simclr_z,InfoNCE critic space z,fine_retention,4.2213552107906835,0.5018761625806903,0.5016769474051237,0.5021953483080598
simclr_z,InfoNCE critic space z,fine_retention,4.252857861617479,0.5063812585213945,0.5061789848671041,0.5067003841197014
simclr_z,InfoNCE critic space z,fine_retention,4.284360512444276,0.5108863544620987,0.5106810223290845,0.5112054199313432
simclr_z,InfoNCE critic space z,fine_retention,4.315863163271072,0.5153914504028029,0.5151830597910648,0.5157104557429848
simclr_z,InfoNCE critic space z,fine_retention,4.347365814097868,0.5198965463435071,0.5196850972530453,0.5202154915546264
simclr_z,InfoNCE critic space z,fine_retention,4.378868464924664,0.5244016422842113,0.5241871347150258,0.5247205273662681
simclr_z,InfoNCE critic space z,fine_retention,4.4103711157514605,0.5289067382249155,0.5286891721770062,0.5292255631779097
simclr_z,InfoNCE critic space z,fine_retention,4.441873766578256,0.5334118341656198,0.5331912096389866,0.5337305989895513
simclr_z,InfoNCE critic space z,fine_retention,4.473376417405053,0.537916930106324,0.537693247100967,0.538235634801193
simclr_z,InfoNCE critic space z,fine_retention,4.5048790682318485,0.542422026047028,0.5421952845629474,0.5427406706128346
simclr_z,InfoNCE critic space z,fine_retention,4.536381719058645,0.5469271219877324,0.5466973220249278,0.5472457064244763
simclr_z,InfoNCE critic space z,fine_retention,4.567884369885441,0.5514322179284366,0.5511993594869082,0.551750742236118
simclr_z,InfoNCE critic space z,fine_retention,4.599387020712237,0.5559373138691408,0.5557013969488886,0.5562557780477596
simclr_z,InfoNCE critic space z,fine_retention,4.630889671539033,0.5604424098098449,0.560203434410869,0.5607608138594012
simclr_z,InfoNCE critic space z,fine_retention,4.66239232236583,0.5649475057505492,0.5647054718728495,0.5652658496710429
simclr_z,InfoNCE critic space z,fine_retention,4.693894973192625,0.5694526016912533,0.5692075093348299,0.5697708854826844
simclr_z,InfoNCE critic space z,fine_retention,4.725397624019422,0.5739576976319576,0.5737095467968103,0.5742759212943263
simclr_z,InfoNCE critic space z,fine_retention,4.756900274846218,0.5784627935726617,0.5782115842587906,0.5787809571059678
simclr_z,InfoNCE critic space z,fine_retention,4.788402925673014,0.582967889513366,0.5827136217207711,0.5832859929176095
simclr_z,InfoNCE critic space z,fine_retention,4.81990557649981,0.5874729854540701,0.5872156591827515,0.5877910287292512
simclr_z,InfoNCE critic space z,fine_retention,4.851408227326607,0.5919780813947744,0.591717696644732,0.5922960645408928
simclr_z,InfoNCE critic space z,fine_retention,4.882910878153402,0.5964831773354786,0.5962197341067124,0.5968011003525344
simclr_z,InfoNCE critic space z,fine_retention,4.914413528980199,0.6009882732761829,0.6007217715686928,0.601306136164176
simclr_z,InfoNCE critic space z,fine_retention,4.945916179806995,0.6054933692168869,0.6052238090306731,0.6058111719758176
simclr_z,InfoNCE critic space z,fine_retention,4.977418830633791,0.6099984651575912,0.6097258464926536,0.6103162077874594
simclr_z,InfoNCE critic space z,fine_retention,5.008921481460587,0.6145035610982954,0.614227883954634,0.614821243599101
simclr_z,InfoNCE critic space z,fine_retention,5.0404241322873835,0.6190086570389997,0.6187299214166144,0.6193262794107427
simclr_z,InfoNCE critic space z,fine_retention,5.071926783114179,0.6235137529797038,0.6232319588785947,0.6238313152223843
simclr_z,InfoNCE critic space z,fine_retention,5.103429433940976,0.628018848920408,0.6277339963405751,0.628336351034026
simclr_z,InfoNCE critic space z,fine_retention,5.1349320847677715,0.6325239448611122,0.6322360338025557,0.6328413868456675
simclr_z,InfoNCE critic space z,fine_retention,5.166434735594568,0.6370290408018164,0.6367380712645361,0.6373464226573092
simclr_z,InfoNCE critic space z,fine_retention,5.197937386421364,0.6415341367425206,0.6412401087265164,0.6418514584689509
simclr_z,InfoNCE critic space z,fine_retention,5.22944003724816,0.6460392326832249,0.6457421461884969,0.6463564942805926
simclr_z,InfoNCE critic space z,fine_retention,5.260942688074956,0.650544328623929,0.6502441836504772,0.6508615300922342
simclr_z,InfoNCE critic space z,fine_retention,5.292445338901753,0.6550494245646332,0.6547462211124577,0.6553665659038759
simclr_z,InfoNCE critic space z,fine_retention,5.323947989728548,0.6595545205053375,0.6592482585744381,0.6598716017155175
simclr_z,InfoNCE critic space z,fine_retention,5.355450640555345,0.6640596164460417,0.6637502960364186,0.6643766375271591
simclr_z,InfoNCE critic space z,fine_retention,5.386953291382141,0.6685647123867458,0.6682523334983989,0.6688816733388007
simclr_z,InfoNCE critic space z,fine_retention,5.418455942208937,0.67306980832745,0.6727543709603793,0.6733867091504424
simclr_z,InfoNCE critic space z,fine_retention,5.449958593035733,0.6775749042681543,0.6772564084223598,0.677891744962084
simclr_z,InfoNCE critic space z,fine_retention,5.48146124386253,0.6820800002088585,0.6817584458843402,0.6823967807737258
simclr_z,InfoNCE critic space z,fine_retention,5.512963894689325,0.6865850961495626,0.6862604833463205,0.6869018165853674
simclr_z,InfoNCE critic space z,fine_retention,5.544466545516122,0.6910901920902669,0.690762520808301,0.691406852397009
simclr_z,InfoNCE critic space z,fine_retention,5.575969196342918,0.695595288030971,0.6952645582702813,0.6959118882086506
simclr_z,InfoNCE critic space z,fine_retention,5.607471847169714,0.7001003839716753,0.6997665957322619,0.7004169240202923
simclr_z,InfoNCE critic space z,fine_retention,5.63897449799651,0.7046054799123794,0.7042686331942422,0.7049219598319338
simclr_z,InfoNCE critic space z,fine_retention,5.670477148823307,0.7091105758530838,0.7087706706562227,0.7094269956435757
simclr_z,InfoNCE critic space z,fine_retention,5.701979799650102,0.7136156717937878,0.713272708118203,0.7139320314552172
simclr_z,InfoNCE critic space z,fine_retention,5.733482450476899,0.7181207677344921,0.7177747455801834,0.718437067266859
simclr_z,InfoNCE critic space z,fine_retention,5.764985101303695,0.7226258636751963,0.7222767830421639,0.7229421030785006
simclr_z,InfoNCE critic space z,fine_retention,5.796487752130491,0.7271309596159006,0.7267788205041443,0.7274471388901422
simclr_z,InfoNCE critic space z,fine_retention,5.827990402957287,0.7316360555566046,0.7312808579661245,0.7319521747017838
simclr_z,InfoNCE critic space z,fine_retention,5.8594930537840835,0.7361411514973089,0.7357828954281052,0.7364572105134255
simclr_z,InfoNCE critic space z,fine_retention,5.890995704610879,0.7406462474380131,0.7402849328900855,0.740962246325067
simclr_z,InfoNCE critic space z,fine_retention,5.922498355437676,0.7451513433787174,0.744786970352066,0.7454672821367089
simclr_z,InfoNCE critic space z,fine_retention,5.9540010062644715,0.7496564393194215,0.7492890078140463,0.7499723179483504
simclr_z,InfoNCE critic space z,fine_retention,5.985503657091268,0.7541615352601257,0.7538583460116391,0.7545044322729041
simclr_z,InfoNCE critic space z,fine_retention,6.017006307918064,0.7591458212916493,0.7588976310146283,0.759536950848827
simclr_z,InfoNCE critic space z,fine_retention,6.0485089587448595,0.7641966536280285,0.7639502252785886,0.7645827786857211
simclr_z,InfoNCE critic space z,fine_retention,6.080011609571656,0.7692474859644077,0.769002819542549,0.7696286065226153
simclr_z,InfoNCE critic space z,fine_retention,6.111514260398452,0.7742983183007868,0.7740554138065093,0.7746744343595094
simclr_z,InfoNCE critic space z,fine_retention,6.143016911225248,0.779349150637166,0.7791080080704696,0.7797202621964037
simclr_z,InfoNCE critic space z,fine_retention,6.174519562052044,0.7843999829735452,0.78416060233443,0.7847660900332978
simclr_z,InfoNCE critic space z,fine_retention,6.206022212878841,0.7894508153099244,0.7892131965983904,0.789811917870192
simclr_z,InfoNCE critic space z,fine_retention,6.237524863705636,0.7945016476463036,0.7942657908623507,0.7948577457070861
simclr_z,InfoNCE critic space z,fine_retention,6.269027514532433,0.7995524799826829,0.7993183851263111,0.7999035735439803
simclr_z,InfoNCE critic space z,fine_retention,6.300530165359229,0.804603312319062,0.8043709793902715,0.8049494013808745
simclr_z,InfoNCE critic space z,fine_retention,6.332032816186025,0.8096541446554413,0.8094235736542319,0.8099952292177687
simclr_z,InfoNCE critic space z,fine_retention,6.363535467012821,0.8147049769918204,0.8144761679181922,0.8150410570546628
simclr_z,InfoNCE critic space z,fine_retention,6.395038117839618,0.8197558093281997,0.8195287621821526,0.820086884891557
simclr_z,InfoNCE critic space z,fine_retention,6.426540768666413,0.8248066416645788,0.8245813564461129,0.8251327127284511
simclr_z,InfoNCE critic space z,fine_retention,6.45804341949321,0.8298574740009581,0.8296339507100733,0.8301785405653453
simclr_z,InfoNCE critic space z,fine_retention,6.489546070320006,0.8349083063373373,0.8346865449740336,0.8352243684022395
simclr_z,InfoNCE critic space z,fine_retention,6.521048721146802,0.8399591386737164,0.839739139237994,0.8402701962391337
simclr_z,InfoNCE critic space z,fine_retention,6.552551371973598,0.8450099710100956,0.8447917335019542,0.8453160240760278
simclr_z,InfoNCE critic space z,fine_retention,6.5840540228003945,0.8500608033464748,0.8498443277659147,0.850361851912922
simclr_z,InfoNCE critic space z,fine_retention,6.61555667362719,0.855111635682854,0.854896922029875,0.8554076797498161
simclr_z,InfoNCE critic space z,fine_retention,6.647059324453987,0.8601624680192332,0.8599495162938354,0.8604535075867104
simclr_z,InfoNCE critic space z,fine_retention,6.6785619752807825,0.8652133003556124,0.8650021105577956,0.8654993354236045
simclr_z,InfoNCE critic space z,fine_retention,6.710064626107579,0.8702641326919917,0.8700547048217561,0.8705451632604987
simclr_z,InfoNCE critic space z,fine_retention,6.741567276934375,0.8753149650283708,0.8751072990857164,0.8755909910973928
simclr_z,InfoNCE critic space z,fine_retention,6.7730699277611714,0.8803657973647501,0.8801598933496768,0.880636818934287
simclr_z,InfoNCE critic space z,fine_retention,6.804572578587967,0.8854166297011292,0.885212487613637,0.8856826467711811
simclr_z,InfoNCE critic space z,fine_retention,6.836075229414764,0.8904674620375085,0.8902650818775975,0.8907284746080754
simclr_z,InfoNCE critic space z,fine_retention,6.8675778802415595,0.8955182943738876,0.8953176761415578,0.8957743024449694
simclr_z,InfoNCE critic space z,fine_retention,6.899080531068356,0.9005691267102669,0.9003702704055182,0.9008201302818637
simclr_z,InfoNCE critic space z,fine_retention,6.930583181895152,0.905619959046646,0.9054228646694784,0.9058659581187578
simclr_z,InfoNCE critic space z,fine_retention,6.962085832721948,0.9106707913830252,0.9104754589334388,0.9109117859556519
simclr_z,InfoNCE critic space z,fine_retention,6.993588483548744,0.9157216237194044,0.9155280531973992,0.915957613792546
simclr_z,InfoNCE critic space z,fine_retention,7.025091134375541,0.9207724560557837,0.9205806474613596,0.9210034416294404
simclr_z,InfoNCE critic space z,fine_retention,7.056593785202336,0.9258232883921628,0.9256332417253199,0.9260492694663345
simclr_z,InfoNCE critic space z,fine_retention,7.088096436029133,0.930874120728542,0.9306832045980993,0.9310920947371087
simclr_z,InfoNCE critic space z,fine_retention,7.119599086855929,0.9358041958021185,0.9356283609736885,0.9359949720971962
simclr_z,InfoNCE critic space z,fine_retention,7.151101737682725,0.9407154429330812,0.9405697517607551,0.9408940838687608
simclr_z,InfoNCE critic space z,fine_retention,7.182604388509521,0.9456266900640437,0.9455111425478215,0.9457931956403253
simclr_z,InfoNCE critic space z,fine_retention,7.214107039336318,0.9505379371950063,0.950452533334888,0.95069230741189
simclr_z,InfoNCE critic space z,fine_retention,7.245609690163113,0.9554491843259689,0.9553939241219545,0.9555914191834546
simclr_z,InfoNCE critic space z,fine_retention,7.27711234098991,0.9603604314569316,0.960335314909021,0.9604905309550192
simclr_z,InfoNCE critic space z,fine_retention,7.308614991816706,0.9652779624731358,0.9652729353649424,0.9653908995036321
simclr_z,InfoNCE critic space z,fine_retention,7.340117642643502,0.9702268891742283,0.9701917184099311,0.9702975471892228
simclr_z,InfoNCE critic space z,fine_retention,7.371620293470298,0.9751758158753207,0.9751105014549196,0.9752041948748132
simclr_z,InfoNCE critic space z,fine_retention,7.4031229442970945,0.9798418576838128,0.9798053340769535,0.979874015350686
simclr_z,InfoNCE critic space z,fine_retention,7.43462559512389,0.9839258998595055,0.9838747478185665,0.983997416148593
simclr_z,InfoNCE critic space z,fine_retention,7.466128245950687,0.9880099420351983,0.9879441615601797,0.9881208169465002
simclr_z,InfoNCE critic space z,fine_retention,7.4976308967774825,0.9920939842108911,0.9920135753017928,0.9922442177444074
simclr_z,InfoNCE critic space z,fine_retention,7.529133547604278,0.9954701120304809,0.9953797758480483,0.9956069809743205
simclr_z,InfoNCE critic space z,fine_increment_retention,0.0,0.0,0.0,0.0
simclr_z,InfoNCE critic space z,fine_increment_retention,0.031502650826796146,0.0014377579086550683,0.001417368778821532,0.001445273402345096
simclr_z,InfoNCE critic space z,fine_increment_retention,0.06300530165359229,0.003304646099961073,0.0032564740492696657,0.0033154745899015843
simclr_z,InfoNCE critic space z,fine_increment_retention,0.09450795248038843,0.00542705638542403,0.0053500870907023145,0.005439746113148161
simclr_z,InfoNCE critic space z,fine_increment_retention,0.12601060330718458,0.007642511957165752,0.007526996740715473,0.007648853728873971
simclr_z,InfoNCE critic space z,fine_increment_retention,0.15751325413398073,0.010324517727405749,0.010173401079823228,0.010324857456068913
simclr_z,InfoNCE critic space z,fine_increment_retention,0.18901590496077686,0.01299944560466838,0.012818389840335509,0.013005107919050268
simclr_z,InfoNCE critic space z,fine_increment_retention,0.220518555787573,0.015673948821102058,0.015463293668681998,0.015685613178529
simclr_z,InfoNCE critic space z,fine_increment_retention,0.25202120661436916,0.01834845203753574,0.01810819749702849,0.018366118438007735
simclr_z,InfoNCE critic space z,fine_increment_retention,0.2835238574411653,0.021022955253969418,0.020753101325374983,0.021046623697486465
simclr_z,InfoNCE critic space z,fine_increment_retention,0.31502650826796147,0.023697458470403096,0.023398005153721473,0.023727128956965195
simclr_z,InfoNCE critic space z,fine_increment_retention,0.3465291590947576,0.026851421653897943,0.026525888334290353,0.02691960508112087
simclr_z,InfoNCE critic space z,fine_increment_retention,0.3780318099215537,0.030147615282065526,0.029795029337206312,0.03022927463564829
simclr_z,InfoNCE critic space z,fine_increment_retention,0.40953446074834987,0.033443808910233117,0.033064170340122274,0.033538944190175723
simclr_z,InfoNCE critic space z,fine_increment_retention,0.441037111575146,0.03674000253840071,0.036333311343038244,0.03684861374470315
simclr_z,InfoNCE critic space z,fine_increment_retention,0.4725397624019422,0.04003619616656829,0.039602452345954206,0.04015828329923057
simclr_z,InfoNCE critic space z,fine_increment_retention,0.5040424132287383,0.04333238979473588,0.04287159334887017,0.043467952853758
simclr_z,InfoNCE critic space z,fine_increment_retention,0.5355450640555345,0.04662858342290347,0.04614073435178614,0.04677762240828543
simclr_z,InfoNCE critic space z,fine_increment_retention,0.5670477148823306,0.049924777051071054,0.04940987535470209,0.050087291962812856
simclr_z,InfoNCE critic space z,fine_increment_retention,0.5985503657091268,0.053220970679238644,0.052679016357618055,0.05339696151734028
simclr_z,InfoNCE critic space z,fine_increment_retention,0.6300530165359229,0.056517164307406234,0.055948157360534025,0.056706631071867714
simclr_z,InfoNCE critic space z,fine_increment_retention,0.6615556673627191,0.059813357935573824,0.05921729836344999,0.06001630062639514
simclr_z,InfoNCE critic space z,fine_increment_retention,0.6930583181895152,0.06310955156374141,0.06248643936636595,0.06332597018092256
simclr_z,InfoNCE critic space z,fine_increment_retention,0.7245609690163114,0.066405745191909,0.06575558036928192,0.06663563973544999
simclr_z,InfoNCE critic space z,fine_increment_retention,0.7560636198431074,0.06970193882007658,0.06902472137219787,0.06994530928997741
simclr_z,InfoNCE critic space z,fine_increment_retention,0.7875662706699036,0.07299813244824416,0.07229386237511384,0.07325497884450484
simclr_z,InfoNCE critic space z,fine_increment_retention,0.8190689214966997,0.07629432607641176,0.07556300337802979,0.07656464839903226
simclr_z,InfoNCE critic space z,fine_increment_retention,0.8505715723234959,0.07959051970457934,0.07883214438094575,0.07987431795355969
simclr_z,InfoNCE critic space z,fine_increment_retention,0.882074223150292,0.08288671333274694,0.08210128538386172,0.08318398750808711
simclr_z,InfoNCE critic space z,fine_increment_retention,0.9135768739770882,0.08618290696091452,0.08537042638677769,0.08649365706261455
simclr_z,InfoNCE critic space z,fine_increment_retention,0.9450795248038844,0.08947910058908211,0.08863956738969364,0.08980332661714198
simclr_z,InfoNCE critic space z,fine_increment_retention,0.9765821756306805,0.0927752942172497,0.09190870839260962,0.0931129961716694
simclr_z,InfoNCE critic space z,fine_increment_retention,1.0080848264574767,0.09607148784541729,0.09517784939552558,0.09645464153127026
simclr_z,InfoNCE critic space z,fine_increment_retention,1.0395874772842728,0.09984691280194155,0.09894667801513968,0.10026685642850075
simclr_z,InfoNCE critic space z,fine_increment_retention,1.071090128111069,0.10365378828893208,0.10273013983741189,0.10408536143182448
simclr_z,InfoNCE critic space z,fine_increment_retention,1.1025927789378651,0.10746066377592263,0.10651360165968411,0.10790386643514822
simclr_z,InfoNCE critic space z,fine_increment_retention,1.1340954297646613,0.11126753926291318,0.11029706348195632,0.11172237143847195
simclr_z,InfoNCE critic space z,fine_increment_retention,1.1655980805914574,0.11507441474990371,0.11408052530422855,0.1155408764417957
simclr_z,InfoNCE critic space z,fine_increment_retention,1.1971007314182536,0.11888129023689425,0.11786398712650079,0.11935938144511944
simclr_z,InfoNCE critic space z,fine_increment_retention,1.2286033822450497,0.1226881657238848,0.121647448948773,0.12317788644844319
simclr_z,InfoNCE critic space z,fine_increment_retention,1.2601060330718459,0.12649504121087535,0.1254309107710452,0.12699639145176692
simclr_z,InfoNCE critic space z,fine_increment_retention,1.291608683898642,0.1303019166978659,0.12921437259331744,0.13081489645509067
simclr_z,InfoNCE critic space z,fine_increment_retention,1.3231113347254382,0.13410879218485644,0.13299783441558966,0.1346334014584144
simclr_z,InfoNCE critic space z,fine_increment_retention,1.3546139855522343,0.137915667671847,0.1367812962378619,0.13845190646173813
simclr_z,InfoNCE critic space z,fine_increment_retention,1.3861166363790305,0.14172254315883753,0.14056475806013413,0.1422704114650619
simclr_z,InfoNCE critic space z,fine_increment_retention,1.4176192872058266,0.14552941864582805,0.14434821988240631,0.14608891646838562
simclr_z,InfoNCE critic space z,fine_increment_retention,1.4491219380326228,0.1493362941328186,0.14813168170467855,0.14990742147170938
simclr_z,InfoNCE critic space z,fine_increment_retention,1.480624588859419,0.15314316961980914,0.15191514352695076,0.1537259264750331
simclr_z,InfoNCE critic space z,fine_increment_retention,1.5121272396862149,0.15695004510679966,0.15569860534922297,0.1575444314783568
simclr_z,InfoNCE critic space z,fine_increment_retention,1.543629890513011,0.1607569205937902,0.1594820671714952,0.16136293648168057
simclr_z,InfoNCE critic space z,fine_increment_retention,1.5751325413398072,0.16456379608078076,0.16326552899376742,0.1651814414850043
simclr_z,InfoNCE critic space z,fine_increment_retention,1.6066351921666033,0.1683706715677713,0.16704899081603963,0.16899994648832806
simclr_z,InfoNCE critic space z,fine_increment_retention,1.6381378429933995,0.17217754705476185,0.17083245263831187,0.1728184514916518
simclr_z,InfoNCE critic space z,fine_increment_retention,1.6696404938201956,0.1759844225417524,0.17461591446058405,0.17663695649497552
simclr_z,InfoNCE critic space z,fine_increment_retention,1.7011431446469918,0.1797912980287429,0.1783993762828563,0.18045546149829927
simclr_z,InfoNCE critic space z,fine_increment_retention,1.732645795473788,0.18359817351573346,0.1821828381051285,0.184273966501623
simclr_z,InfoNCE critic space z,fine_increment_retention,1.764148446300584,0.187405049002724,0.18596629992740074,0.18809247150494673
simclr_z,InfoNCE critic space z,fine_increment_retention,1.7956510971273802,0.19121192448971455,0.18974976174967298,0.1919109765082705
simclr_z,InfoNCE critic space z,fine_increment_retention,1.8271537479541764,0.19501879997670507,0.1935332235719452,0.1957294815115942
simclr_z,InfoNCE critic space z,fine_increment_retention,1.8586563987809726,0.19882567546369562,0.19731668539421743,0.19954798651491798
simclr_z,InfoNCE critic space z,fine_increment_retention,1.8901590496077687,0.20263255095068616,0.20110014721648964,0.2033664915182417
simclr_z,InfoNCE critic space z,fine_increment_retention,1.9216617004345649,0.2064394264376767,0.20488360903876185,0.20718499652156544
simclr_z,InfoNCE critic space z,fine_increment_retention,1.953164351261361,0.21024630192466726,0.2086670708610341,0.2110035015248892
simclr_z,InfoNCE critic space z,fine_increment_retention,1.9846670020881572,0.2140531774116578,0.21245053268330627,0.21482200652821293
simclr_z,InfoNCE critic space z,fine_increment_retention,2.0161696529149533,0.21786005289864835,0.2162339945055785,0.21864051153153666
simclr_z,InfoNCE critic space z,fine_increment_retention,2.0476723037417495,0.2216669283856389,0.22001745632785075,0.22245901653486042
simclr_z,InfoNCE critic space z,fine_increment_retention,2.0791749545685456,0.22547380387262944,0.22380091815012296,0.22627752153818415
simclr_z,InfoNCE critic space z,fine_increment_retention,2.1106776053953418,0.22928067935962,0.2275843799723952,0.2300960265415079
simclr_z,InfoNCE critic space z,fine_increment_retention,2.142180256222138,0.23308755484661053,0.2313678417946674,0.23391453154483163
simclr_z,InfoNCE critic space z,fine_increment_retention,2.173682907048934,0.23689443033360108,0.23515130361693964,0.23773303654815536
simclr_z,InfoNCE critic space z,fine_increment_retention,2.2051855578757302,0.24070130582059163,0.23893476543921188,0.24155154155147912
simclr_z,InfoNCE critic space z,fine_increment_retention,2.2366882087025264,0.24450818130758212,0.2427182272614841,0.24537004655480282
simclr_z,InfoNCE critic space z,fine_increment_retention,2.2681908595293225,0.24831505679457266,0.24650168908375628,0.2491885515581266
simclr_z,InfoNCE critic space z,fine_increment_retention,2.2996935103561187,0.2521219322815632,0.2502851509060285,0.25300705656145034
simclr_z,InfoNCE critic space z,fine_increment_retention,2.331196161182915,0.25592880776855376,0.2540686127283007,0.25682556156477404
simclr_z,InfoNCE critic space z,fine_increment_retention,2.362698812009711,0.2597356832555443,0.25785207455057296,0.2606440665680978
simclr_z,InfoNCE critic space z,fine_increment_retention,2.394201462836507,0.26354255874253485,0.2616355363728452,0.26446257157142156
simclr_z,InfoNCE critic space z,fine_increment_retention,2.4257041136633033,0.2673494342295254,0.2654189981951174,0.26828107657474526
simclr_z,InfoNCE critic space z,fine_increment_retention,2.4572067644900994,0.27115630971651594,0.2692024600173896,0.272099581578069
simclr_z,InfoNCE critic space z,fine_increment_retention,2.4887094153168956,0.2749631852035065,0.27298592183966186,0.2759180865813928
simclr_z,InfoNCE critic space z,fine_increment_retention,2.5202120661436918,0.27877006069049703,0.2767693836619341,0.27973659158471653
simclr_z,InfoNCE critic space z,fine_increment_retention,2.551714716970488,0.2825769361774876,0.2805528454842063,0.28355509658804023
simclr_z,InfoNCE critic space z,fine_increment_retention,2.583217367797284,0.2863838116644781,0.2843363073064785,0.287373601591364
simclr_z,InfoNCE critic space z,fine_increment_retention,2.61472001862408,0.2901906871514687,0.2881197691287507,0.29119210659468775
simclr_z,InfoNCE critic space z,fine_increment_retention,2.6462226694508764,0.2939975626384592,0.29190323095102294,0.29501061159801145
simclr_z,InfoNCE critic space z,fine_increment_retention,2.6777253202776725,0.29780443812544977,0.2956866927732952,0.2988291166013352
simclr_z,InfoNCE critic space z,fine_increment_retention,2.7092279711044687,0.3016113136124403,0.2994701545955674,0.30264762160465897
simclr_z,InfoNCE critic space z,fine_increment_retention,2.740730621931265,0.3054181890994308,0.3032536164178396,0.30646612660798267
simclr_z,InfoNCE critic space z,fine_increment_retention,2.772233272758061,0.30922506458642135,0.30703707824011184,0.3102846316113064
simclr_z,InfoNCE critic space z,fine_increment_retention,2.803735923584857,0.3130319400734119,0.3108205400623841,0.3141031366146302
simclr_z,InfoNCE critic space z,fine_increment_retention,2.8352385744116533,0.31683881556040244,0.3146040018846563,0.3179216416179539
simclr_z,InfoNCE critic space z,fine_increment_retention,2.8667412252384494,0.320645691047393,0.3183874637069285,0.32174014662127765
simclr_z,InfoNCE critic space z,fine_increment_retention,2.8982438760652456,0.32445256653438354,0.32217092552920074,0.3255586516246014
simclr_z,InfoNCE critic space z,fine_increment_retention,2.9297465268920417,0.3282594420213741,0.3259543873514729,0.3293771566279251
simclr_z,InfoNCE critic space z,fine_increment_retention,2.961249177718838,0.33206631750836463,0.32973784917374516,0.33319566163124886
simclr_z,InfoNCE critic space z,fine_increment_retention,2.992751828545634,0.3358731929953552,0.3335213109960174,0.3370141666345726
simclr_z,InfoNCE critic space z,fine_increment_retention,3.0242544793724297,0.33968006848234567,0.3373047728182896,0.34083267163789627
simclr_z,InfoNCE critic space z,fine_increment_retention,3.055757130199226,0.34348694396933616,0.34108823464056176,0.3446511766412201
simclr_z,InfoNCE critic space z,fine_increment_retention,3.087259781026022,0.3472938194563268,0.34487169646283405,0.3484696816445438
simclr_z,InfoNCE critic space z,fine_increment_retention,3.118762431852818,0.3511006949433173,0.3486551582851062,0.3522881866478676
simclr_z,InfoNCE critic space z,fine_increment_retention,3.1502650826796144,0.35490757043030785,0.3524386201073785,0.35610669165119124
simclr_z,InfoNCE critic space z,fine_increment_retention,3.1817677335064105,0.3590439148340736,0.35659605780839326,0.3602743605999567
simclr_z,InfoNCE critic space z,fine_increment_retention,3.2132703843332067,0.36325480634909596,0.360794489906445,0.36448755697621077
simclr_z,InfoNCE critic space z,fine_increment_retention,3.244773035160003,0.36746569786411826,0.36499292200449673,0.3687007533524648
simclr_z,InfoNCE critic space z,fine_increment_retention,3.276275685986799,0.3716765893791406,0.3691913541025485,0.3729139497287189
simclr_z,InfoNCE critic space z,fine_increment_retention,3.307778336813595,0.3758874808941629,0.37338978620060026,0.377127146104973
simclr_z,InfoNCE critic space z,fine_increment_retention,3.3392809876403913,0.38009837240918526,0.37758821829865197,0.381340342481227
simclr_z,InfoNCE critic space z,fine_increment_retention,3.3707836384671874,0.3843092639242076,0.38178665039670373,0.38555353885748106
simclr_z,InfoNCE critic space z,fine_increment_retention,3.4022862892939836,0.3885201554392299,0.38598508249475544,0.3897667352337351
simclr_z,InfoNCE critic space z,fine_increment_retention,3.4337889401207797,0.39273104695425226,0.3901835145928072,0.3939799316099892
simclr_z,InfoNCE critic space z,fine_increment_retention,3.465291590947576,0.39694193846927456,0.3943819466908589,0.39819312798624323
simclr_z,InfoNCE critic space z,fine_increment_retention,3.496794241774372,0.4011528299842969,0.39858037878891067,0.40240632436249735
simclr_z,InfoNCE critic space z,fine_increment_retention,3.528296892601168,0.4053637214993192,0.4027788108869624,0.40661952073875135
simclr_z,InfoNCE critic space z,fine_increment_retention,3.5597995434279643,0.40957461301434156,0.40697724298501414,0.4108327171150054
simclr_z,InfoNCE critic space z,fine_increment_retention,3.5913021942547605,0.4137855045293639,0.41117567508306585,0.4150459134912595
simclr_z,InfoNCE critic space z,fine_increment_retention,3.6228048450815566,0.4179963960443862,0.4153741071811176,0.4192591098675135
simclr_z,InfoNCE critic space z,fine_increment_retention,3.654307495908353,0.42220728755940856,0.4195725392791693,0.4234723062437676
simclr_z,InfoNCE critic space z,fine_increment_retention,3.685810146735149,0.42641817907443086,0.4237709713772211,0.42768550262002164
simclr_z,InfoNCE critic space z,fine_increment_retention,3.717312797561945,0.4306290705894532,0.4279694034752728,0.4318986989962757
simclr_z,InfoNCE critic space z,fine_increment_retention,3.7488154483887413,0.4348399621044755,0.43216783557332455,0.43611189537252976
simclr_z,InfoNCE critic space z,fine_increment_retention,3.7803180992155374,0.43905085361949786,0.4363662676713763,0.4403250917487838
simclr_z,InfoNCE critic space z,fine_increment_retention,3.8118207500423336,0.4432617451345202,0.440564699769428,0.4445382881250379
simclr_z,InfoNCE critic space z,fine_increment_retention,3.8433234008691297,0.4474726366495425,0.44476313186747973,0.448751484501292
simclr_z,InfoNCE critic space z,fine_increment_retention,3.874826051695926,0.4516835281645648,0.4489615639655315,0.452964680877546
simclr_z,InfoNCE critic space z,fine_increment_retention,3.906328702522722,0.45589441967958716,0.45315999606358326,0.45717787725380005
simclr_z,InfoNCE critic space z,fine_increment_retention,3.937831353349518,0.4601053111946095,0.45735842816163497,0.4613910736300541
simclr_z,InfoNCE critic space z,fine_increment_retention,3.9693340041763143,0.4643162027096318,0.4615568602596867,0.46560427000630816
simclr_z,InfoNCE critic space z,fine_increment_retention,4.000836655003111,0.4685270942246542,0.4657552923577385,0.4698174663825623
simclr_z,InfoNCE critic space z,fine_increment_retention,4.032339305829907,0.4727379857396765,0.4699537244557902,0.47403066275881633
simclr_z,InfoNCE critic space z,fine_increment_retention,4.063841956656702,0.47694887725469876,0.47415215655384185,0.4782438591350703
simclr_z,InfoNCE critic space z,fine_increment_retention,4.095344607483499,0.4811597687697211,0.4783505886518936,0.4824570555113244
simclr_z,InfoNCE critic space z,fine_increment_retention,4.126847258310295,0.4853706602847434,0.4825490207499453,0.4866702518875784
simclr_z,InfoNCE critic space z,fine_increment_retention,4.158349909137091,0.4895815517997658,0.48674745284799714,0.4908834482638325
simclr_z,InfoNCE critic space z,fine_increment_retention,4.189852559963887,0.49379244331478805,0.4909458849460488,0.4950966446400865
simclr_z,InfoNCE critic space z,fine_increment_retention,4.2213552107906835,0.49800333482981046,0.4951443170441006,0.4993098410163406
simclr_z,InfoNCE critic space z,fine_increment_retention,4.252857861617479,0.5022142263448327,0.49934274914215226,0.5035230373925946
simclr_z,InfoNCE critic space z,fine_increment_retention,4.284360512444276,0.5064251178598551,0.5035411812402041,0.5077362337688487
simclr_z,InfoNCE critic space z,fine_increment_retention,4.315863163271072,0.5106360093748774,0.5077396133382558,0.5119494301451027
simclr_z,InfoNCE critic space z,fine_increment_retention,4.347365814097868,0.5148469008898997,0.5119380454363076,0.5161626265213568
simclr_z,InfoNCE critic space z,fine_increment_retention,4.378868464924664,0.519057792404922,0.5161364775343592,0.5203758228976109
simclr_z,InfoNCE critic space z,fine_increment_retention,4.4103711157514605,0.5232686839199444,0.520334909632411,0.524589019273865
simclr_z,InfoNCE critic space z,fine_increment_retention,4.441873766578256,0.5274795754349667,0.5245333417304627,0.528802215650119
simclr_z,InfoNCE critic space z,fine_increment_retention,4.473376417405053,0.5316904669499891,0.5287317738285144,0.533015412026373
simclr_z,InfoNCE critic space z,fine_increment_retention,4.5048790682318485,0.5359013584650114,0.5329302059265661,0.5372286084026271
simclr_z,InfoNCE critic space z,fine_increment_retention,4.536381719058645,0.5401122499800337,0.537128638024618,0.5414418047788813
simclr_z,InfoNCE critic space z,fine_increment_retention,4.567884369885441,0.544323141495056,0.5413270701226697,0.5456550011551352
simclr_z,InfoNCE critic space z,fine_increment_retention,4.599387020712237,0.5485340330100784,0.5455255022207215,0.5498681975313894
simclr_z,InfoNCE critic space z,fine_increment_retention,4.630889671539033,0.5527449245251006,0.5497239343187731,0.5540813939076432
simclr_z,InfoNCE critic space z,fine_increment_retention,4.66239232236583,0.556955816040123,0.5539223664168249,0.5582945902838974
simclr_z,InfoNCE critic space z,fine_increment_retention,4.693894973192625,0.5611667075551453,0.5581207985148766,0.5625077866601514
simclr_z,InfoNCE critic space z,fine_increment_retention,4.725397624019422,0.5653775990701677,0.5623192306129284,0.5667209830364056
simclr_z,InfoNCE critic space z,fine_increment_retention,4.756900274846218,0.56958849058519,0.5665176627109801,0.5709341794126596
simclr_z,InfoNCE critic space z,fine_increment_retention,4.788402925673014,0.5737993821002123,0.5707160948090318,0.5751473757889136
simclr_z,InfoNCE critic space z,fine_increment_retention,4.81990557649981,0.5780102736152346,0.5749145269070836,0.5793605721651677
simclr_z,InfoNCE critic space z,fine_increment_retention,4.851408227326607,0.582221165130257,0.5791129590051354,0.5835737685414217
simclr_z,InfoNCE critic space z,fine_increment_retention,4.882910878153402,0.5864320566452793,0.583311391103187,0.5877869649176758
simclr_z,InfoNCE critic space z,fine_increment_retention,4.914413528980199,0.5906429481603017,0.5875098232012388,0.59200016129393
simclr_z,InfoNCE critic space z,fine_increment_retention,4.945916179806995,0.5948538396753239,0.5917082552992905,0.5962133576701839
simclr_z,InfoNCE critic space z,fine_increment_retention,4.977418830633791,0.5990647311903463,0.5959066873973423,0.600426554046438
simclr_z,InfoNCE critic space z,fine_increment_retention,5.008921481460587,0.6032756227053686,0.600105119495394,0.604639750422692
simclr_z,InfoNCE critic space z,fine_increment_retention,5.0404241322873835,0.6074865142203909,0.6043035515934458,0.6088529467989461
simclr_z,InfoNCE critic space z,fine_increment_retention,5.071926783114179,0.6116974057354132,0.6085019836914974,0.6130661431752001
simclr_z,InfoNCE critic space z,fine_increment_retention,5.103429433940976,0.6159082972504356,0.6127004157895493,0.6172793395514543
simclr_z,InfoNCE critic space z,fine_increment_retention,5.1349320847677715,0.6201191887654579,0.6168988478876009,0.6214925359277083
simclr_z,InfoNCE critic space z,fine_increment_retention,5.166434735594568,0.6243300802804803,0.6210972799856527,0.6257057323039623
simclr_z,InfoNCE critic space z,fine_increment_retention,5.197937386421364,0.6285409717955026,0.6252957120837044,0.6299189286802164
simclr_z,InfoNCE critic space z,fine_increment_retention,5.22944003724816,0.6327518633105249,0.6294941441817562,0.6341321250564705
simclr_z,InfoNCE critic space z,fine_increment_retention,5.260942688074956,0.6369627548255472,0.6336925762798079,0.6383453214327245
simclr_z,InfoNCE critic space z,fine_increment_retention,5.292445338901753,0.6411736463405696,0.6378910083778597,0.6425585178089787
simclr_z,InfoNCE critic space z,fine_increment_retention,5.323947989728548,0.6453845378555918,0.6420894404759113,0.6467717141852325
simclr_z,InfoNCE critic space z,fine_increment_retention,5.355450640555345,0.6495954293706143,0.6462878725739631,0.6509849105614867
simclr_z,InfoNCE critic space z,fine_increment_retention,5.386953291382141,0.6538063208856365,0.6504863046720147,0.6551981069377407
simclr_z,InfoNCE critic space z,fine_increment_retention,5.418455942208937,0.6580172124006589,0.6546847367700666,0.6594113033139948
simclr_z,InfoNCE critic space z,fine_increment_retention,5.449958593035733,0.6622281039156812,0.6588831688681183,0.6636244996902488
simclr_z,InfoNCE critic space z,fine_increment_retention,5.48146124386253,0.6664389954307035,0.6630816009661701,0.6678376960665029
simclr_z,InfoNCE critic space z,fine_increment_retention,5.512963894689325,0.6706498869457258,0.6672800330642218,0.672050892442757
simclr_z,InfoNCE critic space z,fine_increment_retention,5.544466545516122,0.6748607784607482,0.6714784651622736,0.676264088819011
simclr_z,InfoNCE critic space z,fine_increment_retention,5.575969196342918,0.6790716699757705,0.6756768972603252,0.6804772851952651
simclr_z,InfoNCE critic space z,fine_increment_retention,5.607471847169714,0.6832825614907929,0.679875329358377,0.6846904815715192
simclr_z,InfoNCE critic space z,fine_increment_retention,5.63897449799651,0.6874934530058152,0.6840737614564287,0.6889036779477732
simclr_z,InfoNCE critic space z,fine_increment_retention,5.670477148823307,0.6917043445208375,0.6882721935544804,0.6931168743240272
simclr_z,InfoNCE critic space z,fine_increment_retention,5.701979799650102,0.6959152360358598,0.6924706256525323,0.6973300707002812
simclr_z,InfoNCE critic space z,fine_increment_retention,5.733482450476899,0.7001261275508822,0.696669057750584,0.7015432670765354
simclr_z,InfoNCE critic space z,fine_increment_retention,5.764985101303695,0.7043370190659044,0.7008674898486357,0.7057564634527894
simclr_z,InfoNCE critic space z,fine_increment_retention,5.796487752130491,0.7085479105809269,0.7050659219466875,0.7099696598290435
simclr_z,InfoNCE critic space z,fine_increment_retention,5.827990402957287,0.7127588020959491,0.7092643540447391,0.7141828562052975
simclr_z,InfoNCE critic space z,fine_increment_retention,5.8594930537840835,0.7169696936109715,0.7134627861427909,0.7183960525815516
simclr_z,InfoNCE critic space z,fine_increment_retention,5.890995704610879,0.7211805851259938,0.7176612182408426,0.7226092489578056
simclr_z,InfoNCE critic space z,fine_increment_retention,5.922498355437676,0.7253914766410161,0.7218596503388943,0.7268224453340598
simclr_z,InfoNCE critic space z,fine_increment_retention,5.9540010062644715,0.7296023681560384,0.7260580824369461,0.7310356417103138
simclr_z,InfoNCE critic space z,fine_increment_retention,5.985503657091268,0.7338584621285502,0.7303605680587454,0.7352578785780658
simclr_z,InfoNCE critic space z,fine_increment_retention,6.017006307918064,0.7387899029348234,0.7353262779024076,0.7401091558518215
simclr_z,InfoNCE critic space z,fine_increment_retention,6.0485089587448595,0.7437213437410966,0.7402919877460697,0.7450290320970453
simclr_z,InfoNCE critic space z,fine_increment_retention,6.080011609571656,0.7486527845473698,0.7452576975897319,0.7499489083422692
simclr_z,InfoNCE critic space z,fine_increment_retention,6.111514260398452,0.753584225353643,0.7502234074333941,0.7548687845874932
simclr_z,InfoNCE critic space z,fine_increment_retention,6.143016911225248,0.7585156661599163,0.7551891172770564,0.7597886608327171
simclr_z,InfoNCE critic space z,fine_increment_retention,6.174519562052044,0.7634471069661894,0.7601548271207185,0.764708537077941
simclr_z,InfoNCE critic space z,fine_increment_retention,6.206022212878841,0.7683785477724628,0.7651205369643809,0.7696284133231649
simclr_z,InfoNCE critic space z,fine_increment_retention,6.237524863705636,0.773309988578736,0.7700862468080429,0.7745482895683888
simclr_z,InfoNCE critic space z,fine_increment_retention,6.269027514532433,0.7782414293850093,0.7750519566517051,0.7794681658136127
simclr_z,InfoNCE critic space z,fine_increment_retention,6.300530165359229,0.7831728701912825,0.7800176664953673,0.7843880420588365
simclr_z,InfoNCE critic space z,fine_increment_retention,6.332032816186025,0.7881043109975557,0.7849833763390296,0.7893079183040604
simclr_z,InfoNCE critic space z,fine_increment_retention,6.363535467012821,0.7930357518038289,0.7899490861826917,0.7942277945492844
simclr_z,InfoNCE critic space z,fine_increment_retention,6.395038117839618,0.7979671926101022,0.7949147960263541,0.7991476707945083
simclr_z,InfoNCE critic space z,fine_increment_retention,6.426540768666413,0.8028986334163755,0.7998805058700161,0.8040675470397322
simclr_z,InfoNCE critic space z,fine_increment_retention,6.45804341949321,0.8078300742226487,0.8048462157136784,0.8089874232849561
simclr_z,InfoNCE critic space z,fine_increment_retention,6.489546070320006,0.8127615150289219,0.8098119255573405,0.81390729953018
simclr_z,InfoNCE critic space z,fine_increment_retention,6.521048721146802,0.8176929558351952,0.8147776354010028,0.818827175775404
simclr_z,InfoNCE critic space z,fine_increment_retention,6.552551371973598,0.8226243966414684,0.819743345244665,0.8237470520206277
simclr_z,InfoNCE critic space z,fine_increment_retention,6.5840540228003945,0.8275558374477416,0.8247090550883273,0.8286669282658516
simclr_z,InfoNCE critic space z,fine_increment_retention,6.61555667362719,0.8324872782540148,0.8296747649319893,0.8335868045110756
simclr_z,InfoNCE critic space z,fine_increment_retention,6.647059324453987,0.8374187190602882,0.8346404747756516,0.8385066807562995
simclr_z,InfoNCE critic space z,fine_increment_retention,6.6785619752807825,0.8423501598665614,0.8396061846193138,0.8434265570015234
simclr_z,InfoNCE critic space z,fine_increment_retention,6.710064626107579,0.8472816006728346,0.844571894462976,0.8483464332467473
simclr_z,InfoNCE critic space z,fine_increment_retention,6.741567276934375,0.8522130414791078,0.8495376043066382,0.8532663094919712
simclr_z,InfoNCE critic space z,fine_increment_retention,6.7730699277611714,0.8571444822853811,0.8545033141503005,0.8581861857371952
simclr_z,InfoNCE critic space z,fine_increment_retention,6.804572578587967,0.8620759230916543,0.8594690239939625,0.8631060619824189
simclr_z,InfoNCE critic space z,fine_increment_retention,6.836075229414764,0.8670073638979277,0.8644347338376248,0.868025938227643
simclr_z,InfoNCE critic space z,fine_increment_retention,6.8675778802415595,0.8719388047042007,0.8694004436812869,0.8729458144728668
simclr_z,InfoNCE critic space z,fine_increment_retention,6.899080531068356,0.8768702455104741,0.8743661535249493,0.8778656907180907
simclr_z,InfoNCE critic space z,fine_increment_retention,6.930583181895152,0.8818016863167473,0.8793318633686114,0.8827855669633146
simclr_z,InfoNCE critic space z,fine_increment_retention,6.962085832721948,0.8867331271230205,0.8842975732122736,0.8877054432085385
simclr_z,InfoNCE critic space z,fine_increment_retention,6.993588483548744,0.8916645679292937,0.8892632830559358,0.8926253194537624
simclr_z,InfoNCE critic space z,fine_increment_retention,7.025091134375541,0.896596008735567,0.894228992899598,0.8975451956989864
simclr_z,InfoNCE critic space z,fine_increment_retention,7.056593785202336,0.9015274495418402,0.8991947027432602,0.9024650719442102
simclr_z,InfoNCE critic space z,fine_increment_retention,7.088096436029133,0.9064838595568894,0.9041943482438092,0.9073899420311893
simclr_z,InfoNCE critic space z,fine_increment_retention,7.119599086855929,0.9124032278626354,0.9102736839866942,0.9131592479476272
simclr_z,InfoNCE critic space z,fine_increment_retention,7.151101737682725,0.9183225961683817,0.9163530197295794,0.9190301865473998
simclr_z,InfoNCE critic space z,fine_increment_retention,7.182604388509521,0.9242419644741278,0.9224323554724644,0.9249011251471722
simclr_z,InfoNCE critic space z,fine_increment_retention,7.214107039336318,0.930161332779874,0.9285116912153495,0.9307720637469447
simclr_z,InfoNCE critic space z,fine_increment_retention,7.245609690163113,0.9360807010856201,0.9345910269582345,0.936643002346717
simclr_z,InfoNCE critic space z,fine_increment_retention,7.27711234098991,0.9420000693913664,0.9406703627011196,0.9425139409464895
simclr_z,InfoNCE critic space z,fine_increment_retention,7.308614991816706,0.9479194376971125,0.9467496984440046,0.9483848795462619
simclr_z,InfoNCE critic space z,fine_increment_retention,7.340117642643502,0.9538388060028588,0.9528290341868897,0.9542558181460344
simclr_z,InfoNCE critic space z,fine_increment_retention,7.371620293470298,0.9597581743086048,0.9589083699297747,0.9601267567458069
simclr_z,InfoNCE critic space z,fine_increment_retention,7.4031229442970945,0.9657931823215786,0.9651124259217694,0.9660730082794147
simclr_z,InfoNCE critic space z,fine_increment_retention,7.43462559512389,0.9720662232654421,0.9716039531800232,0.9722255722818636
simclr_z,InfoNCE critic space z,fine_increment_retention,7.466128245950687,0.9783392642093057,0.9780954804382773,0.9783781362843127
simclr_z,InfoNCE critic space z,fine_increment_retention,7.4976308967774825,0.9845806833323717,0.9845243759226021,0.9846059807890097
simclr_z,InfoNCE critic space z,fine_increment_retention,7.529133547604278,0.9906571686194191,0.9904557368175911,0.9907340921685878
simclr_h,SimCLR encoder h,coarse_retention,0.0,1.7215683724886103e-16,1.7215683724886103e-16,1.7215683724886103e-16
simclr_h,SimCLR encoder h,coarse_retention,0.031502650826796146,0.0024158684770763726,0.0023493234676425227,0.002429792425771297
simclr_h,SimCLR encoder h,coarse_retention,0.06300530165359229,0.005087621130741483,0.004965264985516692,0.005114592450993286
simclr_h,SimCLR encoder h,coarse_retention,0.09450795248038843,0.007870226235553964,0.007693906785088637,0.00791391310085009
simclr_h,SimCLR encoder h,coarse_retention,0.12601060330718458,0.010734780525002006,0.01051694367378464,0.01078539956645285
simclr_h,SimCLR encoder h,coarse_retention,0.15751325413398073,0.013755407768613545,0.013494377605621015,0.013819330157899688
simclr_h,SimCLR encoder h,coarse_retention,0.18901590496077686,0.01677603501222508,0.016471811537457387,0.01685326074934652
simclr_h,SimCLR encoder h,coarse_retention,0.220518555787573,0.01979666225583662,0.019449245469293764,0.019887191340793354
simclr_h,SimCLR encoder h,coarse_retention,0.25202120661436916,0.02281728949944816,0.022426679401130137,0.02292112193224019
simclr_h,SimCLR encoder h,coarse_retention,0.2835238574411653,0.0258379167430597,0.02540411333296651,0.02595505252368703
simclr_h,SimCLR encoder h,coarse_retention,0.31502650826796147,0.028980306786096796,0.028538844833986287,0.029087111762307088
simclr_h,SimCLR encoder h,coarse_retention,0.3465291590947576,0.03231835094174809,0.03184504419745024,0.03242525028821862
simclr_h,SimCLR encoder h,coarse_retention,0.3780318099215537,0.03565639509739938,0.035151243560914196,0.03576338881413013
simclr_h,SimCLR encoder h,coarse_retention,0.40953446074834987,0.038994439253050676,0.038457442924378145,0.03910152734004166
simclr_h,SimCLR encoder h,coarse_retention,0.441037111575146,0.04233248340870197,0.041763642287842094,0.04243966586595318
simclr_h,SimCLR encoder h,coarse_retention,0.4725397624019422,0.04567052756435327,0.04506984165130604,0.045777804391864706
simclr_h,SimCLR encoder h,coarse_retention,0.5040424132287383,0.049008571720004564,0.04837604101477,0.04911594291777623
simclr_h,SimCLR encoder h,coarse_retention,0.5355450640555345,0.05234661587565586,0.051682240378233955,0.05245408144368775
simclr_h,SimCLR encoder h,coarse_retention,0.5670477148823306,0.055684660031307155,0.05498843974169791,0.05579221996959928
simclr_h,SimCLR encoder h,coarse_retention,0.5985503657091268,0.05902270418695845,0.05829463910516187,0.0591303584955108
simclr_h,SimCLR encoder h,coarse_retention,0.6300530165359229,0.06236074834260975,0.06160083846862582,0.062468497021422334
simclr_h,SimCLR encoder h,coarse_retention,0.6615556673627191,0.06569879249826105,0.06490703783208977,0.06580663554733386
simclr_h,SimCLR encoder h,coarse_retention,0.6930583181895152,0.06903683665391233,0.06821323719555372,0.06914477407324537
simclr_h,SimCLR encoder h,coarse_retention,0.7245609690163114,0.07237488080956364,0.07151943655901767,0.0724829125991569
simclr_h,SimCLR encoder h,coarse_retention,0.7560636198431074,0.07571292496521492,0.07482563592248162,0.07582105112506841
simclr_h,SimCLR encoder h,coarse_retention,0.7875662706699036,0.0790509691208662,0.07813183528594557,0.07915918965097994
simclr_h,SimCLR encoder h,coarse_retention,0.8190689214966997,0.08238901327651751,0.08143803464940952,0.08249732817689147
simclr_h,SimCLR encoder h,coarse_retention,0.8505715723234959,0.0857270574321688,0.08474423401287348,0.08583546670280298
simclr_h,SimCLR encoder h,coarse_retention,0.882074223150292,0.0890651015878201,0.08805043337633743,0.08917360522871451
simclr_h,SimCLR encoder h,coarse_retention,0.9135768739770882,0.09240314574347139,0.09135663273980138,0.09251174375462605
simclr_h,SimCLR encoder h,coarse_retention,0.9450795248038844,0.09597698790561766,0.09501452609829157,0.09608490505281188
simclr_h,SimCLR encoder h,coarse_retention,0.9765821756306805,0.09985428332826536,0.098871068871929,0.09994761030933635
simclr_h,SimCLR encoder h,coarse_retention,1.0080848264574767,0.10373157875091304,0.10272761164556643,0.10381031556586084
simclr_h,SimCLR encoder h,coarse_retention,1.0395874772842728,0.10760887417356074,0.10658415441920385,0.10767302082238533
simclr_h,SimCLR encoder h,coarse_retention,1.071090128111069,0.11148616959620843,0.11044069719284129,0.11153572607890981
simclr_h,SimCLR encoder h,coarse_retention,1.1025927789378651,0.11536346501885611,0.11429723996647873,0.1153984313354343
simclr_h,SimCLR encoder h,coarse_retention,1.1340954297646613,0.1192407604415038,0.11815378274011615,0.11926113659195878
simclr_h,SimCLR encoder h,coarse_retention,1.1655980805914574,0.1231180558641515,0.12201032551375358,0.12312384184848327
simclr_h,SimCLR encoder h,coarse_retention,1.1971007314182536,0.12698434605955988,0.12586466724194315,0.12699315024135133
simclr_h,SimCLR encoder h,coarse_retention,1.2286033822450497,0.13084340377455356,0.12971756247404978,0.1308667981224682
simclr_h,SimCLR encoder h,coarse_retention,1.2601060330718459,0.13470246148954726,0.13357045770615641,0.13474044600358512
simclr_h,SimCLR encoder h,coarse_retention,1.291608683898642,0.13856151920454093,0.13742335293826305,0.138614093884702
simclr_h,SimCLR encoder h,coarse_retention,1.3231113347254382,0.14242057691953464,0.14127624817036966,0.1424877417658189
simclr_h,SimCLR encoder h,coarse_retention,1.3546139855522343,0.1462796346345283,0.14512914340247632,0.14636138964693576
simclr_h,SimCLR encoder h,coarse_retention,1.3861166363790305,0.15013869234952198,0.14898203863458293,0.15023503752805267
simclr_h,SimCLR encoder h,coarse_retention,1.4176192872058266,0.15399775006451566,0.15283493386668956,0.15410868540916953
simclr_h,SimCLR encoder h,coarse_retention,1.4491219380326228,0.15785680777950936,0.1566878290987962,0.15798233329028644
simclr_h,SimCLR encoder h,coarse_retention,1.480624588859419,0.16171586549450304,0.1605407243309028,0.16185598117140332
simclr_h,SimCLR encoder h,coarse_retention,1.5121272396862149,0.16557492320949668,0.16439361956300944,0.1657296290525202
simclr_h,SimCLR encoder h,coarse_retention,1.543629890513011,0.16943398092449038,0.16824651479511607,0.16960327693363705
simclr_h,SimCLR encoder h,coarse_retention,1.5751325413398072,0.17329303863948406,0.17209941002722268,0.17347692481475396
simclr_h,SimCLR encoder h,coarse_retention,1.6066351921666033,0.17715209635447776,0.1759523052593293,0.17735057269587085
simclr_h,SimCLR encoder h,coarse_retention,1.6381378429933995,0.18101115406947144,0.17980520049143595,0.18122422057698775
simclr_h,SimCLR encoder h,coarse_retention,1.6696404938201956,0.1848702117844651,0.18365809572354255,0.18509786845810464
simclr_h,SimCLR encoder h,coarse_retention,1.7011431446469918,0.18872926949945878,0.1875109909556492,0.18897151633922152
simclr_h,SimCLR encoder h,coarse_retention,1.732645795473788,0.19258832721445246,0.19136388618775582,0.1928451642203384
simclr_h,SimCLR encoder h,coarse_retention,1.764148446300584,0.19644738492944616,0.19521678141986246,0.19671881210145528
simclr_h,SimCLR encoder h,coarse_retention,1.7956510971273802,0.20030644264443986,0.1990696766519691,0.2005924599825722
simclr_h,SimCLR encoder h,coarse_retention,1.8271537479541764,0.20416550035943354,0.20292257188407573,0.20446610786368907
simclr_h,SimCLR encoder h,coarse_retention,1.8586563987809726,0.2080245580744272,0.20677546711618236,0.20833975574480595
simclr_h,SimCLR encoder h,coarse_retention,1.8901590496077687,0.2118836157894209,0.21062836234828897,0.21221340362592286
simclr_h,SimCLR encoder h,coarse_retention,1.9216617004345649,0.21574267350441456,0.2144812575803956,0.21608705150703975
simclr_h,SimCLR encoder h,coarse_retention,1.953164351261361,0.21960173121940826,0.21833415281250226,0.21996069938815663
simclr_h,SimCLR encoder h,coarse_retention,1.9846670020881572,0.22346078893440194,0.22218704804460887,0.2238343472692735
simclr_h,SimCLR encoder h,coarse_retention,2.0161696529149533,0.2273198466493956,0.2260399432767155,0.22770799515039042
simclr_h,SimCLR encoder h,coarse_retention,2.0476723037417495,0.23117890436438931,0.22989283850882214,0.2315816430315073
simclr_h,SimCLR encoder h,coarse_retention,2.0791749545685456,0.235037962079383,0.23374573374092875,0.23545529091262418
simclr_h,SimCLR encoder h,coarse_retention,2.1106776053953418,0.23889701979437666,0.2375986289730354,0.23932893879374106
simclr_h,SimCLR encoder h,coarse_retention,2.142180256222138,0.24275607750937037,0.24145152420514202,0.24320258667485797
simclr_h,SimCLR encoder h,coarse_retention,2.173682907048934,0.24661513522436404,0.24530441943724865,0.24707623455597486
simclr_h,SimCLR encoder h,coarse_retention,2.2051855578757302,0.2504741929393577,0.24915731466935526,0.25094988243709176
simclr_h,SimCLR encoder h,coarse_retention,2.2366882087025264,0.2543332506543514,0.2530102099014619,0.25482353031820865
simclr_h,SimCLR encoder h,coarse_retention,2.2681908595293225,0.2581923083693451,0.2568631051335685,0.25869717819932553
simclr_h,SimCLR encoder h,coarse_retention,2.2996935103561187,0.26205136608433877,0.26071600036567516,0.2625708260804424
simclr_h,SimCLR encoder h,coarse_retention,2.331196161182915,0.2659104237993325,0.2645688955977818,0.2664444739615593
simclr_h,SimCLR encoder h,coarse_retention,2.362698812009711,0.2697694815143261,0.2684217908298884,0.2703181218426762
simclr_h,SimCLR encoder h,coarse_retention,2.394201462836507,0.27362853922931984,0.272274686061995,0.27419176972379306
simclr_h,SimCLR encoder h,coarse_retention,2.4257041136633033,0.2774875969443135,0.27612758129410164,0.27806541760490994
simclr_h,SimCLR encoder h,coarse_retention,2.4572067644900994,0.2813466546593072,0.27998047652620833,0.2819390654860268
simclr_h,SimCLR encoder h,coarse_retention,2.4887094153168956,0.28520571237430087,0.28383337175831497,0.2858127133671437
simclr_h,SimCLR encoder h,coarse_retention,2.5202120661436918,0.28906477008929454,0.28768626699042155,0.28968636124826064
simclr_h,SimCLR encoder h,coarse_retention,2.551714716970488,0.2929238278042883,0.2915391622225282,0.2935600091293775
simclr_h,SimCLR encoder h,coarse_retention,2.583217367797284,0.2967828855192819,0.2953920574546348,0.2974336570104944
simclr_h,SimCLR encoder h,coarse_retention,2.61472001862408,0.3006419432342756,0.2992449526867415,0.3013073048916113
simclr_h,SimCLR encoder h,coarse_retention,2.6462226694508764,0.3045010009492693,0.30309784791884814,0.3051809527727282
simclr_h,SimCLR encoder h,coarse_retention,2.6777253202776725,0.30836005866426297,0.3069507431509547,0.3090546006538451
simclr_h,SimCLR encoder h,coarse_retention,2.7092279711044687,0.31221911637925664,0.31080363838306135,0.312928248534962
simclr_h,SimCLR encoder h,coarse_retention,2.740730621931265,0.3160781740942503,0.314656533615168,0.3168018964160788
simclr_h,SimCLR encoder h,coarse_retention,2.772233272758061,0.31993723180924405,0.3185094288472746,0.32067554429719575
simclr_h,SimCLR encoder h,coarse_retention,2.803735923584857,0.32379628952423767,0.32236232407938126,0.32454919217831263
simclr_h,SimCLR encoder h,coarse_retention,2.8352385744116533,0.3276553472392314,0.3262152193114879,0.3284228400594295
simclr_h,SimCLR encoder h,coarse_retention,2.8667412252384494,0.3315144049542251,0.33006811454359447,0.3322964879405464
simclr_h,SimCLR encoder h,coarse_retention,2.8982438760652456,0.33537346266921875,0.3339210097757011,0.3361701358216633
simclr_h,SimCLR encoder h,coarse_retention,2.9297465268920417,0.3392325203842125,0.33777390500780774,0.34004378370278016
simclr_h,SimCLR encoder h,coarse_retention,2.961249177718838,0.34318954147708186,0.34164639291548954,0.3439370242594722
simclr_h,SimCLR encoder h,coarse_retention,2.992751828545634,0.34773728989810376,0.3459482888306241,0.3481909527638206
simclr_h,SimCLR encoder h,coarse_retention,3.0242544793724297,0.35228503831912567,0.35050243853522384,0.35275193178564274
simclr_h,SimCLR encoder h,coarse_retention,3.055757130199226,0.35683278674014757,0.3550565882398236,0.35731291080746486
simclr_h,SimCLR encoder h,coarse_retention,3.087259781026022,0.3613805351611695,0.3596107379444234,0.36187388982928703
simclr_h,SimCLR encoder h,coarse_retention,3.118762431852818,0.3659282835821914,0.36416488764902316,0.3664348688511092
simclr_h,SimCLR encoder h,coarse_retention,3.1502650826796144,0.37047603200321333,0.36871903735362294,0.3709958478729314
simclr_h,SimCLR encoder h,coarse_retention,3.1817677335064105,0.3750237804242353,0.3732731870582227,0.3755568268947536
simclr_h,SimCLR encoder h,coarse_retention,3.2132703843332067,0.3795715288452572,0.3778273367628225,0.38011780591657574
simclr_h,SimCLR encoder h,coarse_retention,3.244773035160003,0.38411927726627915,0.3823814864674223,0.3846787849383979
simclr_h,SimCLR encoder h,coarse_retention,3.276275685986799,0.38866702568730105,0.3869356361720221,0.3892397639602201
simclr_h,SimCLR encoder h,coarse_retention,3.307778336813595,0.393214774108323,0.39148978587662187,0.39380074298204226
simclr_h,SimCLR encoder h,coarse_retention,3.3392809876403913,0.3977625225293449,0.39604393558122164,0.3983617220038644
simclr_h,SimCLR encoder h,coarse_retention,3.3707836384671874,0.40231027095036687,0.4005980852858214,0.4029227010256866
simclr_h,SimCLR encoder h,coarse_retention,3.4022862892939836,0.40685801937138877,0.40515223499042113,0.4074836800475088
simclr_h,SimCLR encoder h,coarse_retention,3.4337889401207797,0.41140576779241067,0.4097063846950209,0.41204465906933097
simclr_h,SimCLR encoder h,coarse_retention,3.465291590947576,0.41595351621343263,0.4142605343996207,0.41660563809115314
simclr_h,SimCLR encoder h,coarse_retention,3.496794241774372,0.4205012646344546,0.4188146841042205,0.4211666171129753
simclr_h,SimCLR encoder h,coarse_retention,3.528296892601168,0.4250490130554765,0.4233688338088203,0.42572759613479744
simclr_h,SimCLR encoder h,coarse_retention,3.5597995434279643,0.4295967614764984,0.42792298351342006,0.4302885751566196
simclr_h,SimCLR encoder h,coarse_retention,3.5913021942547605,0.43414450989752035,0.43247713321801984,0.4348495541784418
simclr_h,SimCLR encoder h,coarse_retention,3.6228048450815566,0.43869225831854225,0.4370312829226196,0.43941053320026396
simclr_h,SimCLR encoder h,coarse_retention,3.654307495908353,0.4432400067395642,0.4415854326272194,0.44397151222208614
simclr_h,SimCLR encoder h,coarse_retention,3.685810146735149,0.4477877551605861,0.44613958233181916,0.4485324912439083
simclr_h,SimCLR encoder h,coarse_retention,3.717312797561945,0.45233550358160807,0.45069373203641894,0.4530934702657305
simclr_h,SimCLR encoder h,coarse_retention,3.7488154483887413,0.45688325200262997,0.4552478817410187,0.45765444928755267
simclr_h,SimCLR encoder h,coarse_retention,3.7803180992155374,0.4614310004236519,0.4598020314456185,0.46221542830937484
simclr_h,SimCLR encoder h,coarse_retention,3.8118207500423336,0.46597874884467383,0.46435618115021826,0.46677640733119696
simclr_h,SimCLR encoder h,coarse_retention,3.8433234008691297,0.47052649726569573,0.46891033085481804,0.47133738635301914
simclr_h,SimCLR encoder h,coarse_retention,3.874826051695926,0.4750742456867177,0.4734644805594178,0.47589836537484137
simclr_h,SimCLR encoder h,coarse_retention,3.906328702522722,0.47962199410773965,0.4780186302640176,0.4804593443966635
simclr_h,SimCLR encoder h,coarse_retention,3.937831353349518,0.48416974252876155,0.48257277996861736,0.48502032341848567
simclr_h,SimCLR encoder h,coarse_retention,3.9693340041763143,0.48871749094978345,0.48712692967321713,0.48958130244030784
simclr_h,SimCLR encoder h,coarse_retention,4.000836655003111,0.49326523937080546,0.491681079377817,0.4941422814621301
simclr_h,SimCLR encoder h,coarse_retention,4.032339305829907,0.4978129877918273,0.4962352290824167,0.4987032604839522
simclr_h,SimCLR encoder h,coarse_retention,4.063841956656702,0.5023607362128492,0.5007893787870165,0.5032642395057743
simclr_h,SimCLR encoder h,coarse_retention,4.095344607483499,0.5069084846338712,0.5053435284916162,0.5078252185275965
simclr_h,SimCLR encoder h,coarse_retention,4.126847258310295,0.5114562330548931,0.509897678196216,0.5123861975494186
simclr_h,SimCLR encoder h,coarse_retention,4.158349909137091,0.516003981475915,0.5144518279008158,0.5169471765712408
simclr_h,SimCLR encoder h,coarse_retention,4.189852559963887,0.5205517298969369,0.5190059776054154,0.521508155593063
simclr_h,SimCLR encoder h,coarse_retention,4.2213552107906835,0.5250994783179589,0.5235601273100153,0.5260691346148852
simclr_h,SimCLR encoder h,coarse_retention,4.252857861617479,0.5296472267389807,0.528114277014615,0.5306301136367073
simclr_h,SimCLR encoder h,coarse_retention,4.284360512444276,0.5341949751600028,0.532668426719215,0.5351910926585296
simclr_h,SimCLR encoder h,coarse_retention,4.315863163271072,0.5387427235810246,0.5372225764238147,0.5397520716803517
simclr_h,SimCLR encoder h,coarse_retention,4.347365814097868,0.5432904720020466,0.5417767261284145,0.544313050702174
simclr_h,SimCLR encoder h,coarse_retention,4.378868464924664,0.5478382204230685,0.5463308758330142,0.548874029723996
simclr_h,SimCLR encoder h,coarse_retention,4.4103711157514605,0.5523859688440904,0.5508850255376141,0.5534350087458183
simclr_h,SimCLR encoder h,coarse_retention,4.441873766578256,0.5569337172651123,0.5554391752422138,0.5579959877676404
simclr_h,SimCLR encoder h,coarse_retention,4.473376417405053,0.5614814656861343,0.5599933249468136,0.5625569667894627
simclr_h,SimCLR encoder h,coarse_retention,4.5048790682318485,0.5660292141071561,0.5645474746514133,0.5671179458112847
simclr_h,SimCLR encoder h,coarse_retention,4.536381719058645,0.5705769625281781,0.5691016243560132,0.5716789248331069
simclr_h,SimCLR encoder h,coarse_retention,4.567884369885441,0.5751247109492,0.5736557740606129,0.5762399038549291
simclr_h,SimCLR encoder h,coarse_retention,4.599387020712237,0.579672459370222,0.5782099237652127,0.5808008828767512
simclr_h,SimCLR encoder h,coarse_retention,4.630889671539033,0.5842202077912438,0.5827640734698124,0.5853618618985733
simclr_h,SimCLR encoder h,coarse_retention,4.66239232236583,0.5887679562122659,0.5873182231744123,0.5899228409203956
simclr_h,SimCLR encoder h,coarse_retention,4.693894973192625,0.5933157046332878,0.591872372879012,0.5944838199422178
simclr_h,SimCLR encoder h,coarse_retention,4.725397624019422,0.5978634530543097,0.5964265225836118,0.59904479896404
simclr_h,SimCLR encoder h,coarse_retention,4.756900274846218,0.6024112014753316,0.6009806722882115,0.6036057779858621
simclr_h,SimCLR encoder h,coarse_retention,4.788402925673014,0.6069589498963536,0.6055348219928114,0.6081667570076843
simclr_h,SimCLR encoder h,coarse_retention,4.81990557649981,0.6115066983173754,0.610088971697411,0.6127277360295064
simclr_h,SimCLR encoder h,coarse_retention,4.851408227326607,0.6160544467383975,0.6146431214020109,0.6172887150513287
simclr_h,SimCLR encoder h,coarse_retention,4.882910878153402,0.6206021951594193,0.6191972711066106,0.6218496940731507
simclr_h,SimCLR encoder h,coarse_retention,4.914413528980199,0.6251499435804413,0.6237514208112105,0.626410673094973
simclr_h,SimCLR encoder h,coarse_retention,4.945916179806995,0.6296976920014632,0.6283055705158102,0.6309716521167951
simclr_h,SimCLR encoder h,coarse_retention,4.977418830633791,0.6342454404224851,0.63285972022041,0.6355326311386174
simclr_h,SimCLR encoder h,coarse_retention,5.008921481460587,0.638793188843507,0.6374138699250097,0.6400936101604394
simclr_h,SimCLR encoder h,coarse_retention,5.0404241322873835,0.643340937264529,0.6419680196296096,0.6446545891822617
simclr_h,SimCLR encoder h,coarse_retention,5.071926783114179,0.6478886856855508,0.6465221693342093,0.6492155682040838
simclr_h,SimCLR encoder h,coarse_retention,5.103429433940976,0.6524364341065729,0.6510763190388091,0.6537765472259061
simclr_h,SimCLR encoder h,coarse_retention,5.1349320847677715,0.6569841825275947,0.6556304687434088,0.6583375262477281
simclr_h,SimCLR encoder h,coarse_retention,5.166434735594568,0.6615319309486167,0.6601846184480087,0.6628985052695504
simclr_h,SimCLR encoder h,coarse_retention,5.197937386421364,0.6660796793696386,0.6647387681526084,0.6674594842913726
simclr_h,SimCLR encoder h,coarse_retention,5.22944003724816,0.6706274277906605,0.6692929178572082,0.6720204633131948
simclr_h,SimCLR encoder h,coarse_retention,5.260942688074956,0.6751751762116824,0.6738470675618079,0.6765814423350169
simclr_h,SimCLR encoder h,coarse_retention,5.292445338901753,0.6797229246327043,0.6784012172664078,0.681142421356839
simclr_h,SimCLR encoder h,coarse_retention,5.323947989728548,0.6842706730537262,0.6829553669710074,0.6857034003786612
simclr_h,SimCLR encoder h,coarse_retention,5.355450640555345,0.6888184214747483,0.6875095166756073,0.6902643794004834
simclr_h,SimCLR encoder h,coarse_retention,5.386953291382141,0.6933661698957702,0.692063666380207,0.6948253584223055
simclr_h,SimCLR encoder h,coarse_retention,5.418455942208937,0.6979139183167922,0.6966178160848069,0.6993863374441277
simclr_h,SimCLR encoder h,coarse_retention,5.449958593035733,0.702461666737814,0.7011719657894065,0.7039473164659498
simclr_h,SimCLR encoder h,coarse_retention,5.48146124386253,0.707009415158836,0.7057261154940064,0.708508295487772
simclr_h,SimCLR encoder h,coarse_retention,5.512963894689325,0.7115571635798579,0.7102802651986062,0.7130692745095941
simclr_h,SimCLR encoder h,coarse_retention,5.544466545516122,0.7161049120008798,0.714834414903206,0.7176302535314164
simclr_h,SimCLR encoder h,coarse_retention,5.575969196342918,0.7206526604219017,0.7193885646078058,0.7221912325532385
simclr_h,SimCLR encoder h,coarse_retention,5.607471847169714,0.7252004088429237,0.7239427143124055,0.7267522115750608
simclr_h,SimCLR encoder h,coarse_retention,5.63897449799651,0.7297481572639455,0.7284968640170053,0.7313131905968828
simclr_h,SimCLR encoder h,coarse_retention,5.670477148823307,0.7342959056849676,0.7330510137216051,0.7358741696187052
simclr_h,SimCLR encoder h,coarse_retention,5.701979799650102,0.7388436541059894,0.7376051634262049,0.7404351486405273
simclr_h,SimCLR encoder h,coarse_retention,5.733482450476899,0.7433914025270114,0.7421593131308046,0.7449961276623496
simclr_h,SimCLR encoder h,coarse_retention,5.764985101303695,0.7479391509480333,0.7467134628354044,0.7495571066841716
simclr_h,SimCLR encoder h,coarse_retention,5.796487752130491,0.7524868993690552,0.7512676125400042,0.7541180857059938
simclr_h,SimCLR encoder h,coarse_retention,5.827990402957287,0.7570346477900771,0.755821762244604,0.758679064727816
simclr_h,SimCLR encoder h,coarse_retention,5.8594930537840835,0.761582396211099,0.7603759119492037,0.7632400437496382
simclr_h,SimCLR encoder h,coarse_retention,5.890995704610879,0.7661301446321209,0.7649300616538035,0.7678010227714602
simclr_h,SimCLR encoder h,coarse_retention,5.922498355437676,0.7706778930531429,0.7694842113584033,0.7723620017932824
simclr_h,SimCLR encoder h,coarse_retention,5.9540010062644715,0.7752256414741648,0.774038361063003,0.7769229808151046
simclr_h,SimCLR encoder h,coarse_retention,5.985503657091268,0.7797733898951869,0.7785925107676028,0.7814839598369268
simclr_h,SimCLR encoder h,coarse_retention,6.017006307918064,0.7844874234190798,0.7831799174927768,0.7860911016786909
simclr_h,SimCLR encoder h,coarse_retention,6.0485089587448595,0.7893131498102475,0.7879283453076816,0.7908944309679257
simclr_h,SimCLR encoder h,coarse_retention,6.080011609571656,0.7941388762014153,0.7927602041452865,0.7956977602571607
simclr_h,SimCLR encoder h,coarse_retention,6.111514260398452,0.7989646025925831,0.7975920629828913,0.8005010895463954
simclr_h,SimCLR encoder h,coarse_retention,6.143016911225248,0.8037903289837509,0.8024239218204962,0.8053044188356305
simclr_h,SimCLR encoder h,coarse_retention,6.174519562052044,0.8086160553749187,0.8072557806581009,0.8101077481248653
simclr_h,SimCLR encoder h,coarse_retention,6.206022212878841,0.8134417817660865,0.8120876394957058,0.8149110774141003
simclr_h,SimCLR encoder h,coarse_retention,6.237524863705636,0.8182675081572541,0.8169194983333106,0.8197144067033351
simclr_h,SimCLR encoder h,coarse_retention,6.269027514532433,0.8230932345484221,0.8217513571709154,0.8245177359925702
simclr_h,SimCLR encoder h,coarse_retention,6.300530165359229,0.8279189609395897,0.8265832160085201,0.8293210652818049
simclr_h,SimCLR encoder h,coarse_retention,6.332032816186025,0.8327446873307576,0.8314150748461251,0.8341243945710399
simclr_h,SimCLR encoder h,coarse_retention,6.363535467012821,0.8375704137219253,0.8362469336837298,0.8389277238602748
simclr_h,SimCLR encoder h,coarse_retention,6.395038117839618,0.8423961401130932,0.8410787925213347,0.8437310531495098
simclr_h,SimCLR encoder h,coarse_retention,6.426540768666413,0.8472218665042609,0.8459106513589394,0.8485343824387447
simclr_h,SimCLR encoder h,coarse_retention,6.45804341949321,0.8520475928954288,0.8507425101965443,0.8533377117279796
simclr_h,SimCLR encoder h,coarse_retention,6.489546070320006,0.8568733192865964,0.8555743690341491,0.8581410410172144
simclr_h,SimCLR encoder h,coarse_retention,6.521048721146802,0.8616990456777642,0.860406227871754,0.8629443703064494
simclr_h,SimCLR encoder h,coarse_retention,6.552551371973598,0.866524772068932,0.8652380867093588,0.8677476995956843
simclr_h,SimCLR encoder h,coarse_retention,6.5840540228003945,0.8713504984600998,0.8700699455469636,0.8725510288849192
simclr_h,SimCLR encoder h,coarse_retention,6.61555667362719,0.8761762248512676,0.8749018043845683,0.8773543581741542
simclr_h,SimCLR encoder h,coarse_retention,6.647059324453987,0.8810019512424354,0.8797336632221733,0.8821576874633891
simclr_h,SimCLR encoder h,coarse_retention,6.6785619752807825,0.8858276776336031,0.884565522059778,0.886961016752624
simclr_h,SimCLR encoder h,coarse_retention,6.710064626107579,0.8906534040247709,0.8893973808973828,0.891764346041859
simclr_h,SimCLR encoder h,coarse_retention,6.741567276934375,0.8954791304159386,0.8942292397349876,0.8965676753310938
simclr_h,SimCLR encoder h,coarse_retention,6.7730699277611714,0.9003048568071065,0.8990610985725925,0.9013710046203287
simclr_h,SimCLR encoder h,coarse_retention,6.804572578587967,0.9051305831982742,0.9038929574101973,0.9061743339095636
simclr_h,SimCLR encoder h,coarse_retention,6.836075229414764,0.9099563095894421,0.9087248162478021,0.9109776631987985
simclr_h,SimCLR encoder h,coarse_retention,6.8675778802415595,0.9147820359806098,0.9135566750854068,0.9157809924880335
simclr_h,SimCLR encoder h,coarse_retention,6.899080531068356,0.9196077623717777,0.9183885339230118,0.9205843217772683
simclr_h,SimCLR encoder h,coarse_retention,6.930583181895152,0.9244334887629453,0.9232203927606165,0.9253876510665032
simclr_h,SimCLR encoder h,coarse_retention,6.962085832721948,0.9292592151541132,0.9280522515982215,0.9301909803557382
simclr_h,SimCLR encoder h,coarse_retention,6.993588483548744,0.9340849415452809,0.9328841104358262,0.9349943096449731
simclr_h,SimCLR encoder h,coarse_retention,7.025091134375541,0.9389106679364487,0.937715969273431,0.939797638934208
simclr_h,SimCLR encoder h,coarse_retention,7.056593785202336,0.9437363943276165,0.9425478281110358,0.9446009682234429
simclr_h,SimCLR encoder h,coarse_retention,7.088096436029133,0.9485621207187843,0.9473796869486407,0.9494042975126779
simclr_h,SimCLR encoder h,coarse_retention,7.119599086855929,0.953387847109952,0.9522115457862455,0.9542076268019127
simclr_h,SimCLR encoder h,coarse_retention,7.151101737682725,0.9582135735011199,0.9570434046238503,0.9590109560911477
simclr_h,SimCLR encoder h,coarse_retention,7.182604388509521,0.9630392998922875,0.961875263461455,0.9638142853803825
simclr_h,SimCLR encoder h,coarse_retention,7.214107039336318,0.9672703129939303,0.9665518273058332,0.9679125897973219
simclr_h,SimCLR encoder h,coarse_retention,7.245609690163113,0.9707943458731997,0.9700781663377794,0.971352449419609
simclr_h,SimCLR encoder h,coarse_retention,7.27711234098991,0.9743183787524691,0.9736045053697255,0.9747923090418962
simclr_h,SimCLR encoder h,coarse_retention,7.308614991816706,0.9778424116317385,0.9771308444016716,0.9782321686641834
simclr_h,SimCLR encoder h,coarse_retention,7.340117642643502,0.9813664445110079,0.9806571834336177,0.9816720282864706
simclr_h,SimCLR encoder h,coarse_retention,7.371620293470298,0.9848904773902771,0.9841835224655638,0.9851118879087577
simclr_h,SimCLR encoder h,coarse_retention,7.4031229442970945,0.9884145102695466,0.98770986149751,0.988551747531045
simclr_h,SimCLR encoder h,coarse_retention,7.43462559512389,0.9919385431488159,0.9912362005294562,0.9919916071533321
simclr_h,SimCLR encoder h,coarse_retention,7.466128245950687,0.9952987017645549,0.9947297647086961,0.9953641762114288
simclr_h,SimCLR encoder h,coarse_retention,7.4976308967774825,0.9968490141329704,0.9966446076359626,0.9969315641209108
simclr_h,SimCLR encoder h,coarse_retention,7.529133547604278,0.9983993265013861,0.998256500496675,0.9984989520303929
simclr_h,SimCLR encoder h,fine_retention,0.0,2.5999141471027268e-17,2.5999141471027268e-17,2.5999141471027268e-17
simclr_h,SimCLR encoder h,fine_retention,0.031502650826796146,0.002483638065237998,0.0024330196663068997,0.0024992930874029456
simclr_h,SimCLR encoder h,fine_retention,0.06300530165359229,0.005243043915566735,0.005151112358308851,0.005271593341015374
simclr_h,SimCLR encoder h,fine_retention,0.09450795248038843,0.00812825659054989,0.007995801085573951,0.00817262971875333
simclr_h,SimCLR encoder h,fine_retention,0.12601060330718458,0.011110723189162579,0.010951387782887852,0.011158891280301796
simclr_h,SimCLR encoder h,fine_retention,0.15751325413398073,0.014278410754064969,0.014088428033438011,0.014336950819628231
simclr_h,SimCLR encoder h,fine_retention,0.18901590496077686,0.017446098318967353,0.017225468283988164,0.01751501035895466
simclr_h,SimCLR encoder h,fine_retention,0.220518555787573,0.020613785883869744,0.020362508534538325,0.020693069898281097
simclr_h,SimCLR encoder h,fine_retention,0.25202120661436916,0.023781473448772135,0.023499548785088482,0.023871129437607524
simclr_h,SimCLR encoder h,fine_retention,0.2835238574411653,0.026949161013674523,0.02663658903563864,0.027049188976933963
simclr_h,SimCLR encoder h,fine_retention,0.31502650826796147,0.030244486979892078,0.02993914487843799,0.03033127543761409
simclr_h,SimCLR encoder h,fine_retention,0.3465291590947576,0.033744908248308905,0.033422067516464676,0.033832017483891724
simclr_h,SimCLR encoder h,fine_retention,0.3780318099215537,0.03724532951672573,0.03690499015449135,0.03733275953016935
simclr_h,SimCLR encoder h,fine_retention,0.40953446074834987,0.040745750785142566,0.04038791279251803,0.04083350157644699
simclr_h,SimCLR encoder h,fine_retention,0.441037111575146,0.04424617205355939,0.04387083543054471,0.044334243622724624
simclr_h,SimCLR encoder h,fine_retention,0.4725397624019422,0.04774659332197623,0.047353758068571394,0.04783498566900226
simclr_h,SimCLR encoder h,fine_retention,0.5040424132287383,0.05124701459039306,0.050836680706598074,0.05133572771527989
simclr_h,SimCLR encoder h,fine_retention,0.5355450640555345,0.05474743585880989,0.05431960334462475,0.05483646976155753
simclr_h,SimCLR encoder h,fine_retention,0.5670477148823306,0.058247857127226715,0.05780252598265144,0.05833721180783516
simclr_h,SimCLR encoder h,fine_retention,0.5985503657091268,0.06174827839564355,0.06128544862067811,0.0618379538541128
simclr_h,SimCLR encoder h,fine_retention,0.6300530165359229,0.06524869966406038,0.0647683712587048,0.06533869590039043
simclr_h,SimCLR encoder h,fine_retention,0.6615556673627191,0.0687491209324772,0.06825129389673149,0.06883943794666807
simclr_h,SimCLR encoder h,fine_retention,0.6930583181895152,0.07224954220089404,0.07173421653475816,0.0723401799929457
simclr_h,SimCLR encoder h,fine_retention,0.7245609690163114,0.07574996346931087,0.07521713917278483,0.07584092203922334
simclr_h,SimCLR encoder h,fine_retention,0.7560636198431074,0.07925038473772769,0.07870006181081152,0.07934166408550097
simclr_h,SimCLR encoder h,fine_retention,0.7875662706699036,0.08275080600614451,0.08218298444883819,0.0828424061317786
simclr_h,SimCLR encoder h,fine_retention,0.8190689214966997,0.08625122727456136,0.08566590708686486,0.08634314817805624
simclr_h,SimCLR encoder h,fine_retention,0.8505715723234959,0.08975164854297818,0.08914882972489155,0.08984389022433388
simclr_h,SimCLR encoder h,fine_retention,0.882074223150292,0.093252069811395,0.09263175236291822,0.0933446322706115
simclr_h,SimCLR encoder h,fine_retention,0.9135768739770882,0.09675249107981185,0.09611467500094491,0.09684537431688915
simclr_h,SimCLR encoder h,fine_retention,0.9450795248038844,0.10044020455170309,0.09987880356603857,0.10053457927558493
simclr_h,SimCLR encoder h,fine_retention,0.9765821756306805,0.10436894817756222,0.10380155952124791,0.10445594261949927
simclr_h,SimCLR encoder h,fine_retention,1.0080848264574767,0.10829769180342133,0.10772431547645722,0.1083773059634136
simclr_h,SimCLR encoder h,fine_retention,1.0395874772842728,0.11222643542928046,0.11164707143166656,0.11229866930732793
simclr_h,SimCLR encoder h,fine_retention,1.071090128111069,0.11615517905513958,0.1155698273868759,0.11622003265124226
simclr_h,SimCLR encoder h,fine_retention,1.1025927789378651,0.1200839226809987,0.11949258334208525,0.1201413959951566
simclr_h,SimCLR encoder h,fine_retention,1.1340954297646613,0.12401266630685782,0.12341533929729458,0.12406275933907092
simclr_h,SimCLR encoder h,fine_retention,1.1655980805914574,0.12794140993271694,0.12733809525250392,0.12798412268298526
simclr_h,SimCLR encoder h,fine_retention,1.1971007314182536,0.13187015355857606,0.13126085120771325,0.13190548602689958
simclr_h,SimCLR encoder h,fine_retention,1.2286033822450497,0.1357988971844352,0.1351836071629226,0.1358268493708139
simclr_h,SimCLR encoder h,fine_retention,1.2601060330718459,0.13972764081029432,0.1391063631181319,0.13974821271472826
simclr_h,SimCLR encoder h,fine_retention,1.291608683898642,0.14365638443615342,0.14302911907334126,0.14366957605864258
simclr_h,SimCLR encoder h,fine_retention,1.3231113347254382,0.14758512806201254,0.1469518750285506,0.1475909394025569
simclr_h,SimCLR encoder h,fine_retention,1.3546139855522343,0.15151191051112115,0.15087423874840983,0.15151347945252155
simclr_h,SimCLR encoder h,fine_retention,1.3861166363790305,0.15543142878454927,0.15479514963313296,0.15544037800789448
simclr_h,SimCLR encoder h,fine_retention,1.4176192872058266,0.1593509470579774,0.1587160605178561,0.1593672765632674
simclr_h,SimCLR encoder h,fine_retention,1.4491219380326228,0.16327046533140555,0.16263697140257924,0.16329417511864033
simclr_h,SimCLR encoder h,fine_retention,1.480624588859419,0.16718998360483367,0.1665578822873024,0.16722107367401326
simclr_h,SimCLR encoder h,fine_retention,1.5121272396862149,0.1711095018782618,0.17047879317202547,0.17114797222938616
simclr_h,SimCLR encoder h,fine_retention,1.543629890513011,0.17502902015168992,0.17439970405674865,0.17507487078475908
simclr_h,SimCLR encoder h,fine_retention,1.5751325413398072,0.17894853842511804,0.17832061494147175,0.17900176934013198
simclr_h,SimCLR encoder h,fine_retention,1.6066351921666033,0.18286805669854617,0.1822415258261949,0.18292866789550494
simclr_h,SimCLR encoder h,fine_retention,1.6381378429933995,0.18678757497197432,0.18616243671091803,0.18685556645087784
simclr_h,SimCLR encoder h,fine_retention,1.6696404938201956,0.19070709324540244,0.1900833475956412,0.19078246500625076
simclr_h,SimCLR encoder h,fine_retention,1.7011431446469918,0.1946266115188306,0.19400425848036432,0.19470936356162372
simclr_h,SimCLR encoder h,fine_retention,1.732645795473788,0.19854612979225872,0.19792516936508747,0.19863626211699661
simclr_h,SimCLR encoder h,fine_retention,1.764148446300584,0.20246564806568684,0.2018460802498106,0.20256316067236957
simclr_h,SimCLR encoder h,fine_retention,1.7956510971273802,0.20638516633911497,0.20576699113453373,0.20649005922774247
simclr_h,SimCLR encoder h,fine_retention,1.8271537479541764,0.21030468461254312,0.20968790201925688,0.2104169577831154
simclr_h,SimCLR encoder h,fine_retention,1.8586563987809726,0.21422420288597124,0.21360881290398,0.21434385633848832
simclr_h,SimCLR encoder h,fine_retention,1.8901590496077687,0.2181437211593994,0.21752972378870317,0.21827075489386122
simclr_h,SimCLR encoder h,fine_retention,1.9216617004345649,0.22206323943282752,0.2214506346734263,0.22219765344923417
simclr_h,SimCLR encoder h,fine_retention,1.953164351261361,0.22598275770625564,0.22537154555814945,0.22612455200460707
simclr_h,SimCLR encoder h,fine_retention,1.9846670020881572,0.2299022759796838,0.22929245644287258,0.23005145055998003
simclr_h,SimCLR encoder h,fine_retention,2.0161696529149533,0.23382179425311192,0.23321336732759573,0.23397834911535295
simclr_h,SimCLR encoder h,fine_retention,2.0476723037417495,0.23774131252654004,0.23713427821231883,0.23790524767072588
simclr_h,SimCLR encoder h,fine_retention,2.0791749545685456,0.2416608307999682,0.24105518909704202,0.24183214622609878
simclr_h,SimCLR encoder h,fine_retention,2.1106776053953418,0.24558034907339632,0.24497609998176512,0.2457590447814717
simclr_h,SimCLR encoder h,fine_retention,2.142180256222138,0.24949986734682444,0.2488970108664883,0.24968594333684463
simclr_h,SimCLR encoder h,fine_retention,2.173682907048934,0.25341938562025257,0.2528179217512114,0.25361284189221756
simclr_h,SimCLR encoder h,fine_retention,2.2051855578757302,0.25733890389368075,0.25673883263593456,0.25753974044759054
simclr_h,SimCLR encoder h,fine_retention,2.2366882087025264,0.2612584221671088,0.2606597435206577,0.26146663900296335
simclr_h,SimCLR encoder h,fine_retention,2.2681908595293225,0.265177940440537,0.26458065440538087,0.26539353755833633
simclr_h,SimCLR encoder h,fine_retention,2.2996935103561187,0.2690974587139651,0.268501565290104,0.26932043611370926
simclr_h,SimCLR encoder h,fine_retention,2.331196161182915,0.27301697698739325,0.27242247617482707,0.2732473346690822
simclr_h,SimCLR encoder h,fine_retention,2.362698812009711,0.2769364952608214,0.27634338705955025,0.2771742332244551
simclr_h,SimCLR encoder h,fine_retention,2.394201462836507,0.2808560135342495,0.2802642979442734,0.28110113177982804
simclr_h,SimCLR encoder h,fine_retention,2.4257041136633033,0.2847755318076777,0.28418520882899656,0.28502803033520097
simclr_h,SimCLR encoder h,fine_retention,2.4572067644900994,0.2886950500811058,0.28810611971371963,0.28895492889057384
simclr_h,SimCLR encoder h,fine_retention,2.4887094153168956,0.2926145683545339,0.2920270305984428,0.2928818274459468
simclr_h,SimCLR encoder h,fine_retention,2.5202120661436918,0.29653408662796205,0.29594794148316594,0.29680872600131974
simclr_h,SimCLR encoder h,fine_retention,2.551714716970488,0.30045360490139017,0.29986885236788907,0.3007356245566926
simclr_h,SimCLR encoder h,fine_retention,2.583217367797284,0.30437312317481835,0.3037897632526122,0.30466252311206554
simclr_h,SimCLR encoder h,fine_retention,2.61472001862408,0.3082926414482464,0.3077106741373353,0.3085894216674385
simclr_h,SimCLR encoder h,fine_retention,2.6462226694508764,0.3122121597216746,0.3116315850220585,0.3125163202228114
simclr_h,SimCLR encoder h,fine_retention,2.6777253202776725,0.3161316779951027,0.31555249590678164,0.3164432187781843
simclr_h,SimCLR encoder h,fine_retention,2.7092279711044687,0.32005119626853085,0.31947340679150477,0.32037011733355725
simclr_h,SimCLR encoder h,fine_retention,2.740730621931265,0.323970714541959,0.3233943176762279,0.3242970158889302
simclr_h,SimCLR encoder h,fine_retention,2.772233272758061,0.3278902328153871,0.3273152285609511,0.3282239144443031
simclr_h,SimCLR encoder h,fine_retention,2.803735923584857,0.3318097510888153,0.3312361394456742,0.332150812999676
simclr_h,SimCLR encoder h,fine_retention,2.8352385744116533,0.3357292693622434,0.33515705033039733,0.336077711555049
simclr_h,SimCLR encoder h,fine_retention,2.8667412252384494,0.3396487876356715,0.33907796121512046,0.3400046101104218
simclr_h,SimCLR encoder h,fine_retention,2.8982438760652456,0.3435683059090997,0.34299887209984364,0.3439315086657948
simclr_h,SimCLR encoder h,fine_retention,2.9297465268920417,0.34748782418252777,0.3469197829845667,0.34785840722116773
simclr_h,SimCLR encoder h,fine_retention,2.961249177718838,0.3514758287836963,0.35085439113483796,0.35179900304208866
simclr_h,SimCLR encoder h,fine_retention,2.992751828545634,0.3558768116455,0.35508640488545845,0.3559910878593907
simclr_h,SimCLR encoder h,fine_retention,3.0242544793724297,0.36027779450730363,0.3594925051905889,0.3603969858953829
simclr_h,SimCLR encoder h,fine_retention,3.055757130199226,0.3646787773691073,0.36389860549571945,0.36480288393137517
simclr_h,SimCLR encoder h,fine_retention,3.087259781026022,0.369079760230911,0.36830470580084995,0.3692087819673674
simclr_h,SimCLR encoder h,fine_retention,3.118762431852818,0.3734807430927147,0.37271080610598045,0.3736146800033597
simclr_h,SimCLR encoder h,fine_retention,3.1502650826796144,0.37788172595451835,0.37711690641111095,0.3780205780393519
simclr_h,SimCLR encoder h,fine_retention,3.1817677335064105,0.38228270881632204,0.38152300671624145,0.3824264760753442
simclr_h,SimCLR encoder h,fine_retention,3.2132703843332067,0.3866836916781257,0.385929107021372,0.3868323741113364
simclr_h,SimCLR encoder h,fine_retention,3.244773035160003,0.39108467453992946,0.3903352073265025,0.39123827214732865
simclr_h,SimCLR encoder h,fine_retention,3.276275685986799,0.39548565740173314,0.39474130763163306,0.39564417018332093
simclr_h,SimCLR encoder h,fine_retention,3.307778336813595,0.3998866402635368,0.39914740793676357,0.4000500682193132
simclr_h,SimCLR encoder h,fine_retention,3.3392809876403913,0.4042876231253405,0.40355350824189407,0.40445596625530544
simclr_h,SimCLR encoder h,fine_retention,3.3707836384671874,0.4086886059871442,0.4079596085470246,0.40886186429129767
simclr_h,SimCLR encoder h,fine_retention,3.4022862892939836,0.41308958884894786,0.4123657088521551,0.4132677623272899
simclr_h,SimCLR encoder h,fine_retention,3.4337889401207797,0.41749057171075155,0.4167718091572856,0.41767366036328213
simclr_h,SimCLR encoder h,fine_retention,3.465291590947576,0.4218915545725552,0.4211779094624161,0.4220795583992744
simclr_h,SimCLR encoder h,fine_retention,3.496794241774372,0.4262925374343589,0.4255840097675466,0.42648545643526664
simclr_h,SimCLR encoder h,fine_retention,3.528296892601168,0.4306935202961626,0.4299901100726772,0.4308913544712589
simclr_h,SimCLR encoder h,fine_retention,3.5597995434279643,0.4350945031579663,0.43439621037780773,0.43529725250725115
simclr_h,SimCLR encoder h,fine_retention,3.5913021942547605,0.43949548601976995,0.4388023106829382,0.43970315054324344
simclr_h,SimCLR encoder h,fine_retention,3.6228048450815566,0.44389646888157364,0.44320841098806874,0.44410904857923567
simclr_h,SimCLR encoder h,fine_retention,3.654307495908353,0.4482974517433773,0.44761451129319924,0.4485149466152279
simclr_h,SimCLR encoder h,fine_retention,3.685810146735149,0.452698434605181,0.45202061159832974,0.4529208446512202
simclr_h,SimCLR encoder h,fine_retention,3.717312797561945,0.4570994174669847,0.4564267119034603,0.4573267426872124
simclr_h,SimCLR encoder h,fine_retention,3.7488154483887413,0.46150040032878836,0.4608328122085908,0.46173264072320463
simclr_h,SimCLR encoder h,fine_retention,3.7803180992155374,0.46590138319059204,0.4652389125137213,0.46613853875919686
simclr_h,SimCLR encoder h,fine_retention,3.8118207500423336,0.4703023660523957,0.4696450128188518,0.47054443679518915
simclr_h,SimCLR encoder h,fine_retention,3.8433234008691297,0.4747033489141994,0.47405111312398235,0.4749503348311814
simclr_h,SimCLR encoder h,fine_retention,3.874826051695926,0.4791043317760031,0.47845721342911285,0.47935623286717366
simclr_h,SimCLR encoder h,fine_retention,3.906328702522722,0.48350531463780677,0.4828633137342434,0.4837621309031659
simclr_h,SimCLR encoder h,fine_retention,3.937831353349518,0.48790629749961045,0.4872694140393739,0.4881680289391581
simclr_h,SimCLR encoder h,fine_retention,3.9693340041763143,0.49230728036141413,0.4916755143445044,0.4925739269751504
simclr_h,SimCLR encoder h,fine_retention,4.000836655003111,0.49670826322321787,0.49608161464963496,0.49697982501114274
simclr_h,SimCLR encoder h,fine_retention,4.032339305829907,0.5011092460850215,0.5004877149547654,0.5013857230471349
simclr_h,SimCLR encoder h,fine_retention,4.063841956656702,0.5055102289468252,0.5048938152598959,0.5057916210831271
simclr_h,SimCLR encoder h,fine_retention,4.095344607483499,0.5099112118086289,0.5092999155650264,0.5101975191191194
simclr_h,SimCLR encoder h,fine_retention,4.126847258310295,0.5143121946704325,0.513706015870157,0.5146034171551116
simclr_h,SimCLR encoder h,fine_retention,4.158349909137091,0.5187131775322362,0.5181121161752875,0.5190093151911039
simclr_h,SimCLR encoder h,fine_retention,4.189852559963887,0.5231141603940399,0.522518216480418,0.5234152132270962
simclr_h,SimCLR encoder h,fine_retention,4.2213552107906835,0.5275151432558436,0.5269243167855485,0.5278211112630884
simclr_h,SimCLR encoder h,fine_retention,4.252857861617479,0.5319161261176473,0.531330417090679,0.5322270092990806
simclr_h,SimCLR encoder h,fine_retention,4.284360512444276,0.536317108979451,0.5357365173958096,0.5366329073350729
simclr_h,SimCLR encoder h,fine_retention,4.315863163271072,0.5407180918412546,0.54014261770094,0.5410388053710651
simclr_h,SimCLR encoder h,fine_retention,4.347365814097868,0.5451190747030583,0.5445487180060705,0.5454447034070573
simclr_h,SimCLR encoder h,fine_retention,4.378868464924664,0.549520057564862,0.5489548183112011,0.5498506014430495
simclr_h,SimCLR encoder h,fine_retention,4.4103711157514605,0.5539210404266657,0.5533609186163316,0.5542564994790419
simclr_h,SimCLR encoder h,fine_retention,4.441873766578256,0.5583220232884694,0.5577670189214621,0.558662397515034
simclr_h,SimCLR encoder h,fine_retention,4.473376417405053,0.562723006150273,0.5621731192265926,0.5630682955510263
simclr_h,SimCLR encoder h,fine_retention,4.5048790682318485,0.5671239890120767,0.5665792195317232,0.5674741935870186
simclr_h,SimCLR encoder h,fine_retention,4.536381719058645,0.5715249718738804,0.5709853198368537,0.5718800916230109
simclr_h,SimCLR encoder h,fine_retention,4.567884369885441,0.5759259547356841,0.5753914201419842,0.5762859896590031
simclr_h,SimCLR encoder h,fine_retention,4.599387020712237,0.5803269375974878,0.5797975204471147,0.5806918876949954
simclr_h,SimCLR encoder h,fine_retention,4.630889671539033,0.5847279204592915,0.5842036207522452,0.5850977857309876
simclr_h,SimCLR encoder h,fine_retention,4.66239232236583,0.5891289033210951,0.5886097210573757,0.5895036837669799
simclr_h,SimCLR encoder h,fine_retention,4.693894973192625,0.5935298861828988,0.5930158213625062,0.593909581802972
simclr_h,SimCLR encoder h,fine_retention,4.725397624019422,0.5979308690447025,0.5974219216676367,0.5983154798389644
simclr_h,SimCLR encoder h,fine_retention,4.756900274846218,0.6023318519065062,0.6018280219727672,0.6027213778749566
simclr_h,SimCLR encoder h,fine_retention,4.788402925673014,0.6067328347683099,0.6062341222778977,0.607127275910949
simclr_h,SimCLR encoder h,fine_retention,4.81990557649981,0.6111338176301135,0.6106402225830283,0.6115331739469412
simclr_h,SimCLR encoder h,fine_retention,4.851408227326607,0.6155348004919172,0.6150463228881589,0.6159390719829334
simclr_h,SimCLR encoder h,fine_retention,4.882910878153402,0.6199357833537209,0.6194524231932893,0.6203449700189256
simclr_h,SimCLR encoder h,fine_retention,4.914413528980199,0.6243367662155246,0.6238585234984199,0.6247508680549179
simclr_h,SimCLR encoder h,fine_retention,4.945916179806995,0.6287377490773283,0.6282646238035504,0.6291567660909101
simclr_h,SimCLR encoder h,fine_retention,4.977418830633791,0.633138731939132,0.632670724108681,0.6335626641269023
simclr_h,SimCLR encoder h,fine_retention,5.008921481460587,0.6375397148009356,0.6370768244138113,0.6379685621628945
simclr_h,SimCLR encoder h,fine_retention,5.0404241322873835,0.6419406976627393,0.641482924718942,0.6423744601988869
simclr_h,SimCLR encoder h,fine_retention,5.071926783114179,0.646341680524543,0.6458890250240724,0.646780358234879
simclr_h,SimCLR encoder h,fine_retention,5.103429433940976,0.6507426633863467,0.650295125329203,0.6511862562708713
simclr_h,SimCLR encoder h,fine_retention,5.1349320847677715,0.6551436462481504,0.6547012256343334,0.6555921543068636
simclr_h,SimCLR encoder h,fine_retention,5.166434735594568,0.659544629109954,0.659107325939464,0.6599980523428558
simclr_h,SimCLR encoder h,fine_retention,5.197937386421364,0.6639456119717577,0.6635134262445945,0.664403950378848
simclr_h,SimCLR encoder h,fine_retention,5.22944003724816,0.6683465948335614,0.6679195265497251,0.6688098484148404
simclr_h,SimCLR encoder h,fine_retention,5.260942688074956,0.6727475776953651,0.6723256268548555,0.6732157464508325
simclr_h,SimCLR encoder h,fine_retention,5.292445338901753,0.6771485605571688,0.6767317271599861,0.6776216444868249
simclr_h,SimCLR encoder h,fine_retention,5.323947989728548,0.6815495434189724,0.6811378274651165,0.682027542522817
simclr_h,SimCLR encoder h,fine_retention,5.355450640555345,0.6859505262807761,0.6855439277702471,0.6864334405588094
simclr_h,SimCLR encoder h,fine_retention,5.386953291382141,0.6903515091425798,0.6899500280753776,0.6908393385948016
simclr_h,SimCLR encoder h,fine_retention,5.418455942208937,0.6947524920043835,0.6943561283805082,0.6952452366307939
simclr_h,SimCLR encoder h,fine_retention,5.449958593035733,0.6991534748661872,0.6987622286856385,0.6996511346667861
simclr_h,SimCLR encoder h,fine_retention,5.48146124386253,0.7035544577279909,0.7031683289907691,0.7040570327027784
simclr_h,SimCLR encoder h,fine_retention,5.512963894689325,0.7079554405897945,0.7075744292958996,0.7084629307387705
simclr_h,SimCLR encoder h,fine_retention,5.544466545516122,0.7123564234515982,0.7119805296010302,0.7128688287747629
simclr_h,SimCLR encoder h,fine_retention,5.575969196342918,0.7167574063134019,0.7163866299061606,0.7172747268107551
simclr_h,SimCLR encoder h,fine_retention,5.607471847169714,0.7211583891752056,0.7207927302112912,0.7216806248467473
simclr_h,SimCLR encoder h,fine_retention,5.63897449799651,0.7255593720370093,0.7251988305164218,0.7260865228827396
simclr_h,SimCLR encoder h,fine_retention,5.670477148823307,0.729960354898813,0.7296049308215523,0.7304924209187318
simclr_h,SimCLR encoder h,fine_retention,5.701979799650102,0.7343613377606166,0.7340110311266828,0.734898318954724
simclr_h,SimCLR encoder h,fine_retention,5.733482450476899,0.7387623206224203,0.7384171314318133,0.7393042169907162
simclr_h,SimCLR encoder h,fine_retention,5.764985101303695,0.743163303484224,0.7428232317369438,0.7437101150267085
simclr_h,SimCLR encoder h,fine_retention,5.796487752130491,0.7475642863460277,0.7472293320420743,0.7481160130627008
simclr_h,SimCLR encoder h,fine_retention,5.827990402957287,0.7519652692078314,0.7516354323472048,0.752521911098693
simclr_h,SimCLR encoder h,fine_retention,5.8594930537840835,0.756366252069635,0.7560415326523353,0.7569278091346854
simclr_h,SimCLR encoder h,fine_retention,5.890995704610879,0.7607672349314387,0.7604476329574659,0.7613337071706775
simclr_h,SimCLR encoder h,fine_retention,5.922498355437676,0.7651682177932424,0.7648537332625964,0.7657396052066698
simclr_h,SimCLR encoder h,fine_retention,5.9540010062644715,0.7695692006550461,0.769259833567727,0.7701455032426621
simclr_h,SimCLR encoder h,fine_retention,5.985503657091268,0.7739701835168498,0.7736659338728575,0.7745514012786543
simclr_h,SimCLR encoder h,fine_retention,6.017006307918064,0.778531806858159,0.778104162273889,0.779003647235609
simclr_h,SimCLR encoder h,fine_retention,6.0485089587448595,0.7832013316016179,0.7826966213631197,0.7836690230628484
simclr_h,SimCLR encoder h,fine_retention,6.080011609571656,0.7878708563450767,0.7873688825750617,0.7883343988900878
simclr_h,SimCLR encoder h,fine_retention,6.111514260398452,0.7925403810885354,0.7920411437870034,0.7929997747173271
simclr_h,SimCLR encoder h,fine_retention,6.143016911225248,0.7972099058319944,0.7967134049989454,0.7976651505445665
simclr_h,SimCLR encoder h,fine_retention,6.174519562052044,0.8018794305754531,0.8013856662108872,0.8023305263718059
simclr_h,SimCLR encoder h,fine_retention,6.206022212878841,0.8065489553189119,0.8060579274228291,0.8069959021990453
simclr_h,SimCLR encoder h,fine_retention,6.237524863705636,0.8112184800623707,0.810730188634771,0.8116612780262846
simclr_h,SimCLR encoder h,fine_retention,6.269027514532433,0.8158880048058296,0.815402449846713,0.816326653853524
simclr_h,SimCLR encoder h,fine_retention,6.300530165359229,0.8205575295492883,0.8200747110586547,0.8209920296807633
simclr_h,SimCLR encoder h,fine_retention,6.332032816186025,0.8252270542927472,0.8247469722705966,0.8256574055080028
simclr_h,SimCLR encoder h,fine_retention,6.363535467012821,0.829896579036206,0.8294192334825384,0.8303227813352422
simclr_h,SimCLR encoder h,fine_retention,6.395038117839618,0.8345661037796648,0.8340914946944804,0.8349881571624816
simclr_h,SimCLR encoder h,fine_retention,6.426540768666413,0.8392356285231235,0.8387637559064222,0.8396535329897209
simclr_h,SimCLR encoder h,fine_retention,6.45804341949321,0.8439051532665824,0.8434360171183641,0.8443189088169604
simclr_h,SimCLR encoder h,fine_retention,6.489546070320006,0.8485746780100412,0.848108278330306,0.8489842846441997
simclr_h,SimCLR encoder h,fine_retention,6.521048721146802,0.8532442027535001,0.8527805395422479,0.8536496604714392
simclr_h,SimCLR encoder h,fine_retention,6.552551371973598,0.8579137274969588,0.8574528007541897,0.8583150362986784
simclr_h,SimCLR encoder h,fine_retention,6.5840540228003945,0.8625832522404177,0.8621250619661316,0.8629804121259178
simclr_h,SimCLR encoder h,fine_retention,6.61555667362719,0.8672527769838765,0.8667973231780735,0.8676457879531572
simclr_h,SimCLR encoder h,fine_retention,6.647059324453987,0.8719223017273353,0.8714695843900153,0.8723111637803966
simclr_h,SimCLR encoder h,fine_retention,6.6785619752807825,0.876591826470794,0.8761418456019572,0.876976539607636
simclr_h,SimCLR encoder h,fine_retention,6.710064626107579,0.881261351214253,0.8808141068138992,0.8816419154348755
simclr_h,SimCLR encoder h,fine_retention,6.741567276934375,0.8859308759577117,0.8854863680258409,0.8863072912621147
simclr_h,SimCLR encoder h,fine_retention,6.7730699277611714,0.8906004007011705,0.8901586292377829,0.8909726670893542
simclr_h,SimCLR encoder h,fine_retention,6.804572578587967,0.8952699254446292,0.8948308904497246,0.8956380429165935
simclr_h,SimCLR encoder h,fine_retention,6.836075229414764,0.8999394501880882,0.8995031516616666,0.900303418743833
simclr_h,SimCLR encoder h,fine_retention,6.8675778802415595,0.9046089749315469,0.9041754128736084,0.9049687945710723
simclr_h,SimCLR encoder h,fine_retention,6.899080531068356,0.9092784996750058,0.9088476740855503,0.9096341703983117
simclr_h,SimCLR encoder h,fine_retention,6.930583181895152,0.9139480244184646,0.9135199352974921,0.914299546225551
simclr_h,SimCLR encoder h,fine_retention,6.962085832721948,0.9186175491619234,0.9181921965094341,0.9189649220527905
simclr_h,SimCLR encoder h,fine_retention,6.993588483548744,0.9232870739053822,0.9228644577213759,0.9236302978800297
simclr_h,SimCLR encoder h,fine_retention,7.025091134375541,0.9279565986488411,0.9275367189333178,0.9282956737072692
simclr_h,SimCLR encoder h,fine_retention,7.056593785202336,0.9326261233922998,0.9322089801452597,0.9329610495345085
simclr_h,SimCLR encoder h,fine_retention,7.088096436029133,0.9372956481357586,0.9368812413572016,0.937626425361748
simclr_h,SimCLR encoder h,fine_retention,7.119599086855929,0.9419651728792174,0.9415535025691434,0.9422918011889874
simclr_h,SimCLR encoder h,fine_retention,7.151101737682725,0.9466346976226763,0.9462257637810854,0.9469571770162268
simclr_h,SimCLR encoder h,fine_retention,7.182604388509521,0.951304222366135,0.9508980249930271,0.9516225528434661
simclr_h,SimCLR encoder h,fine_retention,7.214107039336318,0.9557198011090445,0.9555039333394525,0.9560027261951639
simclr_h,SimCLR encoder h,fine_retention,7.245609690163113,0.9598334952243504,0.9596175510123616,0.960115720421733
simclr_h,SimCLR encoder h,fine_retention,7.27711234098991,0.9639471893396563,0.9637311686852706,0.9642287146483022
simclr_h,SimCLR encoder h,fine_retention,7.308614991816706,0.9680608834549621,0.9678447863581797,0.9683417088748713
simclr_h,SimCLR encoder h,fine_retention,7.340117642643502,0.972174577570268,0.9719584040310888,0.9724547031014404
simclr_h,SimCLR encoder h,fine_retention,7.371620293470298,0.9762882716855739,0.9760720217039979,0.9765676973280095
simclr_h,SimCLR encoder h,fine_retention,7.4031229442970945,0.9804019658008798,0.980185639376907,0.9806806915545788
simclr_h,SimCLR encoder h,fine_retention,7.43462559512389,0.9845156599161856,0.984299257049816,0.9847936857811479
simclr_h,SimCLR encoder h,fine_retention,7.466128245950687,0.9885871851697454,0.9884044409503759,0.9888465872658734
simclr_h,SimCLR encoder h,fine_retention,7.4976308967774825,0.9916972432023343,0.9916853637258398,0.9919865783671317
simclr_h,SimCLR encoder h,fine_retention,7.529133547604278,0.9948093466293878,0.9948077103138161,0.9951269785472827
simclr_h,SimCLR encoder h,fine_increment_retention,0.0,0.0,0.0,0.0
simclr_h,SimCLR encoder h,fine_increment_retention,0.031502650826796146,0.0014365390562123533,0.0014075430614400987,0.0014476259820673573
simclr_h,SimCLR encoder h,fine_increment_retention,0.06300530165359229,0.003254655225407944,0.003187995417419531,0.0032841827505877123
simclr_h,SimCLR encoder h,fine_increment_retention,0.09450795248038843,0.005271960046719907,0.005171919884610091,0.005316981273506355
simclr_h,SimCLR encoder h,fine_increment_retention,0.12601060330718458,0.007477277722251698,0.007323855243445341,0.007558223124215682
simclr_h,SimCLR encoder h,fine_increment_retention,0.15751325413398073,0.010040667558102043,0.009854229292074973,0.010140863592054404
simclr_h,SimCLR encoder h,fine_increment_retention,0.18901590496077686,0.012604057393952388,0.012384603340704601,0.012723504059893124
simclr_h,SimCLR encoder h,fine_increment_retention,0.220518555787573,0.015167447229802736,0.014914977389334234,0.015306144527731845
simclr_h,SimCLR encoder h,fine_increment_retention,0.25202120661436916,0.017730837065653083,0.017445351437963864,0.017888784995570565
simclr_h,SimCLR encoder h,fine_increment_retention,0.2835238574411653,0.02029422690150343,0.019975725486593494,0.020471425463409288
simclr_h,SimCLR encoder h,fine_increment_retention,0.31502650826796147,0.023137544240322477,0.02274528839029966,0.02340483021708405
simclr_h,SimCLR encoder h,fine_increment_retention,0.3465291590947576,0.026430662071968855,0.02601938364620574,0.02672162580490793
simclr_h,SimCLR encoder h,fine_increment_retention,0.3780318099215537,0.02972377990361523,0.02929347890211181,0.030038421392731805
simclr_h,SimCLR encoder h,fine_increment_retention,0.40953446074834987,0.03301689773526161,0.03256757415801789,0.033355216980555685
simclr_h,SimCLR encoder h,fine_increment_retention,0.441037111575146,0.036310015566907994,0.03584166941392397,0.03667201256837956
simclr_h,SimCLR encoder h,fine_increment_retention,0.4725397624019422,0.03960313339855437,0.03911576466983004,0.03998880815620344
simclr_h,SimCLR encoder h,fine_increment_retention,0.5040424132287383,0.04289625123020075,0.04238985992573613,0.043305603744027324
simclr_h,SimCLR encoder h,fine_increment_retention,0.5355450640555345,0.04618936906184713,0.04566395518164221,0.0466223993318512
simclr_h,SimCLR encoder h,fine_increment_retention,0.5670477148823306,0.04948248689349351,0.048938050437548286,0.04993919491967508
simclr_h,SimCLR encoder h,fine_increment_retention,0.5985503657091268,0.05277560472513989,0.052212145693454365,0.05325599050749897
simclr_h,SimCLR encoder h,fine_increment_retention,0.6300530165359229,0.05606872255678627,0.055486240949360444,0.05657278609532284
simclr_h,SimCLR encoder h,fine_increment_retention,0.6615556673627191,0.059361840388432646,0.05876033620526652,0.059889581683146724
simclr_h,SimCLR encoder h,fine_increment_retention,0.6930583181895152,0.06265495822007904,0.0620344314611726,0.0632063772709706
simclr_h,SimCLR encoder h,fine_increment_retention,0.7245609690163114,0.06594807605172541,0.06530852671707868,0.06652317285879449
simclr_h,SimCLR encoder h,fine_increment_retention,0.7560636198431074,0.06924119388337178,0.06858262197298474,0.06983996844661834
simclr_h,SimCLR encoder h,fine_increment_retention,0.7875662706699036,0.07253431171501816,0.07185671722889082,0.07315676403444223
simclr_h,SimCLR encoder h,fine_increment_retention,0.8190689214966997,0.07582742954666453,0.07513081248479692,0.07647355962226611
simclr_h,SimCLR encoder h,fine_increment_retention,0.8505715723234959,0.07912054737831092,0.078404907740703,0.07979035521008998
simclr_h,SimCLR encoder h,fine_increment_retention,0.882074223150292,0.0824136652099573,0.08167900299660906,0.08310715079791386
simclr_h,SimCLR encoder h,fine_increment_retention,0.9135768739770882,0.08570678304160369,0.08495309825251515,0.08642394638573775
simclr_h,SimCLR encoder h,fine_increment_retention,0.9450795248038844,0.0892763018150457,0.08852161041469532,0.09014302402477904
simclr_h,SimCLR encoder h,fine_increment_retention,0.9765821756306805,0.09320152659398076,0.09245257808004677,0.09409044004448544
simclr_h,SimCLR encoder h,fine_increment_retention,1.0080848264574767,0.09712675137291582,0.09638354574539823,0.09803785606419184
simclr_h,SimCLR encoder h,fine_increment_retention,1.0395874772842728,0.10105197615185087,0.10031451341074968,0.10198527208389825
simclr_h,SimCLR encoder h,fine_increment_retention,1.071090128111069,0.10497720093078593,0.10424548107610114,0.10593268810360465
simclr_h,SimCLR encoder h,fine_increment_retention,1.1025927789378651,0.10890242570972097,0.10817644874145259,0.10988010412331105
simclr_h,SimCLR encoder h,fine_increment_retention,1.1340954297646613,0.11282765048865603,0.11210741640680405,0.11382752014301746
simclr_h,SimCLR encoder h,fine_increment_retention,1.1655980805914574,0.1167528752675911,0.1160383840721555,0.11777493616272386
simclr_h,SimCLR encoder h,fine_increment_retention,1.1971007314182536,0.12067810004652614,0.11996935173750696,0.12172235218243026
simclr_h,SimCLR encoder h,fine_increment_retention,1.2286033822450497,0.12460332482546119,0.12390031940285841,0.12566976820213666
simclr_h,SimCLR encoder h,fine_increment_retention,1.2601060330718459,0.12852854960439625,0.12783128706820987,0.12961718422184307
simclr_h,SimCLR encoder h,fine_increment_retention,1.291608683898642,0.1324537743833313,0.13176225473356132,0.13356460024154948
simclr_h,SimCLR encoder h,fine_increment_retention,1.3231113347254382,0.13637899916226637,0.13569322239891277,0.1375120162612559
simclr_h,SimCLR encoder h,fine_increment_retention,1.3546139855522343,0.1403042239412014,0.13962419006426421,0.14145943228096228
simclr_h,SimCLR encoder h,fine_increment_retention,1.3861166363790305,0.14422944872013646,0.14355515772961566,0.1454068483006687
simclr_h,SimCLR encoder h,fine_increment_retention,1.4176192872058266,0.14815467349907152,0.14748612539496714,0.14935426432037507
simclr_h,SimCLR encoder h,fine_increment_retention,1.4491219380326228,0.15207989827800658,0.15141709306031859,0.1533016803400815
simclr_h,SimCLR encoder h,fine_increment_retention,1.480624588859419,0.15600512305694164,0.15534806072567003,0.1572490963597879
simclr_h,SimCLR encoder h,fine_increment_retention,1.5121272396862149,0.15993034783587667,0.15927902839102148,0.16119651237949428
simclr_h,SimCLR encoder h,fine_increment_retention,1.543629890513011,0.1638555726148117,0.16320999605637293,0.16514392839920067
simclr_h,SimCLR encoder h,fine_increment_retention,1.5751325413398072,0.16778079739374677,0.16714096372172438,0.16909134441890708
simclr_h,SimCLR encoder h,fine_increment_retention,1.6066351921666033,0.17170602217268183,0.17107193138707583,0.1730387604386135
simclr_h,SimCLR encoder h,fine_increment_retention,1.6381378429933995,0.17563124695161686,0.17500289905242727,0.17698617645831988
simclr_h,SimCLR encoder h,fine_increment_retention,1.6696404938201956,0.17955647173055195,0.17893386671777875,0.1809335924780263
simclr_h,SimCLR encoder h,fine_increment_retention,1.7011431446469918,0.18348169650948698,0.1828648343831302,0.18488100849773267
simclr_h,SimCLR encoder h,fine_increment_retention,1.732645795473788,0.18740692128842204,0.18679580204848165,0.1888284245174391
simclr_h,SimCLR encoder h,fine_increment_retention,1.764148446300584,0.1913321460673571,0.1907267697138331,0.19277584053714547
simclr_h,SimCLR encoder h,fine_increment_retention,1.7956510971273802,0.19525737084629213,0.19465773737918454,0.19672325655685188
simclr_h,SimCLR encoder h,fine_increment_retention,1.8271537479541764,0.19918259562522722,0.19858870504453602,0.2006706725765583
simclr_h,SimCLR encoder h,fine_increment_retention,1.8586563987809726,0.20310782040416225,0.20251967270988747,0.2046180885962647
simclr_h,SimCLR encoder h,fine_increment_retention,1.8901590496077687,0.20703304518309731,0.20645064037523891,0.2085655046159711
simclr_h,SimCLR encoder h,fine_increment_retention,1.9216617004345649,0.21095826996203237,0.21038160804059036,0.2125129206356775
simclr_h,SimCLR encoder h,fine_increment_retention,1.953164351261361,0.21488349474096743,0.2143125757059418,0.21646033665538392
simclr_h,SimCLR encoder h,fine_increment_retention,1.9846670020881572,0.21880871951990247,0.21824354337129326,0.22040775267509033
simclr_h,SimCLR encoder h,fine_increment_retention,2.0161696529149533,0.22273394429883753,0.2221745110366447,0.2243551686947967
simclr_h,SimCLR encoder h,fine_increment_retention,2.0476723037417495,0.2266591690777726,0.22610547870199618,0.22830258471450313
simclr_h,SimCLR encoder h,fine_increment_retention,2.0791749545685456,0.23058439385670765,0.23003644636734763,0.23225000073420954
simclr_h,SimCLR encoder h,fine_increment_retention,2.1106776053953418,0.2345096186356427,0.23396741403269913,0.23619741675391595
simclr_h,SimCLR encoder h,fine_increment_retention,2.142180256222138,0.23843484341457774,0.23789838169805058,0.24014483277362234
simclr_h,SimCLR encoder h,fine_increment_retention,2.173682907048934,0.2423600681935128,0.24182934936340203,0.24409224879332875
simclr_h,SimCLR encoder h,fine_increment_retention,2.2051855578757302,0.24628529297244786,0.24576031702875348,0.24803966481303516
simclr_h,SimCLR encoder h,fine_increment_retention,2.2366882087025264,0.2502105177513829,0.24969128469410493,0.2519870808327415
simclr_h,SimCLR encoder h,fine_increment_retention,2.2681908595293225,0.254135742530318,0.2536222523594564,0.25593449685244796
simclr_h,SimCLR encoder h,fine_increment_retention,2.2996935103561187,0.258060967309253,0.25755322002480785,0.25988191287215434
simclr_h,SimCLR encoder h,fine_increment_retention,2.331196161182915,0.2619861920881881,0.2614841876901593,0.2638293288918608
simclr_h,SimCLR encoder h,fine_increment_retention,2.362698812009711,0.26591141686712316,0.26541515535551075,0.26777674491156717
simclr_h,SimCLR encoder h,fine_increment_retention,2.394201462836507,0.2698366416460582,0.2693461230208622,0.27172416093127355
simclr_h,SimCLR encoder h,fine_increment_retention,2.4257041136633033,0.2737618664249932,0.27327709068621364,0.27567157695098
simclr_h,SimCLR encoder h,fine_increment_retention,2.4572067644900994,0.2776870912039283,0.2772080583515651,0.2796189929706864
simclr_h,SimCLR encoder h,fine_increment_retention,2.4887094153168956,0.28161231598286335,0.28113902601691654,0.28356640899039276
simclr_h,SimCLR encoder h,fine_increment_retention,2.5202120661436918,0.2855375407617984,0.285069993682268,0.28751382501009914
simclr_h,SimCLR encoder h,fine_increment_retention,2.551714716970488,0.28946276554073347,0.28900096134761943,0.29146124102980564
simclr_h,SimCLR encoder h,fine_increment_retention,2.583217367797284,0.2933879903196685,0.2929319290129709,0.29540865704951197
simclr_h,SimCLR encoder h,fine_increment_retention,2.61472001862408,0.29731321509860353,0.29686289667832233,0.2993560730692184
simclr_h,SimCLR encoder h,fine_increment_retention,2.6462226694508764,0.3012384398775386,0.30079386434367383,0.3033034890889248
simclr_h,SimCLR encoder h,fine_increment_retention,2.6777253202776725,0.3051636646564737,0.3047248320090253,0.30725090510863123
simclr_h,SimCLR encoder h,fine_increment_retention,2.7092279711044687,0.30908888943540874,0.30865579967437673,0.31119832112833756
simclr_h,SimCLR encoder h,fine_increment_retention,2.740730621931265,0.3130141142143438,0.3125867673397282,0.315145737148044
simclr_h,SimCLR encoder h,fine_increment_retention,2.772233272758061,0.31693933899327886,0.3165177350050796,0.31909315316775044
simclr_h,SimCLR encoder h,fine_increment_retention,2.803735923584857,0.3208645637722139,0.3204487026704311,0.3230405691874568
simclr_h,SimCLR encoder h,fine_increment_retention,2.8352385744116533,0.32478978855114893,0.3243796703357825,0.3269879852071632
simclr_h,SimCLR encoder h,fine_increment_retention,2.8667412252384494,0.328715013330084,0.328310638001134,0.3309354012268696
simclr_h,SimCLR encoder h,fine_increment_retention,2.8982438760652456,0.33264023810901905,0.3322416056664855,0.33488281724657604
simclr_h,SimCLR encoder h,fine_increment_retention,2.9297465268920417,0.3365654628879541,0.3361725733318369,0.3388302332662824
simclr_h,SimCLR encoder h,fine_increment_retention,2.961249177718838,0.34049068766688917,0.3401389751934372,0.34277764928598886
simclr_h,SimCLR encoder h,fine_increment_retention,2.992751828545634,0.3445472841487957,0.34434532255039607,0.3468762835000833
simclr_h,SimCLR encoder h,fine_increment_retention,3.0242544793724297,0.3487701927300996,0.34858493232723436,0.35110943729274174
simclr_h,SimCLR encoder h,fine_increment_retention,3.055757130199226,0.3529931013114036,0.3528245421040727,0.35534259108540034
simclr_h,SimCLR encoder h,fine_increment_retention,3.087259781026022,0.3572160098927076,0.35706415188091106,0.3595757448780589
simclr_h,SimCLR encoder h,fine_increment_retention,3.118762431852818,0.36143891847401155,0.3613037616577494,0.36380889867071736
simclr_h,SimCLR encoder h,fine_increment_retention,3.1502650826796144,0.3656618270553155,0.36554337143458776,0.3680420524633759
simclr_h,SimCLR encoder h,fine_increment_retention,3.1817677335064105,0.3698847356366195,0.36978298121142605,0.37227520625603444
simclr_h,SimCLR encoder h,fine_increment_retention,3.2132703843332067,0.3741076442179235,0.3740225909882644,0.376508360048693
simclr_h,SimCLR encoder h,fine_increment_retention,3.244773035160003,0.37833055279922745,0.3782622007651028,0.3807415138413515
simclr_h,SimCLR encoder h,fine_increment_retention,3.276275685986799,0.3825534613805315,0.38250181054194116,0.38497466763401006
simclr_h,SimCLR encoder h,fine_increment_retention,3.307778336813595,0.38677636996183545,0.3867414203187795,0.3892078214266686
simclr_h,SimCLR encoder h,fine_increment_retention,3.3392809876403913,0.39099927854313943,0.3909810300956178,0.39344097521932714
simclr_h,SimCLR encoder h,fine_increment_retention,3.3707836384671874,0.3952221871244434,0.39522063987245615,0.3976741290119857
simclr_h,SimCLR encoder h,fine_increment_retention,3.4022862892939836,0.3994640381351813,0.39944888419163416,0.401911071290531
simclr_h,SimCLR encoder h,fine_increment_retention,3.4337889401207797,0.40370782321090326,0.4036759680718217,0.4061484003820731
simclr_h,SimCLR encoder h,fine_increment_retention,3.465291590947576,0.40795160828662513,0.40790305195200927,0.41038572947361524
simclr_h,SimCLR encoder h,fine_increment_retention,3.496794241774372,0.4121953933623471,0.41213013583219693,0.41462305856515735
simclr_h,SimCLR encoder h,fine_increment_retention,3.528296892601168,0.41643917843806905,0.41635721971238443,0.4188603876566995
simclr_h,SimCLR encoder h,fine_increment_retention,3.5597995434279643,0.420682963513791,0.42058430359257204,0.4230977167482416
simclr_h,SimCLR encoder h,fine_increment_retention,3.5913021942547605,0.4249267485895129,0.4248113874727596,0.4273350458397837
simclr_h,SimCLR encoder h,fine_increment_retention,3.6228048450815566,0.42917053366523483,0.42903847135294715,0.43157237493132583
simclr_h,SimCLR encoder h,fine_increment_retention,3.654307495908353,0.4334143187409568,0.43326555523313476,0.435809704022868
simclr_h,SimCLR encoder h,fine_increment_retention,3.685810146735149,0.43765810381667875,0.4374926391133223,0.4400470331144101
simclr_h,SimCLR encoder h,fine_increment_retention,3.717312797561945,0.4419018888924007,0.44171972299350987,0.44428436220595224
simclr_h,SimCLR encoder h,fine_increment_retention,3.7488154483887413,0.4461456739681226,0.4459468068736974,0.44852169129749436
simclr_h,SimCLR encoder h,fine_increment_retention,3.7803180992155374,0.45038945904384453,0.45017389075388503,0.4527590203890365
simclr_h,SimCLR encoder h,fine_increment_retention,3.8118207500423336,0.45463324411956646,0.4544009746340726,0.4569963494805786
simclr_h,SimCLR encoder h,fine_increment_retention,3.8433234008691297,0.4588770291952884,0.4586280585142602,0.4612336785721208
simclr_h,SimCLR encoder h,fine_increment_retention,3.874826051695926,0.4631208142710104,0.46285514239444775,0.4654710076636629
simclr_h,SimCLR encoder h,fine_increment_retention,3.906328702522722,0.46736459934673225,0.4670822262746353,0.469708336755205
simclr_h,SimCLR encoder h,fine_increment_retention,3.937831353349518,0.47160838442245423,0.4713093101548229,0.47394566584674713
simclr_h,SimCLR encoder h,fine_increment_retention,3.9693340041763143,0.47585216949817616,0.47553639403501047,0.47818299493828925
simclr_h,SimCLR encoder h,fine_increment_retention,4.000836655003111,0.4800959545738982,0.4797634779151981,0.4824203240298315
simclr_h,SimCLR encoder h,fine_increment_retention,4.032339305829907,0.48433973964962007,0.4839905617953856,0.48665765312137355
simclr_h,SimCLR encoder h,fine_increment_retention,4.063841956656702,0.48858352472534194,0.48821764567557313,0.4908949822129156
simclr_h,SimCLR encoder h,fine_increment_retention,4.095344607483499,0.49282730980106393,0.49244472955576074,0.49513231130445773
simclr_h,SimCLR encoder h,fine_increment_retention,4.126847258310295,0.4970710948767858,0.49667181343594824,0.49936964039599985
simclr_h,SimCLR encoder h,fine_increment_retention,4.158349909137091,0.5013148799525078,0.5008988973161359,0.503606969487542
simclr_h,SimCLR encoder h,fine_increment_retention,4.189852559963887,0.5055586650282297,0.5051259811963233,0.5078442985790841
simclr_h,SimCLR encoder h,fine_increment_retention,4.2213552107906835,0.5098024501039516,0.509353065076511,0.5120816276706263
simclr_h,SimCLR encoder h,fine_increment_retention,4.252857861617479,0.5140462351796735,0.5135801489566985,0.5163189567621683
simclr_h,SimCLR encoder h,fine_increment_retention,4.284360512444276,0.5182900202553955,0.5178072328368862,0.5205562858537105
simclr_h,SimCLR encoder h,fine_increment_retention,4.315863163271072,0.5225338053311174,0.5220343167170737,0.5247936149452526
simclr_h,SimCLR encoder h,fine_increment_retention,4.347365814097868,0.5267775904068395,0.5262614005972613,0.5290309440367948
simclr_h,SimCLR encoder h,fine_increment_retention,4.378868464924664,0.5310213754825612,0.5304884844774489,0.5332682731283368
simclr_h,SimCLR encoder h,fine_increment_retention,4.4103711157514605,0.5352651605582832,0.5347155683576365,0.537505602219879
simclr_h,SimCLR encoder h,fine_increment_retention,4.441873766578256,0.5395089456340052,0.538942652237824,0.541742931311421
simclr_h,SimCLR encoder h,fine_increment_retention,4.473376417405053,0.5437527307097272,0.5431697361180117,0.5459802604029633
simclr_h,SimCLR encoder h,fine_increment_retention,4.5048790682318485,0.5479965157854491,0.5473968199981991,0.5502175894945054
simclr_h,SimCLR encoder h,fine_increment_retention,4.536381719058645,0.552240300861171,0.5516239038783868,0.5544549185860476
simclr_h,SimCLR encoder h,fine_increment_retention,4.567884369885441,0.5564840859368929,0.5558509877585742,0.5586922476775895
simclr_h,SimCLR encoder h,fine_increment_retention,4.599387020712237,0.5607278710126149,0.5600780716387619,0.5629295767691318
simclr_h,SimCLR encoder h,fine_increment_retention,4.630889671539033,0.5649716560883368,0.5643051555189494,0.5671669058606739
simclr_h,SimCLR encoder h,fine_increment_retention,4.66239232236583,0.5692154411640588,0.568532239399137,0.571404234952216
simclr_h,SimCLR encoder h,fine_increment_retention,4.693894973192625,0.5734592262397806,0.5727593232793246,0.5756415640437581
simclr_h,SimCLR encoder h,fine_increment_retention,4.725397624019422,0.5777030113155026,0.5769864071595121,0.5798788931353003
simclr_h,SimCLR encoder h,fine_increment_retention,4.756900274846218,0.5819467963912245,0.5812134910396997,0.5841162222268423
simclr_h,SimCLR encoder h,fine_increment_retention,4.788402925673014,0.5861905814669466,0.5854405749198873,0.5883535513183845
simclr_h,SimCLR encoder h,fine_increment_retention,4.81990557649981,0.5904343665426683,0.5896676588000748,0.5925908804099266
simclr_h,SimCLR encoder h,fine_increment_retention,4.851408227326607,0.5946781516183903,0.5938947426802625,0.5968282095014688
simclr_h,SimCLR encoder h,fine_increment_retention,4.882910878153402,0.5989219366941123,0.59812182656045,0.6010655385930109
simclr_h,SimCLR encoder h,fine_increment_retention,4.914413528980199,0.6031657217698343,0.6023489104406375,0.6053028676845531
simclr_h,SimCLR encoder h,fine_increment_retention,4.945916179806995,0.6074095068455562,0.6065759943208251,0.6095401967760951
simclr_h,SimCLR encoder h,fine_increment_retention,4.977418830633791,0.6116532919212782,0.6108030782010128,0.6137775258676373
simclr_h,SimCLR encoder h,fine_increment_retention,5.008921481460587,0.615897076997,0.6150301620812003,0.6180148549591794
simclr_h,SimCLR encoder h,fine_increment_retention,5.0404241322873835,0.620140862072722,0.6192572459613879,0.6222521840507215
simclr_h,SimCLR encoder h,fine_increment_retention,5.071926783114179,0.6243846471484439,0.6234843298415754,0.6264895131422636
simclr_h,SimCLR encoder h,fine_increment_retention,5.103429433940976,0.6286284322241659,0.6277114137217631,0.6307268422338058
simclr_h,SimCLR encoder h,fine_increment_retention,5.1349320847677715,0.6328722172998877,0.6319384976019505,0.6349641713253479
simclr_h,SimCLR encoder h,fine_increment_retention,5.166434735594568,0.6371160023756097,0.6361655814821382,0.6392015004168901
simclr_h,SimCLR encoder h,fine_increment_retention,5.197937386421364,0.6413597874513317,0.6403926653623258,0.6434388295084321
simclr_h,SimCLR encoder h,fine_increment_retention,5.22944003724816,0.6456035725270537,0.6446197492425133,0.6476761585999743
simclr_h,SimCLR encoder h,fine_increment_retention,5.260942688074956,0.6498473576027755,0.6488468331227009,0.6519134876915165
simclr_h,SimCLR encoder h,fine_increment_retention,5.292445338901753,0.6540911426784974,0.6530739170028885,0.6561508167830585
simclr_h,SimCLR encoder h,fine_increment_retention,5.323947989728548,0.6583349277542194,0.6573010008830761,0.6603881458746006
simclr_h,SimCLR encoder h,fine_increment_retention,5.355450640555345,0.6625787128299414,0.6615280847632636,0.6646254749661429
simclr_h,SimCLR encoder h,fine_increment_retention,5.386953291382141,0.6668224979056633,0.6657551686434511,0.6688628040576848
simclr_h,SimCLR encoder h,fine_increment_retention,5.418455942208937,0.6710662829813853,0.6699822525236389,0.673100133149227
simclr_h,SimCLR encoder h,fine_increment_retention,5.449958593035733,0.6753100680571071,0.6742093364038263,0.6773374622407691
simclr_h,SimCLR encoder h,fine_increment_retention,5.48146124386253,0.6795538531328291,0.6784364202840139,0.6815747913323114
simclr_h,SimCLR encoder h,fine_increment_retention,5.512963894689325,0.683797638208551,0.6826635041642014,0.6858121204238534
simclr_h,SimCLR encoder h,fine_increment_retention,5.544466545516122,0.6880414232842731,0.6868905880443891,0.6900494495153956
simclr_h,SimCLR encoder h,fine_increment_retention,5.575969196342918,0.6922852083599949,0.6911176719245766,0.6942867786069375
simclr_h,SimCLR encoder h,fine_increment_retention,5.607471847169714,0.6965289934357168,0.6953447558047642,0.6985241076984798
simclr_h,SimCLR encoder h,fine_increment_retention,5.63897449799651,0.7007727785114388,0.6995718396849517,0.7027614367900219
simclr_h,SimCLR encoder h,fine_increment_retention,5.670477148823307,0.7050165635871608,0.7037989235651394,0.7069987658815641
simclr_h,SimCLR encoder h,fine_increment_retention,5.701979799650102,0.7092603486628826,0.7080260074453268,0.7112360949731061
simclr_h,SimCLR encoder h,fine_increment_retention,5.733482450476899,0.7135041337386046,0.7122530913255145,0.7154734240646483
simclr_h,SimCLR encoder h,fine_increment_retention,5.764985101303695,0.7177479188143265,0.716480175205702,0.7197107531561904
simclr_h,SimCLR encoder h,fine_increment_retention,5.796487752130491,0.7219917038900485,0.7207072590858896,0.7239480822477325
simclr_h,SimCLR encoder h,fine_increment_retention,5.827990402957287,0.7262354889657704,0.7249343429660772,0.7281854113392746
simclr_h,SimCLR encoder h,fine_increment_retention,5.8594930537840835,0.7304792740414924,0.7291614268462648,0.7324227404308169
simclr_h,SimCLR encoder h,fine_increment_retention,5.890995704610879,0.7347230591172142,0.7333885107264524,0.736660069522359
simclr_h,SimCLR encoder h,fine_increment_retention,5.922498355437676,0.7389668441929362,0.7376155946066398,0.7408973986139011
simclr_h,SimCLR encoder h,fine_increment_retention,5.9540010062644715,0.7432106292686581,0.7418426784868274,0.7451347277054431
simclr_h,SimCLR encoder h,fine_increment_retention,5.985503657091268,0.7474544143443802,0.7460697623670152,0.7493720567969854
simclr_h,SimCLR encoder h,fine_increment_retention,6.017006307918064,0.7519486200512743,0.750372829064678,0.7536594700147619
simclr_h,SimCLR encoder h,fine_increment_retention,6.0485089587448595,0.756611032036647,0.7550584079544624,0.7581830793268737
simclr_h,SimCLR encoder h,fine_increment_retention,6.080011609571656,0.7612734440220198,0.7597439868442469,0.762828545076223
simclr_h,SimCLR encoder h,fine_increment_retention,6.111514260398452,0.7659358560073926,0.7644295657340313,0.7674740108255724
simclr_h,SimCLR encoder h,fine_increment_retention,6.143016911225248,0.7705982679927654,0.7691151446238159,0.7721194765749217
simclr_h,SimCLR encoder h,fine_increment_retention,6.174519562052044,0.7752606799781381,0.7738007235136003,0.7767649423242711
simclr_h,SimCLR encoder h,fine_increment_retention,6.206022212878841,0.779923091963511,0.7784863024033848,0.7814104080736204
simclr_h,SimCLR encoder h,fine_increment_retention,6.237524863705636,0.7845855039488836,0.7831718812931692,0.7860558738229697
simclr_h,SimCLR encoder h,fine_increment_retention,6.269027514532433,0.7892479159342565,0.7878574601829538,0.7907013395723191
simclr_h,SimCLR encoder h,fine_increment_retention,6.300530165359229,0.7939103279196291,0.7925430390727382,0.7953468053216685
simclr_h,SimCLR encoder h,fine_increment_retention,6.332032816186025,0.798572739905002,0.7972286179625226,0.7999922710710178
simclr_h,SimCLR encoder h,fine_increment_retention,6.363535467012821,0.8032351518903746,0.8019141968523071,0.8046377368203671
simclr_h,SimCLR encoder h,fine_increment_retention,6.395038117839618,0.8078975638757475,0.8065997757420916,0.8092832025697165
simclr_h,SimCLR encoder h,fine_increment_retention,6.426540768666413,0.8125599758611203,0.811285354631876,0.8139286683190659
simclr_h,SimCLR encoder h,fine_increment_retention,6.45804341949321,0.817222387846493,0.8159709335216606,0.8185741340684152
simclr_h,SimCLR encoder h,fine_increment_retention,6.489546070320006,0.8218847998318658,0.820656512411445,0.8232195998177645
simclr_h,SimCLR encoder h,fine_increment_retention,6.521048721146802,0.8265472118172386,0.8253420913012295,0.8278650655671139
simclr_h,SimCLR encoder h,fine_increment_retention,6.552551371973598,0.8312096238026113,0.830027670191014,0.8325105313164632
simclr_h,SimCLR encoder h,fine_increment_retention,6.5840540228003945,0.8358720357879841,0.8347132490807985,0.8371559970658127
simclr_h,SimCLR encoder h,fine_increment_retention,6.61555667362719,0.8405344477733568,0.839398827970583,0.8418014628151619
simclr_h,SimCLR encoder h,fine_increment_retention,6.647059324453987,0.8451968597587297,0.8440844068603675,0.8464469285645113
simclr_h,SimCLR encoder h,fine_increment_retention,6.6785619752807825,0.8498592717441024,0.848769985750152,0.8510923943138605
simclr_h,SimCLR encoder h,fine_increment_retention,6.710064626107579,0.8545216837294752,0.8534555646399364,0.8557378600632101
simclr_h,SimCLR encoder h,fine_increment_retention,6.741567276934375,0.8591840957148479,0.8581411435297208,0.8603833258125593
simclr_h,SimCLR encoder h,fine_increment_retention,6.7730699277611714,0.8638465077002208,0.8628267224195054,0.8650287915619087
simclr_h,SimCLR encoder h,fine_increment_retention,6.804572578587967,0.8685089196855935,0.8675123013092898,0.8696742573112579
simclr_h,SimCLR encoder h,fine_increment_retention,6.836075229414764,0.8731713316709663,0.8721978801990743,0.8743197230606073
simclr_h,SimCLR encoder h,fine_increment_retention,6.8675778802415595,0.877833743656339,0.8768834590888588,0.8789651888099567
simclr_h,SimCLR encoder h,fine_increment_retention,6.899080531068356,0.8824961556417118,0.8815690379786433,0.8836106545593061
simclr_h,SimCLR encoder h,fine_increment_retention,6.930583181895152,0.8871585676270846,0.8862546168684277,0.8882561203086553
simclr_h,SimCLR encoder h,fine_increment_retention,6.962085832721948,0.8918209796124574,0.8909401957582122,0.8929015860580047
simclr_h,SimCLR encoder h,fine_increment_retention,6.993588483548744,0.8964833915978301,0.8956257746479966,0.8975470518073541
simclr_h,SimCLR encoder h,fine_increment_retention,7.025091134375541,0.901145803583203,0.9003113535377811,0.9021925175567035
simclr_h,SimCLR encoder h,fine_increment_retention,7.056593785202336,0.9058082155685756,0.9049969324275655,0.9068379833060527
simclr_h,SimCLR encoder h,fine_increment_retention,7.088096436029133,0.9104706275539485,0.9096825113173501,0.9114834490554021
simclr_h,SimCLR encoder h,fine_increment_retention,7.119599086855929,0.9151330395393211,0.9143680902071345,0.9161289148047513
simclr_h,SimCLR encoder h,fine_increment_retention,7.151101737682725,0.919795451524694,0.9190536690969191,0.9207743805541009
simclr_h,SimCLR encoder h,fine_increment_retention,7.182604388509521,0.9244578635100666,0.9237392479867035,0.9254198463034501
simclr_h,SimCLR encoder h,fine_increment_retention,7.214107039336318,0.9295748993439635,0.9290097882236538,0.9301840728582101
simclr_h,SimCLR encoder h,fine_increment_retention,7.245609690163113,0.9352323805911154,0.9348242625299241,0.9358288778929997
simclr_h,SimCLR encoder h,fine_increment_retention,7.27711234098991,0.9408898618382673,0.9406387368361945,0.9414736829277894
simclr_h,SimCLR encoder h,fine_increment_retention,7.308614991816706,0.9465473430854191,0.9464532111424648,0.9471184879625791
simclr_h,SimCLR encoder h,fine_increment_retention,7.340117642643502,0.9522834007277764,0.9522205396116121,0.9527790082764099
simclr_h,SimCLR encoder h,fine_increment_retention,7.371620293470298,0.9581371232988263,0.9579172691235436,0.958463061575979
simclr_h,SimCLR encoder h,fine_increment_retention,7.4031229442970945,0.9639908458698764,0.9636139986354751,0.9641471148755485
simclr_h,SimCLR encoder h,fine_increment_retention,7.43462559512389,0.9698278181086656,0.9693073780809544,0.9698412183744741
simclr_h,SimCLR encoder h,fine_increment_retention,7.466128245950687,0.9754694540903648,0.9749840948905129,0.9756876311983925
simclr_h,SimCLR encoder h,fine_increment_retention,7.4976308967774825,0.9816438345780546,0.9812781949588245,0.9821303260795984
simclr_h,SimCLR encoder h,fine_increment_retention,7.529133547604278,0.9879508591733468,0.9875988238486568,0.9885995497823249
pixel,pixel MSE,coarse_retention,0.0,1.7215683724886103e-16,1.7215683724886103e-16,1.7215683724886103e-16
pixel,pixel MSE,coarse_retention,0.031502650826796146,0.0001221393356588615,0.00012213232210417165,0.000122142798882833
pixel,pixel MSE,coarse_retention,0.06300530165359229,0.00026771538884101675,0.00026769778492063224,0.0002677509304499227
pixel,pixel MSE,coarse_retention,0.09450795248038843,0.00043617980512046875,0.00043613778643975177,0.00043620025683084487
pixel,pixel MSE,coarse_retention,0.12601060330718458,0.0006313796676233094,0.0006313641328255716,0.0006314104290835259
pixel,pixel MSE,coarse_retention,0.15751325413398073,0.0008417176006816894,0.0008416062628472412,0.0008417721085435195
pixel,pixel MSE,coarse_retention,0.18901590496077686,0.0010801208430788406,0.0010799788756419185,0.0010804071700684444
pixel,pixel MSE,coarse_retention,0.220518555787573,0.0013734540550352078,0.0013734382180597198,0.0013734607163447114
pixel,pixel MSE,coarse_retention,0.25202120661436916,0.001666787266991575,0.0016664692660509953,0.0016669425570475045
pixel,pixel MSE,coarse_retention,0.2835238574411653,0.001960120478947942,0.001959500314042271,0.001960424397750297
pixel,pixel MSE,coarse_retention,0.31502650826796147,0.0024014878797205303,0.0024010378324915587,0.0024023924364151863
pixel,pixel MSE,coarse_retention,0.3465291590947576,0.002888664589126558,0.002888581659100102,0.0028888236180505383
pixel,pixel MSE,coarse_retention,0.3780318099215537,0.003375841298532585,0.0033752547996858894,0.003376125485708645
pixel,pixel MSE,coarse_retention,0.40953446074834987,0.0038630180079386126,0.003861685981321241,0.003863669312317188
pixel,pixel MSE,coarse_retention,0.441037111575146,0.00435019471734464,0.004348117162956593,0.004351213138925731
pixel,pixel MSE,coarse_retention,0.4725397624019422,0.004837371426750669,0.0048345483445919445,0.0048387569655342745
pixel,pixel MSE,coarse_retention,0.5040424132287383,0.005762660993770585,0.005760475427765504,0.005767065492224605
pixel,pixel MSE,coarse_retention,0.5355450640555345,0.0067113797937335155,0.006709998034529989,0.006714150210684238
pixel,pixel MSE,coarse_retention,0.5670477148823306,0.007660098593696447,0.007659520641294474,0.007661234929143871
pixel,pixel MSE,coarse_retention,0.5985503657091268,0.008608817393659377,0.008608319647603502,0.008609043248058959
pixel,pixel MSE,coarse_retention,0.6300530165359229,0.009557536193622308,0.009555404366063135,0.009558565854823443
pixel,pixel MSE,coarse_retention,0.6615556673627191,0.010506254993585238,0.010502489084522768,0.010508088461587928
pixel,pixel MSE,coarse_retention,0.6930583181895152,0.011454973793548168,0.0114495738029824,0.011457611068352412
pixel,pixel MSE,coarse_retention,0.7245609690163114,0.0124036925935111,0.012396658521442033,0.012407133675116897
pixel,pixel MSE,coarse_retention,0.7560636198431074,0.01335241139347403,0.013343743239901663,0.01335665628188138
pixel,pixel MSE,coarse_retention,0.7875662706699036,0.01430113019343696,0.014290827958361294,0.014306178888645863
pixel,pixel MSE,coarse_retention,0.8190689214966997,0.015436325963645477,0.015427208977104563,0.015454759213356315
pixel,pixel MSE,coarse_retention,0.8505715723234959,0.01720587400164805,0.017197947941216124,0.017221884070989235
pixel,pixel MSE,coarse_retention,0.882074223150292,0.018975422039650622,0.018968686905327686,0.018989008928622153
pixel,pixel MSE,coarse_retention,0.9135768739770882,0.020744970077653198,0.02073942586943925,0.02075613378625507
pixel,pixel MSE,coarse_retention,0.9450795248038844,0.02251451811565577,0.02251016483355081,0.022523258643887992
pixel,pixel MSE,coarse_retention,0.9765821756306805,0.024284066153658343,0.024280903797662373,0.02429038350152091
pixel,pixel MSE,coarse_retention,1.0080848264574767,0.02605361419166092,0.026051642761773935,0.026057508359153825
pixel,pixel MSE,coarse_retention,1.0395874772842728,0.027823162229663488,0.027822381725885498,0.027824633216786746
pixel,pixel MSE,coarse_retention,1.071090128111069,0.029592710267666064,0.029591758074419664,0.02959312068999706
pixel,pixel MSE,coarse_retention,1.1025927789378651,0.03136225830566864,0.031358882932052586,0.031363859654108615
pixel,pixel MSE,coarse_retention,1.1340954297646613,0.03313180634367121,0.0331260077896855,0.033134598618220185
pixel,pixel MSE,coarse_retention,1.1655980805914574,0.034901354381673785,0.03489313264731842,0.03490533758233175
pixel,pixel MSE,coarse_retention,1.1971007314182536,0.036670902419676354,0.03666025750495134,0.0366760765464433
pixel,pixel MSE,coarse_retention,1.2286033822450497,0.03844045045767893,0.03842738236258426,0.03844681551055487
pixel,pixel MSE,coarse_retention,1.2601060330718459,0.040209998495681507,0.040194507220217175,0.040217554474666434
pixel,pixel MSE,coarse_retention,1.291608683898642,0.041979546533684076,0.0419616320778501,0.04198829343877799
pixel,pixel MSE,coarse_retention,1.3231113347254382,0.04374909457168665,0.04372875693548301,0.04375903240288956
pixel,pixel MSE,coarse_retention,1.3546139855522343,0.04551864260968922,0.045495881793115936,0.045529771367001114
pixel,pixel MSE,coarse_retention,1.3861166363790305,0.0472881906476918,0.047263006650748854,0.047300510331112676
pixel,pixel MSE,coarse_retention,1.4176192872058266,0.049057738685694366,0.049030131508381765,0.049071249295224245
pixel,pixel MSE,coarse_retention,1.4491219380326228,0.05082728672369694,0.05079725636601469,0.05084198825933581
pixel,pixel MSE,coarse_retention,1.480624588859419,0.05276290910015702,0.052742463789877465,0.052804288271020364
pixel,pixel MSE,coarse_retention,1.5121272396862149,0.055563704966749776,0.055544595040027386,0.05560236654272313
pixel,pixel MSE,coarse_retention,1.543629890513011,0.058364500833342554,0.05834672629017733,0.05840044481442591
pixel,pixel MSE,coarse_retention,1.5751325413398072,0.06116529669993534,0.06114885754032727,0.0611985230861287
pixel,pixel MSE,coarse_retention,1.6066351921666033,0.06396609256652812,0.06395098879047721,0.06399660135783149
pixel,pixel MSE,coarse_retention,1.6381378429933995,0.0667668884331209,0.06675312004062715,0.06679467962953425
pixel,pixel MSE,coarse_retention,1.6696404938201956,0.06956768429971368,0.0695552512907771,0.06959275790123705
pixel,pixel MSE,coarse_retention,1.7011431446469918,0.07236848016630645,0.07235738254092705,0.07239083617293984
pixel,pixel MSE,coarse_retention,1.732645795473788,0.07516927603289925,0.07515951379107698,0.07518891444464262
pixel,pixel MSE,coarse_retention,1.764148446300584,0.07797007189949201,0.07796164504122692,0.07798699271634539
pixel,pixel MSE,coarse_retention,1.7956510971273802,0.0807708677660848,0.08076377629137688,0.08078507098804819
pixel,pixel MSE,coarse_retention,1.8271537479541764,0.08357166363267758,0.0835659075415268,0.08358314925975098
pixel,pixel MSE,coarse_retention,1.8586563987809726,0.08637245949927036,0.08636803879167675,0.08638122753145375
pixel,pixel MSE,coarse_retention,1.8901590496077687,0.08917325536586314,0.08917017004182669,0.08917930580315653
pixel,pixel MSE,coarse_retention,1.9216617004345649,0.09197405123245592,0.09197230129197664,0.09197738407485932
pixel,pixel MSE,coarse_retention,1.953164351261361,0.09477484709904871,0.09477443254212659,0.09477546234656212
pixel,pixel MSE,coarse_retention,1.9846670020881572,0.09757564296564147,0.09757354061826488,0.09757656379227653
pixel,pixel MSE,coarse_retention,2.0161696529149533,0.10037643883223427,0.10037161888996766,0.10037869504242647
pixel,pixel MSE,coarse_retention,2.0476723037417495,0.10317723469882703,0.10316969716167046,0.10318082629257641
pixel,pixel MSE,coarse_retention,2.0791749545685456,0.10597803056541982,0.10596777543337324,0.10598295754272634
pixel,pixel MSE,coarse_retention,2.1106776053953418,0.1087788264320126,0.10876585370507602,0.10878508879287628
pixel,pixel MSE,coarse_retention,2.142180256222138,0.11157962229860538,0.1115639319767788,0.11158722004302624
pixel,pixel MSE,coarse_retention,2.173682907048934,0.11438041816519816,0.1143620102484816,0.11438935129317618
pixel,pixel MSE,coarse_retention,2.2051855578757302,0.11718121403179094,0.11716008852018438,0.11719148254332612
pixel,pixel MSE,coarse_retention,2.2366882087025264,0.11998200989838373,0.11995816679188716,0.11999361379347606
pixel,pixel MSE,coarse_retention,2.2681908595293225,0.1227828057649765,0.12275624506358995,0.122795745043626
pixel,pixel MSE,coarse_retention,2.2996935103561187,0.12558360163156929,0.1255543233352927,0.12559787629377595
pixel,pixel MSE,coarse_retention,2.331196161182915,0.12838439749816205,0.12835240160699551,0.1284000075439259
pixel,pixel MSE,coarse_retention,2.362698812009711,0.13118519336475484,0.1311504798786983,0.13120213879407583
pixel,pixel MSE,coarse_retention,2.394201462836507,0.13398598923134764,0.13394855815040108,0.13400427004422577
pixel,pixel MSE,coarse_retention,2.4257041136633033,0.1367867850979404,0.13674663642210388,0.1368064012943757
pixel,pixel MSE,coarse_retention,2.4572067644900994,0.1395875809645332,0.13954471469380667,0.13960853254452565
pixel,pixel MSE,coarse_retention,2.4887094153168956,0.14238837683112596,0.14234279296550942,0.1424106637946756
pixel,pixel MSE,coarse_retention,2.5202120661436918,0.14518917269771875,0.14514087123721223,0.14521279504482554
pixel,pixel MSE,coarse_retention,2.551714716970488,0.1479899685643115,0.14793894950891498,0.14801492629497548
pixel,pixel MSE,coarse_retention,2.583217367797284,0.1507907644309043,0.1507370277806178,0.15081705754512542
pixel,pixel MSE,coarse_retention,2.61472001862408,0.1535915602974971,0.15353510605232057,0.15361918879527536
pixel,pixel MSE,coarse_retention,2.6462226694508764,0.15642856101575917,0.15641178563559793,0.15648022613478343
pixel,pixel MSE,coarse_retention,2.6777253202776725,0.16031608491231544,0.160283704735119,0.16038165890724906
pixel,pixel MSE,coarse_retention,2.7092279711044687,0.16422457803407323,0.16419360614999076,0.16428728552475494
pixel,pixel MSE,coarse_retention,2.740730621931265,0.168133071155831,0.16810350756486256,0.16819291214226081
pixel,pixel MSE,coarse_retention,2.772233272758061,0.1720415642775888,0.17201340897973436,0.17209853875976672
pixel,pixel MSE,coarse_retention,2.803735923584857,0.1759500573993466,0.17592331039460615,0.17600416537727262
pixel,pixel MSE,coarse_retention,2.8352385744116533,0.1798585505211044,0.17983321180947792,0.17990979199477852
pixel,pixel MSE,coarse_retention,2.8667412252384494,0.18376704364286217,0.18374311322434972,0.1838154186122844
pixel,pixel MSE,coarse_retention,2.8982438760652456,0.18767553676461995,0.18765301463922152,0.18772104522979027
pixel,pixel MSE,coarse_retention,2.9297465268920417,0.19158402988637774,0.19156291605409329,0.19162667184729618
pixel,pixel MSE,coarse_retention,2.961249177718838,0.19549252300813555,0.19547281746896508,0.19553229846480208
pixel,pixel MSE,coarse_retention,2.992751828545634,0.19940101612989333,0.19938271888383688,0.19943792508230798
pixel,pixel MSE,coarse_retention,3.0242544793724297,0.20330950925165106,0.20329262029870862,0.2033435516998138
pixel,pixel MSE,coarse_retention,3.055757130199226,0.20721800237340887,0.2072025217135804,0.2072491783173197
pixel,pixel MSE,coarse_retention,3.087259781026022,0.21112649549516666,0.21111242312845216,0.2111548049348256
pixel,pixel MSE,coarse_retention,3.118762431852818,0.21503498861692444,0.21502232454332396,0.21506043155233148
pixel,pixel MSE,coarse_retention,3.1502650826796144,0.21894348173868222,0.21893222595819575,0.21896605816983739
pixel,pixel MSE,coarse_retention,3.1817677335064105,0.22285197486044,0.22284212737306752,0.22287168478734326
pixel,pixel MSE,coarse_retention,3.2132703843332067,0.22676046798219782,0.22675202878793932,0.22677731140484916
pixel,pixel MSE,coarse_retention,3.244773035160003,0.2306689611039556,0.23066193020281112,0.23068293802235507
pixel,pixel MSE,coarse_retention,3.276275685986799,0.2345774542257134,0.2345718316176829,0.23458856463986094
pixel,pixel MSE,coarse_retention,3.307778336813595,0.2384859473474712,0.23848173303255468,0.23849419125736684
pixel,pixel MSE,coarse_retention,3.3392809876403913,0.24239444046922898,0.24239163444742645,0.24239981787487272
pixel,pixel MSE,coarse_retention,3.3707836384671874,0.24630293359098676,0.24630153586229825,0.24630544449237862
pixel,pixel MSE,coarse_retention,3.4022862892939836,0.25021142671274454,0.2502110711098845,0.25021143727717005
pixel,pixel MSE,coarse_retention,3.4337889401207797,0.25411991983450233,0.25411669772739043,0.25412133869204184
pixel,pixel MSE,coarse_retention,3.465291590947576,0.2580284129562601,0.2580223243448963,0.2580312401069136
pixel,pixel MSE,coarse_retention,3.496794241774372,0.2619369060780179,0.2619279509624022,0.26194114152178544
pixel,pixel MSE,coarse_retention,3.528296892601168,0.26584539919977573,0.2658335775799081,0.26585104293665723
pixel,pixel MSE,coarse_retention,3.5597995434279643,0.2697538923215335,0.269739204197414,0.269760944351529
pixel,pixel MSE,coarse_retention,3.5913021942547605,0.2736623854432913,0.27364483081491986,0.2736708457664008
pixel,pixel MSE,coarse_retention,3.6228048450815566,0.2775708785650491,0.2775504574324258,0.27758074718127257
pixel,pixel MSE,coarse_retention,3.654307495908353,0.28147937168680687,0.28145608404993167,0.28149064859614437
pixel,pixel MSE,coarse_retention,3.685810146735149,0.2853878648085647,0.28536171066743754,0.28540055001101616
pixel,pixel MSE,coarse_retention,3.717312797561945,0.2892963579303225,0.2892673372849434,0.2893104514258879
pixel,pixel MSE,coarse_retention,3.7488154483887413,0.2932048510520803,0.29317296390244935,0.29322035284075976
pixel,pixel MSE,coarse_retention,3.7803180992155374,0.29711334417383806,0.2970785905199552,0.2971302542556315
pixel,pixel MSE,coarse_retention,3.8118207500423336,0.30102183729559584,0.3009842171374611,0.3010401556705033
pixel,pixel MSE,coarse_retention,3.8433234008691297,0.3049303304173536,0.304889843754967,0.3049500570853751
pixel,pixel MSE,coarse_retention,3.874826051695926,0.3088388235391114,0.3087954703724729,0.3088599585002469
pixel,pixel MSE,coarse_retention,3.906328702522722,0.3127473166608692,0.3127010969899788,0.31276985991511863
pixel,pixel MSE,coarse_retention,3.937831353349518,0.316655809782627,0.3166067236074847,0.3166797613299905
pixel,pixel MSE,coarse_retention,3.9693340041763143,0.32056430290438476,0.3205123502249906,0.3205896627448622
pixel,pixel MSE,coarse_retention,4.000836655003111,0.32447279602614265,0.3244179768424965,0.3244995641597341
pixel,pixel MSE,coarse_retention,4.032339305829907,0.3283812891479003,0.32832360346000233,0.3284094655746058
pixel,pixel MSE,coarse_retention,4.063841956656702,0.3322897822696581,0.3322292300775082,0.33231936698947756
pixel,pixel MSE,coarse_retention,4.095344607483499,0.33619827539141595,0.33613485669501414,0.3362292684043494
pixel,pixel MSE,coarse_retention,4.126847258310295,0.3401067685131737,0.34004048331252,0.3401391698192211
pixel,pixel MSE,coarse_retention,4.158349909137091,0.3440152616349315,0.34394610993002595,0.34404907123409295
pixel,pixel MSE,coarse_retention,4.189852559963887,0.34792375475668924,0.34785173654753176,0.3479589726489647
pixel,pixel MSE,coarse_retention,4.2213552107906835,0.35183224787844714,0.3517573631650377,0.3518688740638365
pixel,pixel MSE,coarse_retention,4.252857861617479,0.3557407410002048,0.35566298978254357,0.3557787754787083
pixel,pixel MSE,coarse_retention,4.284360512444276,0.3602199840451158,0.36018090560779414,0.3602991875231674
pixel,pixel MSE,coarse_retention,4.315863163271072,0.3652878145932295,0.36525020249937173,0.36536403204724804
pixel,pixel MSE,coarse_retention,4.347365814097868,0.3703556451413434,0.37031949939094944,0.37042887657132884
pixel,pixel MSE,coarse_retention,4.378868464924664,0.37542347568945716,0.375388796282527,0.3754937210954095
pixel,pixel MSE,coarse_retention,4.4103711157514605,0.38049130623757105,0.3804580931741048,0.38055856561949025
pixel,pixel MSE,coarse_retention,4.441873766578256,0.38555913678568476,0.3855273900656823,0.3856234101435709
pixel,pixel MSE,coarse_retention,4.473376417405053,0.39062696733379865,0.3905966869572601,0.39068825466765167
pixel,pixel MSE,coarse_retention,4.5048790682318485,0.39569479788191236,0.39566598384883767,0.39575309919173235
pixel,pixel MSE,coarse_retention,4.536381719058645,0.40076262843002625,0.40073528074041537,0.4008179437158131
pixel,pixel MSE,coarse_retention,4.567884369885441,0.40583045897814,0.405804577631993,0.4058827882398937
pixel,pixel MSE,coarse_retention,4.599387020712237,0.4108982895262539,0.4108738745235707,0.4109476327639745
pixel,pixel MSE,coarse_retention,4.630889671539033,0.4159661200743676,0.4159431714151483,0.4160124772880551
pixel,pixel MSE,coarse_retention,4.66239232236583,0.4210339506224815,0.421012468306726,0.4210773218121359
pixel,pixel MSE,coarse_retention,4.693894973192625,0.4261017811705953,0.4260817651983036,0.4261421663362166
pixel,pixel MSE,coarse_retention,4.725397624019422,0.43116961171870916,0.43115106208988135,0.43120701086029734
pixel,pixel MSE,coarse_retention,4.756900274846218,0.4362374422668229,0.4362203589814589,0.43627185538437796
pixel,pixel MSE,coarse_retention,4.788402925673014,0.44130527281493676,0.44128965587303665,0.44133669990845875
pixel,pixel MSE,coarse_retention,4.81990557649981,0.44637310336305047,0.44635895276461424,0.44640154443253943
pixel,pixel MSE,coarse_retention,4.851408227326607,0.45144093391116435,0.45142824965619194,0.45146638895662017
pixel,pixel MSE,coarse_retention,4.882910878153402,0.4565087644592781,0.4564975465477696,0.4565312334807008
pixel,pixel MSE,coarse_retention,4.914413528980199,0.461576595007392,0.4615668434393473,0.4615960780047816
pixel,pixel MSE,coarse_retention,4.945916179806995,0.4666444255555057,0.4666361403309249,0.4666609225288622
pixel,pixel MSE,coarse_retention,4.977418830633791,0.4717122561036196,0.47170543722250263,0.471725767052943
pixel,pixel MSE,coarse_retention,5.008921481460587,0.4767800866517334,0.47677473411408017,0.4767906115770237
pixel,pixel MSE,coarse_retention,5.0404241322873835,0.48184791719984726,0.4818440310056579,0.4818554561011044
pixel,pixel MSE,coarse_retention,5.071926783114179,0.486915747747961,0.4869133278972355,0.48692030062518504
pixel,pixel MSE,coarse_retention,5.103429433940976,0.49198357829607486,0.49198262478881327,0.49198514514926583
pixel,pixel MSE,coarse_retention,5.1349320847677715,0.49705140884418864,0.49704998967334646,0.49705192168039086
pixel,pixel MSE,coarse_retention,5.166434735594568,0.5021192393923025,0.5021148341974272,0.5021212185719686
pixel,pixel MSE,coarse_retention,5.197937386421364,0.5071870699404162,0.5071796787215079,0.5071905154635461
pixel,pixel MSE,coarse_retention,5.22944003724816,0.5122549004885302,0.5122445232455887,0.5122598123551239
pixel,pixel MSE,coarse_retention,5.260942688074956,0.5173227310366438,0.5173093677696693,0.5173291092467015
pixel,pixel MSE,coarse_retention,5.292445338901753,0.5223905615847577,0.5223742122937501,0.5223984061382791
pixel,pixel MSE,coarse_retention,5.323947989728548,0.5274583921328715,0.5274390568178307,0.5274677030298568
pixel,pixel MSE,coarse_retention,5.355450640555345,0.5325262226809854,0.5325039013419115,0.5325369999214346
pixel,pixel MSE,coarse_retention,5.386953291382141,0.5375940532290991,0.5375687458659921,0.5376062968130121
pixel,pixel MSE,coarse_retention,5.418455942208937,0.542661883777213,0.542633590390073,0.5426755937045898
pixel,pixel MSE,coarse_retention,5.449958593035733,0.5477297143253268,0.5476984349141536,0.5477448905961675
pixel,pixel MSE,coarse_retention,5.48146124386253,0.5527975448734406,0.5527632794382343,0.5528141874877451
pixel,pixel MSE,coarse_retention,5.512963894689325,0.5578653754215543,0.557828123962315,0.5578834843793227
pixel,pixel MSE,coarse_retention,5.544466545516122,0.5629332059696682,0.5628929684863957,0.5629527812709004
pixel,pixel MSE,coarse_retention,5.575969196342918,0.568001036517782,0.5679578130104764,0.5680220781624781
pixel,pixel MSE,coarse_retention,5.607471847169714,0.5730688670658959,0.5730226575345572,0.5730913750540557
pixel,pixel MSE,coarse_retention,5.63897449799651,0.5781366976140097,0.5780875020586378,0.5781606719456334
pixel,pixel MSE,coarse_retention,5.670477148823307,0.5832045281621234,0.5831523465827186,0.5832299688372111
pixel,pixel MSE,coarse_retention,5.701979799650102,0.5882723587102372,0.5882171911067992,0.5882992657287887
pixel,pixel MSE,coarse_retention,5.733482450476899,0.5933401892583511,0.59328203563088,0.5933685626203664
pixel,pixel MSE,coarse_retention,5.764985101303695,0.5984080198064649,0.5983468801549606,0.5984378595119441
pixel,pixel MSE,coarse_retention,5.796487752130491,0.6034758503545787,0.6034117246790414,0.6035071564035217
pixel,pixel MSE,coarse_retention,5.827990402957287,0.6085436809026925,0.6084765692031221,0.6085764532950992
pixel,pixel MSE,coarse_retention,5.8594930537840835,0.6136115114508063,0.6135414137272028,0.613645750186677
pixel,pixel MSE,coarse_retention,5.890995704610879,0.6192585856353886,0.6192270036500183,0.6193225597715837
pixel,pixel MSE,coarse_retention,5.922498355437676,0.6255563864633805,0.6255264091035844,0.6256170969953921
pixel,pixel MSE,coarse_retention,5.9540010062644715,0.6318541872913722,0.6318258145571503,0.6319116342192005
pixel,pixel MSE,coarse_retention,5.985503657091268,0.638151988119364,0.6381252200107164,0.638206171443009
pixel,pixel MSE,coarse_retention,6.017006307918064,0.6444497889473557,0.6444246254642823,0.6445007086668172
pixel,pixel MSE,coarse_retention,6.0485089587448595,0.6507475897753474,0.6507240309178481,0.6507952458906254
pixel,pixel MSE,coarse_retention,6.080011609571656,0.6570453906033393,0.6570234363714142,0.6570897831144339
pixel,pixel MSE,coarse_retention,6.111514260398452,0.663343191431331,0.6633228418249801,0.6633843203382421
pixel,pixel MSE,coarse_retention,6.143016911225248,0.6696409922593228,0.6696222472785462,0.6696788575620506
pixel,pixel MSE,coarse_retention,6.174519562052044,0.6759387930873145,0.6759216527321121,0.6759733947858589
pixel,pixel MSE,coarse_retention,6.206022212878841,0.6822365939153064,0.6822210581856782,0.6822679320096674
pixel,pixel MSE,coarse_retention,6.237524863705636,0.6885343947432981,0.6885204636392441,0.6885624692334756
pixel,pixel MSE,coarse_retention,6.269027514532433,0.69483219557129,0.6948198690928102,0.6948570064572841
pixel,pixel MSE,coarse_retention,6.300530165359229,0.7011299963992816,0.7011192745463761,0.7011515436810923
pixel,pixel MSE,coarse_retention,6.332032816186025,0.7074277972272736,0.7074186799999422,0.7074460809049008
pixel,pixel MSE,coarse_retention,6.363535467012821,0.7137255980552653,0.7137180854535082,0.7137406181287091
pixel,pixel MSE,coarse_retention,6.395038117839618,0.7200233988832572,0.7200174909070742,0.7200351553525175
pixel,pixel MSE,coarse_retention,6.426540768666413,0.7263211997112489,0.7263168963606402,0.7263296925763258
pixel,pixel MSE,coarse_retention,6.45804341949321,0.7326190005392407,0.7326163018142063,0.7326242298001342
pixel,pixel MSE,coarse_retention,6.489546070320006,0.7389168013672324,0.7389157072677722,0.7389187670239425
pixel,pixel MSE,coarse_retention,6.521048721146802,0.7452146021952243,0.745213304247751,0.7452151127213383
pixel,pixel MSE,coarse_retention,6.552551371973598,0.751512403023216,0.7515078414715594,0.7515145181749042
pixel,pixel MSE,coarse_retention,6.5840540228003945,0.7578102038512078,0.7578023786953677,0.7578139236284702
pixel,pixel MSE,coarse_retention,6.61555667362719,0.7641080046791995,0.7640969159191761,0.7641133290820361
pixel,pixel MSE,coarse_retention,6.647059324453987,0.7704058055071914,0.7703914531429844,0.7704127345356022
pixel,pixel MSE,coarse_retention,6.6785619752807825,0.7767036063351831,0.7766859903667928,0.7767121399891681
pixel,pixel MSE,coarse_retention,6.710064626107579,0.783001407163175,0.7829805275906012,0.7830115454427342
pixel,pixel MSE,coarse_retention,6.741567276934375,0.7892992079911667,0.7892750648144095,0.7893109508963001
pixel,pixel MSE,coarse_retention,6.7730699277611714,0.7955970088191585,0.7955696020382179,0.7956103563498663
pixel,pixel MSE,coarse_retention,6.804572578587967,0.8018948096471502,0.8018641392620262,0.8019097618034322
pixel,pixel MSE,coarse_retention,6.836075229414764,0.8081926104751421,0.8081586764858346,0.8082091672569983
pixel,pixel MSE,coarse_retention,6.8675778802415595,0.8144904113031338,0.8144532137096429,0.8145085727105642
pixel,pixel MSE,coarse_retention,6.899080531068356,0.8207882121311256,0.8207477509334513,0.8208079781641303
pixel,pixel MSE,coarse_retention,6.930583181895152,0.8270860129591173,0.8270422881572597,0.8271073836176962
pixel,pixel MSE,coarse_retention,6.962085832721948,0.834161864047342,0.8341446706976339,0.8341967600319937
pixel,pixel MSE,coarse_retention,6.993588483548744,0.8418421202573546,0.8418267407942653,0.8418733113298655
pixel,pixel MSE,coarse_retention,7.025091134375541,0.8495223764673675,0.849508810890897,0.8495498626277377
pixel,pixel MSE,coarse_retention,7.056593785202336,0.8572026326773801,0.8571908809875284,0.8572264139256095
pixel,pixel MSE,coarse_retention,7.088096436029133,0.8648828888873928,0.8648729510841601,0.8649029652234815
pixel,pixel MSE,coarse_retention,7.119599086855929,0.8725631450974055,0.8725550211807915,0.8725795165213533
pixel,pixel MSE,coarse_retention,7.151101737682725,0.8802434013074183,0.8802370912774231,0.8802560678192254
pixel,pixel MSE,coarse_retention,7.182604388509521,0.8879236575174309,0.8879191613740545,0.8879326191170972
pixel,pixel MSE,coarse_retention,7.214107039336318,0.8956039137274437,0.8956012314706862,0.8956091704149692
pixel,pixel MSE,coarse_retention,7.245609690163113,0.9032841699374563,0.9032833015673176,0.9032857217128412
pixel,pixel MSE,coarse_retention,7.27711234098991,0.9109644261474691,0.9109622730107132,0.9109653716639492
pixel,pixel MSE,coarse_retention,7.308614991816706,0.9186446823574818,0.918638824308585,0.9186474417605807
pixel,pixel MSE,coarse_retention,7.340117642643502,0.9263249385674945,0.926315375606457,0.9263295118572124
pixel,pixel MSE,coarse_retention,7.371620293470298,0.9340051947775071,0.933991926904329,0.9340115819538436
pixel,pixel MSE,coarse_retention,7.4031229442970945,0.94168545098752,0.941668478202201,0.9416936520504753
pixel,pixel MSE,coarse_retention,7.43462559512389,0.9500296912629597,0.9500244170185785,0.9500402692839338
pixel,pixel MSE,coarse_retention,7.466128245950687,0.9591992388555105,0.9591958221847823,0.9592061716770223
pixel,pixel MSE,coarse_retention,7.4976308967774825,0.9683687864480611,0.9683672273509858,0.9683720740701106
pixel,pixel MSE,coarse_retention,7.529133547604278,0.9775383340406116,0.9775379764631988,0.9775386325171892
pixel,pixel MSE,fine_retention,0.0,2.5999141471027268e-17,2.5999141471027268e-17,2.5999141471027268e-17
pixel,pixel MSE,fine_retention,0.031502650826796146,0.00039982592643533093,0.00039981245310063203,0.000399832599646111
pixel,pixel MSE,fine_retention,0.06300530165359229,0.0008447451168691085,0.0008447229290752812,0.0008447898647789216
pixel,pixel MSE,fine_retention,0.09450795248038843,0.0013209066432805076,0.0013208593719363283,0.0013209297213098692
pixel,pixel MSE,fine_retention,0.12601060330718458,0.0018262339655137536,0.00182621782959067,0.0018262659815075292
pixel,pixel MSE,fine_retention,0.15751325413398073,0.002348075464143028,0.0023479563862378256,0.00234813365721049
pixel,pixel MSE,fine_retention,0.18901590496077686,0.0029022954497564847,0.002902127755352451,0.002902632905730398
pixel,pixel MSE,fine_retention,0.220518555787573,0.0035198872401466536,0.00351984546867398,0.0035199062940543977
pixel,pixel MSE,fine_retention,0.25202120661436916,0.0041374790305368225,0.004137058031617563,0.004137684832756344
pixel,pixel MSE,fine_retention,0.2835238574411653,0.004755070820926991,0.004754270594561145,0.00475546337145829
pixel,pixel MSE,fine_retention,0.31502650826796147,0.005575917540470747,0.005575282795946612,0.005577193009910706
pixel,pixel MSE,fine_retention,0.3465291590947576,0.006459661674830102,0.006459547025174074,0.006459880449630056
pixel,pixel MSE,fine_retention,0.3780318099215537,0.007343405809189456,0.007342567889349403,0.007343811254401533
pixel,pixel MSE,fine_retention,0.40953446074834987,0.008227149943548812,0.00822525532906875,0.008228075483628996
pixel,pixel MSE,fine_retention,0.441037111575146,0.009110894077908167,0.0091079427687881,0.009112339712856457
pixel,pixel MSE,fine_retention,0.4725397624019422,0.009994638212267521,0.00999063020850745,0.009996603942083918
pixel,pixel MSE,fine_retention,0.5040424132287383,0.011462957536174604,0.01146008189558218,0.011468755997180674
pixel,pixel MSE,fine_retention,0.5355450640555345,0.012962538549965005,0.012960651878629796,0.012966325527678933
pixel,pixel MSE,fine_retention,0.5670477148823306,0.014462119563755406,0.014461221861677413,0.014463895058177193
pixel,pixel MSE,fine_retention,0.5985503657091268,0.015961700577545805,0.015961464588675454,0.01596179184472503
pixel,pixel MSE,fine_retention,0.6300530165359229,0.017461281591336208,0.017459034119173714,0.017462361827772648
pixel,pixel MSE,fine_retention,0.6615556673627191,0.01896086260512661,0.018956603649671975,0.018962931810820267
pixel,pixel MSE,fine_retention,0.6930583181895152,0.02046044361891701,0.020454173180170235,0.020463501793867883
pixel,pixel MSE,fine_retention,0.7245609690163114,0.021960024632707412,0.021951742710668493,0.021964071776915502
pixel,pixel MSE,fine_retention,0.7560636198431074,0.023459605646497808,0.023449312241166746,0.02346464175996311
pixel,pixel MSE,fine_retention,0.7875662706699036,0.024959186660288207,0.024946881771665007,0.02496521174301073
pixel,pixel MSE,fine_retention,0.8190689214966997,0.026660778084008366,0.02665152330117696,0.026679503811319085
pixel,pixel MSE,fine_retention,0.8505715723234959,0.02904956300668006,0.029041460052397605,0.029065943912962355
pixel,pixel MSE,fine_retention,0.882074223150292,0.031438347929351754,0.03143139680361825,0.03145238401460562
pixel,pixel MSE,fine_retention,0.9135768739770882,0.03382713285202345,0.03382133355483889,0.03383882411624889
pixel,pixel MSE,fine_retention,0.9450795248038844,0.03621591777469514,0.03621127030605953,0.03622526421789216
pixel,pixel MSE,fine_retention,0.9765821756306805,0.038604702697366836,0.03860120705728018,0.03861170431953543
pixel,pixel MSE,fine_retention,1.0080848264574767,0.04099348762003853,0.04099114380850082,0.0409981444211787
pixel,pixel MSE,fine_retention,1.0395874772842728,0.043382272542710223,0.043381080559721466,0.04338458452282197
pixel,pixel MSE,fine_retention,1.071090128111069,0.045771016414236074,0.04577100910071294,0.04577104925515275
pixel,pixel MSE,fine_retention,1.1025927789378651,0.04815984238805361,0.04815746472610851,0.048160954062162746
pixel,pixel MSE,fine_retention,1.1340954297646613,0.050548627310725305,0.05054390482775178,0.05055089081338339
pixel,pixel MSE,fine_retention,1.1655980805914574,0.052937412233397,0.05293034492939505,0.05294082756460403
pixel,pixel MSE,fine_retention,1.1971007314182536,0.05532619715606869,0.05531678503103832,0.055330764315824676
pixel,pixel MSE,fine_retention,1.2286033822450497,0.05771498207874039,0.057703225132681585,0.05772070106704533
pixel,pixel MSE,fine_retention,1.2601060330718459,0.06010376700141208,0.06008966523432485,0.060110637818265956
pixel,pixel MSE,fine_retention,1.291608683898642,0.062492551924083775,0.06247610533596812,0.0625005745694866
pixel,pixel MSE,fine_retention,1.3231113347254382,0.06488133684675547,0.06486254543761139,0.06489051132070725
pixel,pixel MSE,fine_retention,1.3546139855522343,0.06727012176942715,0.06724898553925465,0.06728044807192789
pixel,pixel MSE,fine_retention,1.3861166363790305,0.06965890669209884,0.06963542564089793,0.06967038482314854
pixel,pixel MSE,fine_retention,1.4176192872058266,0.07204769161477054,0.07202186574254119,0.07206032157436917
pixel,pixel MSE,fine_retention,1.4491219380326228,0.07443647653744223,0.07440830584418448,0.07445025832558981
pixel,pixel MSE,fine_retention,1.480624588859419,0.07697143318637885,0.07695436095350956,0.07700600180256909
pixel,pixel MSE,fine_retention,1.5121272396862149,0.08026787956181941,0.08025189093095202,0.08030024183217145
pixel,pixel MSE,fine_retention,1.543629890513011,0.08356432593726,0.0835494209083945,0.08359448186177386
pixel,pixel MSE,fine_retention,1.5751325413398072,0.08686077231270059,0.08684695088583698,0.08688872189137625
pixel,pixel MSE,fine_retention,1.6066351921666033,0.09015721868814118,0.09014448086327945,0.09018296192097865
pixel,pixel MSE,fine_retention,1.6381378429933995,0.09345366506358177,0.09344201084072193,0.09347720195058104
pixel,pixel MSE,fine_retention,1.6696404938201956,0.09675011143902236,0.09673954081816441,0.09677144198018343
pixel,pixel MSE,fine_retention,1.7011431446469918,0.10004655781446295,0.10003707079560689,0.10006568200978583
pixel,pixel MSE,fine_retention,1.732645795473788,0.10334300418990354,0.10333460077304936,0.10335992203938822
pixel,pixel MSE,fine_retention,1.764148446300584,0.10663945056534413,0.10663213075049184,0.10665416206899062
pixel,pixel MSE,fine_retention,1.7956510971273802,0.10993589694078472,0.10992966072793432,0.10994840209859301
pixel,pixel MSE,fine_retention,1.8271537479541764,0.11323234331622531,0.1132271907053768,0.1132426421281954
pixel,pixel MSE,fine_retention,1.8586563987809726,0.1165287896916659,0.11652472068281929,0.1165368821577978
pixel,pixel MSE,fine_retention,1.8901590496077687,0.11982523606710649,0.11982225066026175,0.11983112218740019
pixel,pixel MSE,fine_retention,1.9216617004345649,0.12312168244254708,0.12311978063770423,0.1231253622170026
pixel,pixel MSE,fine_retention,1.953164351261361,0.12641812881798767,0.12641731061514672,0.12641960224660498
pixel,pixel MSE,fine_retention,1.9846670020881572,0.12971457519342827,0.12971384227620741,0.1297148405925892
pixel,pixel MSE,fine_retention,2.0161696529149533,0.13301102156886885,0.1330080823058098,0.13301237057003168
pixel,pixel MSE,fine_retention,2.0476723037417495,0.13630746794430942,0.13630232233541217,0.13630990054747416
pixel,pixel MSE,fine_retention,2.0791749545685456,0.13960391431975003,0.13959656236501458,0.13960743052491664
pixel,pixel MSE,fine_retention,2.1106776053953418,0.14290036069519063,0.142890802394617,0.14290496050235912
pixel,pixel MSE,fine_retention,2.142180256222138,0.1461968070706312,0.14618504242421937,0.14620249047980158
pixel,pixel MSE,fine_retention,2.173682907048934,0.14949325344607178,0.14947928245382175,0.14950002045724406
pixel,pixel MSE,fine_retention,2.2051855578757302,0.1527896998215124,0.15277352248342418,0.15279755043468654
pixel,pixel MSE,fine_retention,2.2366882087025264,0.156086146196953,0.15606776251302656,0.15609508041212902
pixel,pixel MSE,fine_retention,2.2681908595293225,0.15938259257239357,0.15936200254262897,0.1593926103895715
pixel,pixel MSE,fine_retention,2.2996935103561187,0.16267903894783414,0.16265624257223132,0.16269014036701399
pixel,pixel MSE,fine_retention,2.331196161182915,0.16597548532327472,0.16595048260183376,0.16598767034445647
pixel,pixel MSE,fine_retention,2.362698812009711,0.16927193169871532,0.16924472263143614,0.16928520032189895
pixel,pixel MSE,fine_retention,2.394201462836507,0.17256837807415593,0.17253896266103855,0.1725827302993414
pixel,pixel MSE,fine_retention,2.4257041136633033,0.1758648244495965,0.17583320269064093,0.17588026027678388
pixel,pixel MSE,fine_retention,2.4572067644900994,0.17916127082503708,0.17912744272024334,0.17917779025422637
pixel,pixel MSE,fine_retention,2.4887094153168956,0.18245771720047768,0.18242168274984571,0.18247532023166885
pixel,pixel MSE,fine_retention,2.5202120661436918,0.18575416357591829,0.18571592277944812,0.18577285020911133
pixel,pixel MSE,fine_retention,2.551714716970488,0.18905060995135886,0.18901016280905053,0.1890703801865538
pixel,pixel MSE,fine_retention,2.583217367797284,0.19234705632679944,0.1923044028386529,0.1923679101639963
pixel,pixel MSE,fine_retention,2.61472001862408,0.19564350270224004,0.19559864286825532,0.19566544014143875
pixel,pixel MSE,fine_retention,2.6462226694508764,0.1989687253791814,0.19895499682099654,0.1990052615149285
pixel,pixel MSE,fine_retention,2.6777253202776725,0.20309251669241565,0.20306871884953795,0.2031407121242075
pixel,pixel MSE,fine_retention,2.7092279711044687,0.20723346870338097,0.20721068720456773,0.20727959487303274
pixel,pixel MSE,fine_retention,2.740730621931265,0.21137442071434628,0.21135265555959748,0.21141847762185795
pixel,pixel MSE,fine_retention,2.772233272758061,0.2155153727253116,0.21549462391462723,0.21555736037068315
pixel,pixel MSE,fine_retention,2.803735923584857,0.21965632473627691,0.21963659226965698,0.21969624311950836
pixel,pixel MSE,fine_retention,2.8352385744116533,0.22379727674724223,0.22377856062468673,0.22383512586833357
pixel,pixel MSE,fine_retention,2.8667412252384494,0.22793822875820755,0.2279205289797165,0.2279740086171588
pixel,pixel MSE,fine_retention,2.8982438760652456,0.23207918076917283,0.23206249733474626,0.232112891365984
pixel,pixel MSE,fine_retention,2.9297465268920417,0.23622013278013815,0.23620446568977604,0.23625177411480924
pixel,pixel MSE,fine_retention,2.961249177718838,0.24036108479110346,0.2403464340448058,0.24039065686363445
pixel,pixel MSE,fine_retention,2.992751828545634,0.24450203680206878,0.24448840239983555,0.24452953961245966
pixel,pixel MSE,fine_retention,3.0242544793724297,0.24864298881303404,0.24863037075486524,0.2486684223612848
pixel,pixel MSE,fine_retention,3.055757130199226,0.25278394082399935,0.252772339109895,0.25280730511011
pixel,pixel MSE,fine_retention,3.087259781026022,0.25692489283496467,0.2569143074649248,0.25694618785893525
pixel,pixel MSE,fine_retention,3.118762431852818,0.26106584484593,0.2610562758199545,0.2610850706077604
pixel,pixel MSE,fine_retention,3.1502650826796144,0.2652067968568953,0.2651982441749843,0.26522395335658566
pixel,pixel MSE,fine_retention,3.1817677335064105,0.2693477488678606,0.26934021253001406,0.2693628361054109
pixel,pixel MSE,fine_retention,3.2132703843332067,0.27348870087882593,0.27348218088504384,0.27350171885423613
pixel,pixel MSE,fine_retention,3.244773035160003,0.27762965288979125,0.2776241492400736,0.2776406016030613
pixel,pixel MSE,fine_retention,3.276275685986799,0.28177060490075656,0.28176611759510334,0.28177948435188654
pixel,pixel MSE,fine_retention,3.307778336813595,0.2859115569117219,0.28590808595013306,0.2859183671007118
pixel,pixel MSE,fine_retention,3.3392809876403913,0.2900525089226872,0.29005005430516284,0.29005724984953696
pixel,pixel MSE,fine_retention,3.3707836384671874,0.2941934609336525,0.2941920226601926,0.2941961325983622
pixel,pixel MSE,fine_retention,3.4022862892939836,0.2983344129446178,0.29833399101522234,0.2983350153471874
pixel,pixel MSE,fine_retention,3.4337889401207797,0.3024753649555831,0.3024738980960126,0.3024759593702521
pixel,pixel MSE,fine_retention,3.465291590947576,0.3066163169665484,0.3066127808448378,0.30661792772528185
pixel,pixel MSE,fine_retention,3.496794241774372,0.3107572689775137,0.310751663593663,0.3107598960803116
pixel,pixel MSE,fine_retention,3.528296892601168,0.314898220988479,0.31489054634248825,0.3149018644353414
pixel,pixel MSE,fine_retention,3.5597995434279643,0.31903917299944434,0.31902942909131343,0.31904383279037113
pixel,pixel MSE,fine_retention,3.5913021942547605,0.32318012501040966,0.32316831184013867,0.3231858011454009
pixel,pixel MSE,fine_retention,3.6228048450815566,0.327321077021375,0.3273071945889639,0.3273277695004307
pixel,pixel MSE,fine_retention,3.654307495908353,0.3314620290323403,0.33144607733778914,0.33146973785546047
pixel,pixel MSE,fine_retention,3.685810146735149,0.3356029810433056,0.3355849600866143,0.33561170621049025
pixel,pixel MSE,fine_retention,3.717312797561945,0.3397439330542709,0.33972384283543955,0.33975367456551997
pixel,pixel MSE,fine_retention,3.7488154483887413,0.34388488506523623,0.3438627255842648,0.3438956429205497
pixel,pixel MSE,fine_retention,3.7803180992155374,0.34802583707620155,0.34800160833308996,0.3480376112755795
pixel,pixel MSE,fine_retention,3.8118207500423336,0.3521667890871668,0.3521404910819152,0.35217957963060925
pixel,pixel MSE,fine_retention,3.8433234008691297,0.3563077410981321,0.35627937383074043,0.356321547985639
pixel,pixel MSE,fine_retention,3.874826051695926,0.36044869310909744,0.3604182565795656,0.3604635163406687
pixel,pixel MSE,fine_retention,3.906328702522722,0.36458964512006276,0.3645571393283908,0.3646054846956985
pixel,pixel MSE,fine_retention,3.937831353349518,0.36873059713102807,0.368696022077216,0.36874745305072826
pixel,pixel MSE,fine_retention,3.9693340041763143,0.3728715491419934,0.37283490482604126,0.37288942140575804
pixel,pixel MSE,fine_retention,4.000836655003111,0.3770125011529588,0.37697378757486655,0.37703138976078787
pixel,pixel MSE,fine_retention,4.032339305829907,0.381153453163924,0.38111267032369167,0.38117335811581754
pixel,pixel MSE,fine_retention,4.063841956656702,0.38529440517488933,0.38525155307251685,0.38531532647084726
pixel,pixel MSE,fine_retention,4.095344607483499,0.38943535718585465,0.38939043582134214,0.3894572948258771
pixel,pixel MSE,fine_retention,4.126847258310295,0.3935763091968199,0.3935293185701673,0.39359926318090677
pixel,pixel MSE,fine_retention,4.158349909137091,0.3977172612077853,0.39766820131899255,0.3977412315359366
pixel,pixel MSE,fine_retention,4.189852559963887,0.40185821321875054,0.4018070840678177,0.4018831998909663
pixel,pixel MSE,fine_retention,4.2213552107906835,0.4059991652297159,0.40594596681664297,0.4060251682459961
pixel,pixel MSE,fine_retention,4.252857861617479,0.41014011724068117,0.41008484956546815,0.4101671366010258
pixel,pixel MSE,fine_retention,4.284360512444276,0.4146770297159165,0.4146505610252625,0.4147306693953558
pixel,pixel MSE,fine_retention,4.315863163271072,0.41962227756112297,0.4195967920506391,0.4196739153543833
pixel,pixel MSE,fine_retention,4.347365814097868,0.4245675254063295,0.4245430230760158,0.424617161313411
pixel,pixel MSE,fine_retention,4.378868464924664,0.429512773251536,0.42948925410139244,0.4295604072724385
pixel,pixel MSE,fine_retention,4.4103711157514605,0.4344580210967426,0.43443548512676916,0.4345036532314662
pixel,pixel MSE,fine_retention,4.441873766578256,0.439403268941949,0.4393817161521458,0.43944689919049373
pixel,pixel MSE,fine_retention,4.473376417405053,0.4443485167871556,0.4443279471775225,0.44439014514952135
pixel,pixel MSE,fine_retention,4.5048790682318485,0.449293764632362,0.4492741782028991,0.4493333911085489
pixel,pixel MSE,fine_retention,4.536381719058645,0.4542390124775686,0.45422040922827583,0.4542766370675766
pixel,pixel MSE,fine_retention,4.567884369885441,0.45918426032277504,0.4591666402536524,0.4592198830266041
pixel,pixel MSE,fine_retention,4.599387020712237,0.4641295081679816,0.4641128712790291,0.4641631289856318
pixel,pixel MSE,fine_retention,4.630889671539033,0.46907475601318804,0.46905910230440573,0.46910637494465934
pixel,pixel MSE,fine_retention,4.66239232236583,0.4740200038583946,0.47400533332978245,0.47404962090368696
pixel,pixel MSE,fine_retention,4.693894973192625,0.47896525170360105,0.478951564355159,0.47899286686271453
pixel,pixel MSE,fine_retention,4.725397624019422,0.4839104995488076,0.48389779538053573,0.4839361128217422
pixel,pixel MSE,fine_retention,4.756900274846218,0.48885574739401405,0.48884402640591235,0.4888793587807697
pixel,pixel MSE,fine_retention,4.788402925673014,0.4938009952392206,0.49379025743128907,0.4938226047397974
pixel,pixel MSE,fine_retention,4.81990557649981,0.49874624308442705,0.4987364884566657,0.4987658506988249
pixel,pixel MSE,fine_retention,4.851408227326607,0.5036914909296336,0.5036827194820425,0.5037090966578526
pixel,pixel MSE,fine_retention,4.882910878153402,0.5086367387748401,0.5086289505074191,0.5086523426168801
pixel,pixel MSE,fine_retention,4.914413528980199,0.5135819866200466,0.5135751815327958,0.5135955885759078
pixel,pixel MSE,fine_retention,4.945916179806995,0.5185272344652531,0.5185214125581723,0.5185388345349353
pixel,pixel MSE,fine_retention,4.977418830633791,0.5234724823104596,0.523467643583549,0.5234820804939629
pixel,pixel MSE,fine_retention,5.008921481460587,0.5284177301556661,0.5284138746089256,0.5284253264529906
pixel,pixel MSE,fine_retention,5.0404241322873835,0.5333629780008726,0.5333601056343024,0.5333685724120182
pixel,pixel MSE,fine_retention,5.071926783114179,0.5383082258460791,0.538306336659679,0.5383118183710457
pixel,pixel MSE,fine_retention,5.103429433940976,0.5432534736912857,0.5432525676850557,0.5432550643300733
pixel,pixel MSE,fine_retention,5.1349320847677715,0.5481987215364921,0.5481983102891009,0.5481987987104323
pixel,pixel MSE,fine_retention,5.166434735594568,0.5531439693816986,0.5531415562481286,0.553145029735809
pixel,pixel MSE,fine_retention,5.197937386421364,0.5580892172269052,0.5580848022071561,0.5580912607611856
pixel,pixel MSE,fine_retention,5.22944003724816,0.5630344650721117,0.5630280481661838,0.5630374917865624
pixel,pixel MSE,fine_retention,5.260942688074956,0.5679797129173181,0.5679712941252113,0.5679837228119389
pixel,pixel MSE,fine_retention,5.292445338901753,0.5729249607625247,0.572914540084239,0.5729299538373156
pixel,pixel MSE,fine_retention,5.323947989728548,0.5778702086077312,0.5778577860432665,0.5778761848626922
pixel,pixel MSE,fine_retention,5.355450640555345,0.5828154564529378,0.5828010320022943,0.5828224158880689
pixel,pixel MSE,fine_retention,5.386953291382141,0.5877607042981442,0.5877442779613217,0.5877686469134455
pixel,pixel MSE,fine_retention,5.418455942208937,0.5927059521433508,0.5926875239203494,0.5927148779388223
pixel,pixel MSE,fine_retention,5.449958593035733,0.5976511999885572,0.597630769879377,0.5976611089641989
pixel,pixel MSE,fine_retention,5.48146124386253,0.6025964478337638,0.6025740158384045,0.6026073399895756
pixel,pixel MSE,fine_retention,5.512963894689325,0.6075416956789702,0.6075172617974322,0.6075535710149522
pixel,pixel MSE,fine_retention,5.544466545516122,0.6124869435241768,0.6124605077564598,0.6124998020403289
pixel,pixel MSE,fine_retention,5.575969196342918,0.6174321913693832,0.6174037537154873,0.6174460330657054
pixel,pixel MSE,fine_retention,5.607471847169714,0.6223774392145898,0.622346999674515,0.6223922640910822
pixel,pixel MSE,fine_retention,5.63897449799651,0.6273226870597962,0.6272902456335425,0.6273384951164588
pixel,pixel MSE,fine_retention,5.670477148823307,0.6322679349050028,0.6322334915925701,0.6322847261418355
pixel,pixel MSE,fine_retention,5.701979799650102,0.6372131827502092,0.6371767375515978,0.6372309571672121
pixel,pixel MSE,fine_retention,5.733482450476899,0.6421584305954158,0.6421199835106255,0.6421771881925888
pixel,pixel MSE,fine_retention,5.764985101303695,0.6471036784406222,0.6470632294696529,0.6471234192179655
pixel,pixel MSE,fine_retention,5.796487752130491,0.6520489262858288,0.6520064754286806,0.6520696502433422
pixel,pixel MSE,fine_retention,5.827990402957287,0.6569941741310352,0.6569497213877081,0.6570158812687188
pixel,pixel MSE,fine_retention,5.8594930537840835,0.6619394219762418,0.6618929673467357,0.6619621122940955
pixel,pixel MSE,fine_retention,5.890995704610879,0.6672585324510417,0.6672387430949241,0.6672986409692002
pixel,pixel MSE,fine_retention,5.922498355437676,0.6729976430065243,0.6729788426038023,0.6730357399253357
pixel,pixel MSE,fine_retention,5.9540010062644715,0.6787367535620068,0.6787189421126802,0.678772838881471
pixel,pixel MSE,fine_retention,5.985503657091268,0.6844758641174894,0.6844590416215584,0.6845099378376064
pixel,pixel MSE,fine_retention,6.017006307918064,0.6902149746729718,0.6901991411304362,0.6902470367937417
pixel,pixel MSE,fine_retention,6.0485089587448595,0.6959540852284543,0.6959392406393143,0.6959841357498769
pixel,pixel MSE,fine_retention,6.080011609571656,0.7016931957839369,0.7016793401481924,0.7017212347060124
pixel,pixel MSE,fine_retention,6.111514260398452,0.7074323063394192,0.7074194396570703,0.7074583336621477
pixel,pixel MSE,fine_retention,6.143016911225248,0.7131714168949018,0.7131595391659484,0.7131954326182831
pixel,pixel MSE,fine_retention,6.174519562052044,0.7189105274503843,0.7188996386748264,0.7189325315744185
pixel,pixel MSE,fine_retention,6.206022212878841,0.7246496380058669,0.7246397381837046,0.724669630530554
pixel,pixel MSE,fine_retention,6.237524863705636,0.7303887485613493,0.7303798376925826,0.7304067294866892
pixel,pixel MSE,fine_retention,6.269027514532433,0.7361278591168319,0.7361199372014607,0.7361438284428247
pixel,pixel MSE,fine_retention,6.300530165359229,0.7418669696723144,0.7418600367103386,0.7418809273989599
pixel,pixel MSE,fine_retention,6.332032816186025,0.747606080227797,0.7476001362192167,0.7476180263550953
pixel,pixel MSE,fine_retention,6.363535467012821,0.7533451907832793,0.7533402357280947,0.7533551253112306
pixel,pixel MSE,fine_retention,6.395038117839618,0.7590843013387619,0.7590803352369729,0.7590922242673661
pixel,pixel MSE,fine_retention,6.426540768666413,0.7648234118942444,0.7648204347458508,0.7648293232235014
pixel,pixel MSE,fine_retention,6.45804341949321,0.770562522449727,0.7705605342547289,0.7705664221796369
pixel,pixel MSE,fine_retention,6.489546070320006,0.7763016330052094,0.7763006337636069,0.7763035211357722
pixel,pixel MSE,fine_retention,6.521048721146802,0.7820407307004333,0.7820406175198559,0.7820407409886403
pixel,pixel MSE,fine_retention,6.552551371973598,0.7877798541161745,0.787777719048043,0.787780832781363
pixel,pixel MSE,fine_retention,6.5840540228003945,0.793518964671657,0.7935148180041783,0.7935209322902411
pixel,pixel MSE,fine_retention,6.61555667362719,0.7992580752271394,0.7992519169603136,0.7992610317991191
pixel,pixel MSE,fine_retention,6.647059324453987,0.804997185782622,0.804989015916449,0.8050011313079972
pixel,pixel MSE,fine_retention,6.6785619752807825,0.8107362963381045,0.8107261148725843,0.8107412308168752
pixel,pixel MSE,fine_retention,6.710064626107579,0.8164754068935871,0.8164632138287198,0.8164813303257534
pixel,pixel MSE,fine_retention,6.741567276934375,0.8222145174490695,0.8222003127848551,0.8222214298346313
pixel,pixel MSE,fine_retention,6.7730699277611714,0.8279536280045521,0.8279374117409906,0.8279615293435094
pixel,pixel MSE,fine_retention,6.804572578587967,0.8336927385600346,0.8336745106971258,0.8337016288523874
pixel,pixel MSE,fine_retention,6.836075229414764,0.839431849115517,0.8394116096532613,0.8394417283612655
pixel,pixel MSE,fine_retention,6.8675778802415595,0.8451709596709995,0.8451487086093966,0.8451818278701435
pixel,pixel MSE,fine_retention,6.899080531068356,0.8509100702264821,0.850885807565532,0.8509219273790217
pixel,pixel MSE,fine_retention,6.930583181895152,0.8566491807819646,0.8566229065216673,0.8566620268878996
pixel,pixel MSE,fine_retention,6.962085832721948,0.8628360384561108,0.8628266815933211,0.8628550588744236
pixel,pixel MSE,fine_retention,6.993588483548744,0.8693707151152479,0.8693623233483233,0.8693877587849052
pixel,pixel MSE,fine_retention,7.025091134375541,0.8759053917743851,0.8758979651033258,0.8759204586953869
pixel,pixel MSE,fine_retention,7.056593785202336,0.8824400684335221,0.8824336068583282,0.8824531586058685
pixel,pixel MSE,fine_retention,7.088096436029133,0.8889747450926594,0.8889692486133306,0.8889858585163503
pixel,pixel MSE,fine_retention,7.119599086855929,0.8955094217517964,0.8955048903683329,0.8955185584268318
pixel,pixel MSE,fine_retention,7.151101737682725,0.9020440984109336,0.9020405321233353,0.9020512583373136
pixel,pixel MSE,fine_retention,7.182604388509521,0.9085787750700707,0.9085761738783378,0.9085839582477951
pixel,pixel MSE,fine_retention,7.214107039336318,0.9151134517292079,0.9151118156333402,0.9151166581582769
pixel,pixel MSE,fine_retention,7.245609690163113,0.921648128388345,0.9216474573883425,0.9216493580687585
pixel,pixel MSE,fine_retention,7.27711234098991,0.9281828050474822,0.9281820579792402,0.928183099143345
pixel,pixel MSE,fine_retention,7.308614991816706,0.9347174817066193,0.9347147578897218,0.9347187408983473
pixel,pixel MSE,fine_retention,7.340117642643502,0.9412521583657565,0.9412474578002035,0.9412543826533498
pixel,pixel MSE,fine_retention,7.371620293470298,0.9477868350248935,0.947780157710685,0.947790024408352
pixel,pixel MSE,fine_retention,7.4031229442970945,0.9543215116840307,0.9543128576211668,0.9543256661633546
pixel,pixel MSE,fine_retention,7.43462559512389,0.9611778162963596,0.9611754584809942,0.9611825062764583
pixel,pixel MSE,fine_retention,7.466128245950687,0.9684338924046896,0.9684323558512249,0.9684370175729251
pixel,pixel MSE,fine_retention,7.4976308967774825,0.9756899685130194,0.9756892532214555,0.9756915288693918
pixel,pixel MSE,fine_retention,7.529133547604278,0.9829460446213492,0.9829460401658585,0.9829461505916861
pixel,pixel MSE,fine_increment_retention,0.0,0.0,0.0,0.0
pixel,pixel MSE,fine_increment_retention,0.031502650826796146,0.00043383927576337485,0.00043382571892910883,0.0004338460240967264
pixel,pixel MSE,fine_increment_retention,0.06300530165359229,0.0009137907030823616,0.0009137723504549527,0.0009138276840788226
pixel,pixel MSE,fine_increment_retention,0.09450795248038843,0.001420482611691414,0.0014204431908633457,0.0014205018636664398
pixel,pixel MSE,fine_increment_retention,0.12601060330718458,0.0019540218191522363,0.0019540097854633064,0.001954045473569037
pixel,pixel MSE,fine_increment_retention,0.15751325413398073,0.002502762430055063,0.002502627034206559,0.0025028287138496664
pixel,pixel MSE,fine_increment_retention,0.18901590496077686,0.0030931204450074514,0.003092894381496611,0.0030935749323158434
pixel,pixel MSE,fine_increment_retention,0.220518555787573,0.003764932852996509,0.003764842656095799,0.0037649751950744317
pixel,pixel MSE,fine_increment_retention,0.25202120661436916,0.004436745260985567,0.004436110379875754,0.0044370560086522525
pixel,pixel MSE,fine_increment_retention,0.2835238574411653,0.0051085576689746245,0.005107378103655709,0.005109136822230073
pixel,pixel MSE,fine_increment_retention,0.31502650826796147,0.006090006204311736,0.006089021259478248,0.006091985894861542
pixel,pixel MSE,fine_increment_retention,0.3465291590947576,0.007167271908879661,0.007167085590173304,0.007167628757653678
pixel,pixel MSE,fine_increment_retention,0.3780318099215537,0.008244537613447584,0.008243271620445811,0.008245149920868356
pixel,pixel MSE,fine_increment_retention,0.40953446074834987,0.00932180331801551,0.009318914483237947,0.009323214251563412
pixel,pixel MSE,fine_increment_retention,0.441037111575146,0.010399069022583434,0.010394557346030084,0.010401278582258467
pixel,pixel MSE,fine_increment_retention,0.4725397624019422,0.011476334727151358,0.011470200208822218,0.011479342912953522
pixel,pixel MSE,fine_increment_retention,0.5040424132287383,0.01340553386413692,0.013401406948065093,0.013413860754021055
pixel,pixel MSE,fine_increment_retention,0.5355450640555345,0.015380292373537994,0.015377519212283471,0.015385864696999697
pixel,pixel MSE,fine_increment_retention,0.5670477148823306,0.017355050882939066,0.017353631476501853,0.01735786863997834
pixel,pixel MSE,fine_increment_retention,0.5985503657091268,0.019329809392340143,0.01932974374072023,0.019329872582956983
pixel,pixel MSE,fine_increment_retention,0.6300530165359229,0.021304567901741213,0.021301876525935622,0.02130585600493861
pixel,pixel MSE,fine_increment_retention,0.6615556673627191,0.02327932641114229,0.023273880468914265,0.023281968269156992
pixel,pixel MSE,fine_increment_retention,0.6930583181895152,0.02525408492054336,0.02524588441189291,0.025258080533375367
pixel,pixel MSE,fine_increment_retention,0.7245609690163114,0.027228843429944437,0.027217888354871548,0.02723419279759375
pixel,pixel MSE,fine_increment_retention,0.7560636198431074,0.0292036019393455,0.029189892297850187,0.02921030506181212
pixel,pixel MSE,fine_increment_retention,0.7875662706699036,0.031178360448746577,0.031161896240828827,0.031186417326030502
pixel,pixel MSE,fine_increment_retention,0.8190689214966997,0.03340427707812556,0.03339340616534809,0.03342628816524279
pixel,pixel MSE,fine_increment_retention,0.8505715723234959,0.036484576545090595,0.03647499448456343,0.036503962364807005
pixel,pixel MSE,fine_increment_retention,0.882074223150292,0.03956487601205563,0.03955658280377876,0.039581636564371234
pixel,pixel MSE,fine_increment_retention,0.9135768739770882,0.04264517547902068,0.0426381711229941,0.042659310763935455
pixel,pixel MSE,fine_increment_retention,0.9450795248038844,0.045725474945985715,0.045719759442209434,0.045736984963499684
pixel,pixel MSE,fine_increment_retention,0.9765821756306805,0.04880577441295075,0.048801347761424765,0.0488146591630639
pixel,pixel MSE,fine_increment_retention,1.0080848264574767,0.0518860738799158,0.0518829360806401,0.05189233336262813
pixel,pixel MSE,fine_increment_retention,1.0395874772842728,0.05496637334688084,0.05496452439985544,0.05497000756219235
pixel,pixel MSE,fine_increment_retention,1.071090128111069,0.05804667281384588,0.05804611271907078,0.05804768176175657
pixel,pixel MSE,fine_increment_retention,1.1025927789378651,0.06112697228081092,0.06112535596132079,0.06112770103828611
pixel,pixel MSE,fine_increment_retention,1.1340954297646613,0.06420727174777596,0.06420303016088502,0.06420928935750145
pixel,pixel MSE,fine_increment_retention,1.1655980805914574,0.067287571214741,0.06728070436044924,0.06729087767671679
pixel,pixel MSE,fine_increment_retention,1.1971007314182536,0.07036787068170605,0.07035837856001347,0.07037246599593212
pixel,pixel MSE,fine_increment_retention,1.2286033822450497,0.07344817014867108,0.0734360527595777,0.07345405431514745
pixel,pixel MSE,fine_increment_retention,1.2601060330718459,0.07652846961563611,0.07651372695914191,0.0765356426343628
pixel,pixel MSE,fine_increment_retention,1.291608683898642,0.07960876908260117,0.07959140115870614,0.07961723095357813
pixel,pixel MSE,fine_increment_retention,1.3231113347254382,0.0826890685495662,0.08266907535827037,0.08269881927279346
pixel,pixel MSE,fine_increment_retention,1.3546139855522343,0.08576936801653125,0.08574674955783458,0.0857804075920088
pixel,pixel MSE,fine_increment_retention,1.3861166363790305,0.08884966748349629,0.0888244237573988,0.08886199591122414
pixel,pixel MSE,fine_increment_retention,1.4176192872058266,0.09192996695046132,0.09190209795696302,0.09194358423043947
pixel,pixel MSE,fine_increment_retention,1.4491219380326228,0.09501026641742637,0.09497977215652725,0.09502517254965481
pixel,pixel MSE,fine_increment_retention,1.480624588859419,0.09823323214051842,0.0982181494834209,0.09826380749788272
pixel,pixel MSE,fine_increment_retention,1.5121272396862149,0.10219942564873367,0.102185228843067,0.10222819555399967
pixel,pixel MSE,fine_increment_retention,1.543629890513011,0.10616561915694894,0.10615230820271312,0.10619258361011667
pixel,pixel MSE,fine_increment_retention,1.5751325413398072,0.11013181266516422,0.11011938756235926,0.11015697166623367
pixel,pixel MSE,fine_increment_retention,1.6066351921666033,0.11409800617337951,0.11408646692200539,0.11412135972235066
pixel,pixel MSE,fine_increment_retention,1.6381378429933995,0.11806419968159479,0.11805354628165152,0.11808574777846766
pixel,pixel MSE,fine_increment_retention,1.6696404938201956,0.12203039318981007,0.12202062564129765,0.12205013583458466
pixel,pixel MSE,fine_increment_retention,1.7011431446469918,0.12599658669802535,0.12598770500094378,0.12601452389070164
pixel,pixel MSE,fine_increment_retention,1.732645795473788,0.12996278020624064,0.1299547843605899,0.12997891194681865
pixel,pixel MSE,fine_increment_retention,1.764148446300584,0.1339289737144559,0.133921863720236,0.13394330000293564
pixel,pixel MSE,fine_increment_retention,1.7956510971273802,0.13789516722267117,0.13788894307988217,0.13790768805905262
pixel,pixel MSE,fine_increment_retention,1.8271537479541764,0.14186136073088645,0.1418560224395283,0.1418720761151696
pixel,pixel MSE,fine_increment_retention,1.8586563987809726,0.14582755423910174,0.14582310179917443,0.14583646417128662
pixel,pixel MSE,fine_increment_retention,1.8901590496077687,0.14979374774731702,0.14979018115882056,0.1498008522274036
pixel,pixel MSE,fine_increment_retention,1.9216617004345649,0.1537599412555323,0.1537572605184667,0.1537652402835206
pixel,pixel MSE,fine_increment_retention,1.953164351261361,0.15772613476374758,0.15772433987811282,0.15772962833963758
pixel,pixel MSE,fine_increment_retention,1.9846670020881572,0.16169232827196284,0.16169141923775895,0.1616940163957546
pixel,pixel MSE,fine_increment_retention,2.0161696529149533,0.1656584928017118,0.16565839865617832,0.1656585159844849
pixel,pixel MSE,fine_increment_retention,2.0476723037417495,0.1696247152883934,0.16962279250798856,0.1696255779570512
pixel,pixel MSE,fine_increment_retention,2.0791749545685456,0.17359090879660868,0.17358718056410558,0.17359265731669735
pixel,pixel MSE,fine_increment_retention,2.1106776053953418,0.17755710230482397,0.1775515686202226,0.17755973667634348
pixel,pixel MSE,fine_increment_retention,2.142180256222138,0.18152329581303925,0.18151595667633957,0.1815268160359896
pixel,pixel MSE,fine_increment_retention,2.173682907048934,0.18548948932125453,0.18548034473245656,0.1854938953956357
pixel,pixel MSE,fine_increment_retention,2.2051855578757302,0.18945568282946978,0.18944473278857354,0.18946097475528184
pixel,pixel MSE,fine_increment_retention,2.2366882087025264,0.1934218763376851,0.19340912084469053,0.19342805411492797
pixel,pixel MSE,fine_increment_retention,2.2681908595293225,0.19738806984590035,0.19737350890080751,0.1973951334745741
pixel,pixel MSE,fine_increment_retention,2.2996935103561187,0.20135426335411566,0.20133789695692453,0.20136221283422023
pixel,pixel MSE,fine_increment_retention,2.331196161182915,0.2053204568623309,0.2053022850130415,0.20532929219386636
pixel,pixel MSE,fine_increment_retention,2.362698812009711,0.2092866503705462,0.20926667306915853,0.20929637155351252
pixel,pixel MSE,fine_increment_retention,2.394201462836507,0.21325284387876148,0.2132310611252755,0.21326345091315865
pixel,pixel MSE,fine_increment_retention,2.4257041136633033,0.21721903738697676,0.2171954491813925,0.21723053027280476
pixel,pixel MSE,fine_increment_retention,2.4572067644900994,0.22118523089519204,0.2211598372375095,0.2211976096324509
pixel,pixel MSE,fine_increment_retention,2.4887094153168956,0.2251514244034073,0.2251242252936265,0.22516468899209702
pixel,pixel MSE,fine_increment_retention,2.5202120661436918,0.2291176179116226,0.2290886133497435,0.22913176835174315
pixel,pixel MSE,fine_increment_retention,2.551714716970488,0.23308381141983786,0.2330530014058605,0.23309884771138928
pixel,pixel MSE,fine_increment_retention,2.583217367797284,0.23705000492805317,0.23701738946197748,0.2370659270710354
pixel,pixel MSE,fine_increment_retention,2.61472001862408,0.24101619843626843,0.24098177751809446,0.24103300643068154
pixel,pixel MSE,fine_increment_retention,2.6462226694508764,0.24500450925178865,0.2449928822849981,0.24502031222135462
pixel,pixel MSE,fine_increment_retention,2.6777253202776725,0.24950753014003554,0.2494945099150758,0.24953394695031308
pixel,pixel MSE,fine_increment_retention,2.7092279711044687,0.25402508473677066,0.25401256143388873,0.2540504884209692
pixel,pixel MSE,fine_increment_retention,2.740730621931265,0.25854263933350574,0.2585306129527017,0.2585670298916253
pixel,pixel MSE,fine_increment_retention,2.772233272758061,0.2630601939302408,0.2630486644715146,0.2630835713622814
pixel,pixel MSE,fine_increment_retention,2.803735923584857,0.2675777485269759,0.26756671599032755,0.2676001128329375
pixel,pixel MSE,fine_increment_retention,2.8352385744116533,0.272095303123711,0.27208476750914046,0.2721166543035936
pixel,pixel MSE,fine_increment_retention,2.8667412252384494,0.2766128577204461,0.27660281902795336,0.2766331957742497
pixel,pixel MSE,fine_increment_retention,2.8982438760652456,0.28113041231718117,0.2811208705467663,0.2811497372449058
pixel,pixel MSE,fine_increment_retention,2.9297465268920417,0.28564796691391625,0.2856389220655792,0.28566627871556194
pixel,pixel MSE,fine_increment_retention,2.961249177718838,0.2901655215106514,0.2901569735843922,0.29018282018621805
pixel,pixel MSE,fine_increment_retention,2.992751828545634,0.2946830761073865,0.29467502510320515,0.29469936165687416
pixel,pixel MSE,fine_increment_retention,3.0242544793724297,0.2992006307041215,0.299193076622018,0.2992159031275302
pixel,pixel MSE,fine_increment_retention,3.055757130199226,0.3037181853008566,0.30371112814083095,0.30373244459818627
pixel,pixel MSE,fine_increment_retention,3.087259781026022,0.3082357398975917,0.30822917965964386,0.3082489860688424
pixel,pixel MSE,fine_increment_retention,3.118762431852818,0.31275329449432676,0.3127472311784568,0.3127655275394985
pixel,pixel MSE,fine_increment_retention,3.1502650826796144,0.31727084909106185,0.3172652826972697,0.3172820690101546
pixel,pixel MSE,fine_increment_retention,3.1817677335064105,0.32178840368779693,0.32178333421608263,0.3217986104808107
pixel,pixel MSE,fine_increment_retention,3.2132703843332067,0.326305958284532,0.3263013857348956,0.32631515195146676
pixel,pixel MSE,fine_increment_retention,3.244773035160003,0.3308235128812671,0.3308194372537085,0.33083169342212293
pixel,pixel MSE,fine_increment_retention,3.276275685986799,0.33534106747800224,0.33533748877252145,0.33534823489277904
pixel,pixel MSE,fine_increment_retention,3.307778336813595,0.3398586220747373,0.3398555402913344,0.33986477636343515
pixel,pixel MSE,fine_increment_retention,3.3392809876403913,0.3443761766714724,0.3443735918101473,0.34438131783409126
pixel,pixel MSE,fine_increment_retention,3.3707836384671874,0.3488937312682075,0.3488916433289603,0.3488978593047473
pixel,pixel MSE,fine_increment_retention,3.4022862892939836,0.3534112858649426,0.3534096948477732,0.3534144007754034
pixel,pixel MSE,fine_increment_retention,3.4337889401207797,0.3579288404616777,0.35792774636658614,0.35793094224605954
pixel,pixel MSE,fine_increment_retention,3.465291590947576,0.3624463950584128,0.36244579788539905,0.36244748371671565
pixel,pixel MSE,fine_increment_retention,3.496794241774372,0.3669639496551479,0.366963849404212,0.36696402518737176
pixel,pixel MSE,fine_increment_retention,3.528296892601168,0.371481504251883,0.37148056665802787,0.3714819009230249
pixel,pixel MSE,fine_increment_retention,3.5597995434279643,0.37599905884861806,0.3759971081286839,0.3759999524418378
pixel,pixel MSE,fine_increment_retention,3.5913021942547605,0.38051661344535315,0.3805136495993401,0.38051800396065083
pixel,pixel MSE,fine_increment_retention,3.6228048450815566,0.38503416804208823,0.3850301910699962,0.3850360554794637
pixel,pixel MSE,fine_increment_retention,3.654307495908353,0.3895517226388233,0.3895467325406523,0.38955410699827664
pixel,pixel MSE,fine_increment_retention,3.685810146735149,0.3940692772355584,0.39406327401130836,0.39407215851708954
pixel,pixel MSE,fine_increment_retention,3.717312797561945,0.3985868318322935,0.3985798154819645,0.3985902100359025
pixel,pixel MSE,fine_increment_retention,3.7488154483887413,0.40310438642902857,0.40309635695262064,0.4031082615547154
pixel,pixel MSE,fine_increment_retention,3.7803180992155374,0.4076219410257637,0.4076128984232767,0.40762631307352837
pixel,pixel MSE,fine_increment_retention,3.8118207500423336,0.4121394956224988,0.41212943989393286,0.41214436459234133
pixel,pixel MSE,fine_increment_retention,3.8433234008691297,0.4166570502192339,0.4166459813645889,0.41666241611115423
pixel,pixel MSE,fine_increment_retention,3.874826051695926,0.42117460481596897,0.421162522835245,0.42118046762996714
pixel,pixel MSE,fine_increment_retention,3.906328702522722,0.4256921594127041,0.42567906430590113,0.4256985191487801
pixel,pixel MSE,fine_increment_retention,3.937831353349518,0.4302097140094392,0.43019560577655724,0.43021657066759306
pixel,pixel MSE,fine_increment_retention,3.9693340041763143,0.4347272686061743,0.4347121472472134,0.43473462218640596
pixel,pixel MSE,fine_increment_retention,4.000836655003111,0.4392448232029094,0.4392286887178695,0.4392526737052189
pixel,pixel MSE,fine_increment_retention,4.032339305829907,0.44376237779964445,0.4437452301885256,0.4437707252240318
pixel,pixel MSE,fine_increment_retention,4.063841956656702,0.4482799323963795,0.44826177165918163,0.4482887767428447
pixel,pixel MSE,fine_increment_retention,4.095344607483499,0.4527974869931146,0.4527783131298378,0.4528068282616577
pixel,pixel MSE,fine_increment_retention,4.126847258310295,0.45731504158984965,0.45729485460049385,0.45732487978047054
pixel,pixel MSE,fine_increment_retention,4.158349909137091,0.4618325961865848,0.46181139607114996,0.46184293129928355
pixel,pixel MSE,fine_increment_retention,4.189852559963887,0.4663501507833199,0.466327937541806,0.46636098281809646
pixel,pixel MSE,fine_increment_retention,4.2213552107906835,0.47086770538005496,0.4708444790124622,0.4708790343369094
pixel,pixel MSE,fine_increment_retention,4.252857861617479,0.47538525997679004,0.47536102048311824,0.47539708585572227
pixel,pixel MSE,fine_increment_retention,4.284360512444276,0.4800492780906362,0.48004135646175145,0.4800653530008604
pixel,pixel MSE,fine_increment_retention,4.315863163271072,0.4848643371286237,0.4848566951472879,0.4848798419291582
pixel,pixel MSE,fine_increment_retention,4.347365814097868,0.4896793961666113,0.48967203383282454,0.4896943308574561
pixel,pixel MSE,fine_increment_retention,4.378868464924664,0.4944944552045988,0.49448737251836095,0.4945088197857539
pixel,pixel MSE,fine_increment_retention,4.4103711157514605,0.4993095142425864,0.4993027112038976,0.4993233087140518
pixel,pixel MSE,fine_increment_retention,4.441873766578256,0.5041245732805739,0.504118049889434,0.5041377976423496
pixel,pixel MSE,fine_increment_retention,4.473376417405053,0.5089396323185615,0.5089333885749707,0.5089522865706475
pixel,pixel MSE,fine_increment_retention,4.5048790682318485,0.513754691356549,0.5137487272605071,0.5137667754989452
pixel,pixel MSE,fine_increment_retention,4.536381719058645,0.5185697503945367,0.5185640659460437,0.5185812644272432
pixel,pixel MSE,fine_increment_retention,4.567884369885441,0.5233848094325242,0.5233794046315802,0.5233957533555409
pixel,pixel MSE,fine_increment_retention,4.599387020712237,0.5281998684705118,0.5281947433171168,0.5282102422838388
pixel,pixel MSE,fine_increment_retention,4.630889671539033,0.5330149275084992,0.5330100820026532,0.5330247312121366
pixel,pixel MSE,fine_increment_retention,4.66239232236583,0.5378299865464868,0.5378254206881898,0.5378392201404345
pixel,pixel MSE,fine_increment_retention,4.693894973192625,0.5426450455844744,0.5426407593737262,0.5426537090687322
pixel,pixel MSE,fine_increment_retention,4.725397624019422,0.547460104622462,0.5474560980592628,0.5474681979970302
pixel,pixel MSE,fine_increment_retention,4.756900274846218,0.5522751636604495,0.5522714367447994,0.5522826869253279
pixel,pixel MSE,fine_increment_retention,4.788402925673014,0.5570902226984371,0.5570867754303359,0.5570971758536258
pixel,pixel MSE,fine_increment_retention,4.81990557649981,0.5619052817364246,0.5619021141158723,0.5619116647819237
pixel,pixel MSE,fine_increment_retention,4.851408227326607,0.5667203407744122,0.566717452801409,0.5667261537102216
pixel,pixel MSE,fine_increment_retention,4.882910878153402,0.5715353998123998,0.5715327914869455,0.5715406426385193
pixel,pixel MSE,fine_increment_retention,4.914413528980199,0.5763504588503874,0.576348130172482,0.5763551315668173
pixel,pixel MSE,fine_increment_retention,4.945916179806995,0.5811655178883748,0.5811634688580185,0.581169620495115
pixel,pixel MSE,fine_increment_retention,4.977418830633791,0.5859805769263625,0.585978807543555,0.585984109423413
pixel,pixel MSE,fine_increment_retention,5.008921481460587,0.5907956359643499,0.5907941462290914,0.5907985983517107
pixel,pixel MSE,fine_increment_retention,5.0404241322873835,0.5956106950023375,0.5956094849146282,0.5956130872800086
pixel,pixel MSE,fine_increment_retention,5.071926783114179,0.600425754040325,0.6004248236001646,0.6004275762083063
pixel,pixel MSE,fine_increment_retention,5.103429433940976,0.6052408130783127,0.6052401622857011,0.6052420651366043
pixel,pixel MSE,fine_increment_retention,5.1349320847677715,0.6100558721163002,0.6100555009712377,0.610056554064902
pixel,pixel MSE,fine_increment_retention,5.166434735594568,0.6148709311542878,0.6148708396567742,0.6148710429932
pixel,pixel MSE,fine_increment_retention,5.197937386421364,0.6196859901922753,0.6196855319214978,0.6196861783423107
pixel,pixel MSE,fine_increment_retention,5.22944003724816,0.624501049230263,0.6245000208497957,0.6245015170278473
pixel,pixel MSE,fine_increment_retention,5.260942688074956,0.6293161082682505,0.6293145097780934,0.6293168557133837
pixel,pixel MSE,fine_increment_retention,5.292445338901753,0.6341311673062381,0.6341289987063914,0.6341321943989203
pixel,pixel MSE,fine_increment_retention,5.323947989728548,0.6389462263442256,0.6389434876346891,0.6389475330844568
pixel,pixel MSE,fine_increment_retention,5.355450640555345,0.6437612853822132,0.643757976562987,0.6437628717699934
pixel,pixel MSE,fine_increment_retention,5.386953291382141,0.6485763444202006,0.6485724654912848,0.6485782104555299
pixel,pixel MSE,fine_increment_retention,5.418455942208937,0.6533914034581882,0.6533869544195827,0.6533935491410665
pixel,pixel MSE,fine_increment_retention,5.449958593035733,0.6582064624961758,0.6582014433478804,0.6582088878266029
pixel,pixel MSE,fine_increment_retention,5.48146124386253,0.6630215215341634,0.6630159322761784,0.6630242265121394
pixel,pixel MSE,fine_increment_retention,5.512963894689325,0.6678365805721509,0.6678304212044761,0.667839565197676
pixel,pixel MSE,fine_increment_retention,5.544466545516122,0.6726516396101385,0.672644910132774,0.6726549038832126
pixel,pixel MSE,fine_increment_retention,5.575969196342918,0.677466698648126,0.6774593990610719,0.677470242568749
pixel,pixel MSE,fine_increment_retention,5.607471847169714,0.6822817576861137,0.6822738879893698,0.6822855812542856
pixel,pixel MSE,fine_increment_retention,5.63897449799651,0.6870968167241012,0.6870883769176676,0.687100919939822
pixel,pixel MSE,fine_increment_retention,5.670477148823307,0.6919118757620888,0.6919028658459655,0.6919162586253587
pixel,pixel MSE,fine_increment_retention,5.701979799650102,0.6967269348000762,0.6967173547742632,0.6967315973108952
pixel,pixel MSE,fine_increment_retention,5.733482450476899,0.7015419938380638,0.7015318437025612,0.7015469359964317
pixel,pixel MSE,fine_increment_retention,5.764985101303695,0.7063570528760513,0.7063463326308589,0.7063622746819681
pixel,pixel MSE,fine_increment_retention,5.796487752130491,0.711172111914039,0.7111608215591568,0.7111776133675048
pixel,pixel MSE,fine_increment_retention,5.827990402957287,0.7159871709520265,0.7159753104874546,0.7159929520530413
pixel,pixel MSE,fine_increment_retention,5.8594930537840835,0.7208022299900141,0.7207897994157525,0.7208082907385778
pixel,pixel MSE,fine_increment_retention,5.890995704610879,0.725709882052099,0.725705429291781,0.725718905900423
pixel,pixel MSE,fine_increment_retention,5.922498355437676,0.7307215538115628,0.7307173103535254,0.7307301525775982
pixel,pixel MSE,fine_increment_retention,5.9540010062644715,0.7357332255710264,0.7357291914152696,0.7357413992547733
pixel,pixel MSE,fine_increment_retention,5.985503657091268,0.7407448973304902,0.740741072477014,0.7407526459319487
pixel,pixel MSE,fine_increment_retention,6.017006307918064,0.7457565690899539,0.7457529535387583,0.7457638926091238
pixel,pixel MSE,fine_increment_retention,6.0485089587448595,0.7507682408494175,0.7507648346005025,0.7507751392862989
pixel,pixel MSE,fine_increment_retention,6.080011609571656,0.7557799126088813,0.7557767156622469,0.7557863859634741
pixel,pixel MSE,fine_increment_retention,6.111514260398452,0.7607915843683449,0.760788596723991,0.7607976326406493
pixel,pixel MSE,fine_increment_retention,6.143016911225248,0.7658032561278088,0.7658004777857355,0.7658088793178245
pixel,pixel MSE,fine_increment_retention,6.174519562052044,0.7708149278872725,0.7708123588474797,0.7708201259949996
pixel,pixel MSE,fine_increment_retention,6.206022212878841,0.7758265996467362,0.775824239909224,0.7758313726721748
pixel,pixel MSE,fine_increment_retention,6.237524863705636,0.7808382714061999,0.7808361209709683,0.7808426193493501
pixel,pixel MSE,fine_increment_retention,6.269027514532433,0.7858499431656636,0.7858480020327127,0.7858538660265253
pixel,pixel MSE,fine_increment_retention,6.300530165359229,0.7908616149251273,0.7908598830944569,0.7908651127037004
pixel,pixel MSE,fine_increment_retention,6.332032816186025,0.7958732866845911,0.7958717641562013,0.7958763593808756
pixel,pixel MSE,fine_increment_retention,6.363535467012821,0.8008849584440547,0.8008836452179455,0.8008876060580508
pixel,pixel MSE,fine_increment_retention,6.395038117839618,0.8058966302035185,0.8058955262796899,0.805898852735226
pixel,pixel MSE,fine_increment_retention,6.426540768666413,0.8109083019629821,0.8109074073414341,0.8109100994124011
pixel,pixel MSE,fine_increment_retention,6.45804341949321,0.815919973722446,0.8159192884031785,0.8159213460895763
pixel,pixel MSE,fine_increment_retention,6.489546070320006,0.8209316454819097,0.8209311694649227,0.8209325927667516
pixel,pixel MSE,fine_increment_retention,6.521048721146802,0.8259433172413734,0.825943050526667,0.8259438394439268
pixel,pixel MSE,fine_increment_retention,6.552551371973598,0.8309549890008371,0.8309549315884114,0.8309550861211019
pixel,pixel MSE,fine_increment_retention,6.5840540228003945,0.8359666607603009,0.8359663327982771,0.8359668126501557
pixel,pixel MSE,fine_increment_retention,6.61555667362719,0.8409783325197645,0.8409775794754522,0.8409786937118999
pixel,pixel MSE,fine_increment_retention,6.647059324453987,0.8459900042792283,0.8459888261526275,0.8459905747736443
pixel,pixel MSE,fine_increment_retention,6.6785619752807825,0.8510016760386919,0.8510000728298026,0.8510024558353886
pixel,pixel MSE,fine_increment_retention,6.710064626107579,0.8560133477981557,0.8560113195069778,0.8560143368971329
pixel,pixel MSE,fine_increment_retention,6.741567276934375,0.8610250195576195,0.861022566184153,0.8610262179588771
pixel,pixel MSE,fine_increment_retention,6.7730699277611714,0.8660366913170832,0.8660338128613283,0.8660380990206215
pixel,pixel MSE,fine_increment_retention,6.804572578587967,0.8710483630765469,0.8710450595385034,0.8710499800823657
pixel,pixel MSE,fine_increment_retention,6.836075229414764,0.8760600348360106,0.8760563062156786,0.8760618611441101
pixel,pixel MSE,fine_increment_retention,6.8675778802415595,0.8810717065954743,0.8810675528928537,0.8810737422058543
pixel,pixel MSE,fine_increment_retention,6.899080531068356,0.8860833783549381,0.886078799570029,0.8860856232675987
pixel,pixel MSE,fine_increment_retention,6.930583181895152,0.8910950501144017,0.8910900462472041,0.891097504329343
pixel,pixel MSE,fine_increment_retention,6.962085832721948,0.896174956732599,0.896174017424963,0.8961769001377751
pixel,pixel MSE,fine_increment_retention,6.993588483548744,0.9013078695641614,0.9013070058481445,0.9013096491536651
pixel,pixel MSE,fine_increment_retention,7.025091134375541,0.9064407823957241,0.9064399942713262,0.9064423981695554
pixel,pixel MSE,fine_increment_retention,7.056593785202336,0.9115736952272866,0.9115729826945077,0.9115751471854454
pixel,pixel MSE,fine_increment_retention,7.088096436029133,0.9167066080588492,0.9167059711176894,0.9167078962013356
pixel,pixel MSE,fine_increment_retention,7.119599086855929,0.9218395208904118,0.9218389595408709,0.9218406452172256
pixel,pixel MSE,fine_increment_retention,7.151101737682725,0.9269724337219744,0.9269719479640526,0.9269733942331159
pixel,pixel MSE,fine_increment_retention,7.182604388509521,0.9321053465535368,0.9321049363872341,0.932106143249006
pixel,pixel MSE,fine_increment_retention,7.214107039336318,0.9372382593850995,0.9372379248104158,0.9372388922648962
pixel,pixel MSE,fine_increment_retention,7.245609690163113,0.942371172216662,0.9423709132335973,0.9423716412807862
pixel,pixel MSE,fine_increment_retention,7.27711234098991,0.9475040850482247,0.947503901656779,0.9475043902966764
pixel,pixel MSE,fine_increment_retention,7.308614991816706,0.9526369978797872,0.9526368900799606,0.9526371393125665
pixel,pixel MSE,fine_increment_retention,7.340117642643502,0.9577698827327334,0.9577698729074189,0.9577699051156265
pixel,pixel MSE,fine_increment_retention,7.371620293470298,0.9629028235429123,0.9629026373443467,0.9629028669263237
pixel,pixel MSE,fine_increment_retention,7.4031229442970945,0.9680357363744749,0.968035386360237,0.9680358553495054
pixel,pixel MSE,fine_increment_retention,7.43462559512389,0.9731664636931613,0.9731660186715505,0.9731666495950713
pixel,pixel MSE,fine_increment_retention,7.466128245950687,0.9782944745012231,0.9782942291731602,0.9782945996139144
pixel,pixel MSE,fine_increment_retention,7.4976308967774825,0.9834224853092848,0.9834224396747697,0.9834225496327574
pixel,pixel MSE,fine_increment_retention,7.529133547604278,0.988550500535164,0.98855049700091,0.9885506510599427
random_z,random encoder,coarse_retention,0.0,1.7215683724886103e-16,1.7215683724886103e-16,1.7215683724886103e-16
random_z,random encoder,coarse_retention,0.031502650826796146,0.00010855650486535012,9.654310632165389e-05,0.00011700908631248098
random_z,random encoder,coarse_retention,0.06300530165359229,0.00023487179380503564,0.00020993046287404515,0.0002502694168499825
random_z,random encoder,coarse_retention,0.09450795248038843,0.00038494102133721333,0.00034028041718865676,0.00040048570955201774
random_z,random encoder,coarse_retention,0.12601060330718458,0.0005470597734803343,0.0004850942388799701,0.0005654797305950106
random_z,random encoder,coarse_retention,0.15751325413398073,0.0007487949618567092,0.0006468250216260234,0.0007511635919047711
random_z,random encoder,coarse_retention,0.18901590496077686,0.0009505301502330841,0.0008347400623804032,0.0009633567610482035
random_z,random encoder,coarse_retention,0.220518555787573,0.0011604936579632252,0.0010243007670055365,0.0011771955940623894
random_z,random encoder,coarse_retention,0.25202120661436916,0.0013961787424223776,0.0012190057869764718,0.0014651609294076824
random_z,random encoder,coarse_retention,0.2835238574411653,0.0017086364855429996,0.0014815928476772972,0.0017851827325844336
random_z,random encoder,coarse_retention,0.31502650826796147,0.0020297325107857763,0.0017714618205358931,0.0021069321921856152
random_z,random encoder,coarse_retention,0.3465291590947576,0.0023508285360285533,0.002061330793394489,0.0024286816517867975
random_z,random encoder,coarse_retention,0.3780318099215537,0.0026719245612713298,0.002351199766253085,0.002750431111387979
random_z,random encoder,coarse_retention,0.40953446074834987,0.0029930205865141063,0.0026410687391116806,0.003208075640352142
random_z,random encoder,coarse_retention,0.441037111575146,0.0034310531469646157,0.002954325019011823,0.00379638706230818
random_z,random encoder,coarse_retention,0.4725397624019422,0.004008799790825876,0.003499569246070168,0.004412641300946368
random_z,random encoder,coarse_retention,0.5040424132287383,0.004586546434687136,0.004050943626148419,0.005028895539584556
random_z,random encoder,coarse_retention,0.5355450640555345,0.005164293078548396,0.00460231800622667,0.005645149778222744
random_z,random encoder,coarse_retention,0.5670477148823306,0.005742039722409655,0.005153692386304923,0.006261404016860933
random_z,random encoder,coarse_retention,0.5985503657091268,0.006319786366270915,0.005705066766383173,0.00687765825549912
random_z,random encoder,coarse_retention,0.6300530165359229,0.006897533010132174,0.006256441146461425,0.0074939124941373085
random_z,random encoder,coarse_retention,0.6615556673627191,0.007475279653993434,0.0068078155265396765,0.008110166732775495
random_z,random encoder,coarse_retention,0.6930583181895152,0.008053026297854694,0.007359189906617928,0.008726420971413684
random_z,random encoder,coarse_retention,0.7245609690163114,0.008872940475916267,0.007958997793536243,0.009907766232340898
random_z,random encoder,coarse_retention,0.7560636198431074,0.01008395718406235,0.008994871953584902,0.011225515615816476
random_z,random encoder,coarse_retention,0.7875662706699036,0.011294973892208439,0.010195581353718022,0.01254326499929206
random_z,random encoder,coarse_retention,0.8190689214966997,0.012505990600354526,0.011396290753851141,0.013861014382767644
random_z,random encoder,coarse_retention,0.8505715723234959,0.013717007308500614,0.01259700015398426,0.015178763766243226
random_z,random encoder,coarse_retention,0.882074223150292,0.014928024016646703,0.01379770955411738,0.01649651314971881
random_z,random encoder,coarse_retention,0.9135768739770882,0.01613904072479279,0.014998418954250501,0.017814262533194396
random_z,random encoder,coarse_retention,0.9450795248038844,0.017350057432938878,0.01619912835438362,0.019132011916669977
random_z,random encoder,coarse_retention,0.9765821756306805,0.018561074141084967,0.017399837754516742,0.02044976130014556
random_z,random encoder,coarse_retention,1.0080848264574767,0.019772090849231053,0.01860054715464986,0.021767510683621146
random_z,random encoder,coarse_retention,1.0395874772842728,0.020983107557377145,0.01980125655478298,0.02308526006709673
random_z,random encoder,coarse_retention,1.071090128111069,0.02219412426552323,0.0210019659549161,0.024403009450572312
random_z,random encoder,coarse_retention,1.1025927789378651,0.023405140973669317,0.02220267535504922,0.025720758834047897
random_z,random encoder,coarse_retention,1.1340954297646613,0.024616157681815406,0.023403384755182336,0.027038508217523478
random_z,random encoder,coarse_retention,1.1655980805914574,0.025827174389961495,0.02460409415531546,0.028356257600999066
random_z,random encoder,coarse_retention,1.1971007314182536,0.027038191098107584,0.025804803555448577,0.029674006984474647
random_z,random encoder,coarse_retention,1.2286033822450497,0.02824920780625367,0.027005512955581696,0.030991756367950228
random_z,random encoder,coarse_retention,1.2601060330718459,0.030016965249130754,0.028317570502661017,0.03242085389837201
random_z,random encoder,coarse_retention,1.291608683898642,0.032435862244580706,0.0304207134691098,0.03431784244426893
random_z,random encoder,coarse_retention,1.3231113347254382,0.03485475924003066,0.032822899833194925,0.03687528219225775
random_z,random encoder,coarse_retention,1.3546139855522343,0.037273656235480616,0.03522508619728005,0.03943272194024656
random_z,random encoder,coarse_retention,1.3861166363790305,0.03969255323093057,0.03762727256136518,0.04199016168823537
random_z,random encoder,coarse_retention,1.4176192872058266,0.04211145022638052,0.040029458925450304,0.04454760143622419
random_z,random encoder,coarse_retention,1.4491219380326228,0.044530347221830476,0.04243164528953543,0.047105041184213006
random_z,random encoder,coarse_retention,1.480624588859419,0.04694924421728043,0.04483383165362055,0.04966248093220182
random_z,random encoder,coarse_retention,1.5121272396862149,0.049368141212730365,0.04723601801770566,0.052219920680190615
random_z,random encoder,coarse_retention,1.543629890513011,0.051787038208180314,0.049638204381790785,0.05477736042817943
random_z,random encoder,coarse_retention,1.5751325413398072,0.054205935203630276,0.05204039074587591,0.057334800176168245
random_z,random encoder,coarse_retention,1.6066351921666033,0.056624832199080224,0.05444257710996103,0.059892239924157056
random_z,random encoder,coarse_retention,1.6381378429933995,0.05904372919453018,0.05684476347404616,0.06244967967214588
random_z,random encoder,coarse_retention,1.6696404938201956,0.061462626189980135,0.05924694983813129,0.06500711942013469
random_z,random encoder,coarse_retention,1.7011431446469918,0.06388152318543008,0.06164913620221641,0.0675645591681235
random_z,random encoder,coarse_retention,1.732645795473788,0.06630042018088003,0.06405132256630153,0.07012199891611232
random_z,random encoder,coarse_retention,1.764148446300584,0.06871931717633,0.06645350893038666,0.07267943866410112
random_z,random encoder,coarse_retention,1.7956510971273802,0.07113821417177994,0.06885569529447179,0.07523687841208994
random_z,random encoder,coarse_retention,1.8271537479541764,0.0735571111672299,0.07125788165855691,0.07779431816007877
random_z,random encoder,coarse_retention,1.8586563987809726,0.07597600816267985,0.07366006802264204,0.08035175790806758
random_z,random encoder,coarse_retention,1.8901590496077687,0.0783949051581298,0.07606225438672716,0.0829091976560564
random_z,random encoder,coarse_retention,1.9216617004345649,0.08081380215357975,0.07846444075081228,0.0854666374040452
random_z,random encoder,coarse_retention,1.953164351261361,0.08323269914902971,0.08086662711489741,0.08802407715203402
random_z,random encoder,coarse_retention,1.9846670020881572,0.08565159614447967,0.08326881347898253,0.09058151690002283
random_z,random encoder,coarse_retention,2.0161696529149533,0.08807049313992962,0.08567099984306766,0.09313895664801165
random_z,random encoder,coarse_retention,2.0476723037417495,0.09048939013537957,0.08807318620715278,0.09569639639600047
random_z,random encoder,coarse_retention,2.0791749545685456,0.09290828713082952,0.0904753725712379,0.09825383614398928
random_z,random encoder,coarse_retention,2.1106776053953418,0.09532718412627947,0.09287755893532303,0.10081127589197808
random_z,random encoder,coarse_retention,2.142180256222138,0.09774608112172944,0.09527974529940816,0.10336871563996691
random_z,random encoder,coarse_retention,2.173682907048934,0.10016497811717939,0.09768193166349329,0.10592615538795572
random_z,random encoder,coarse_retention,2.2051855578757302,0.10258387511262934,0.10008411802757841,0.10848359513594454
random_z,random encoder,coarse_retention,2.2366882087025264,0.10500277210807929,0.10248630439166354,0.11104103488393335
random_z,random encoder,coarse_retention,2.2681908595293225,0.10742166910352924,0.10488849075574866,0.11359847463192216
random_z,random encoder,coarse_retention,2.2996935103561187,0.10984056609897921,0.10729067711983378,0.11615591437991098
random_z,random encoder,coarse_retention,2.331196161182915,0.11225946309442916,0.1096928634839189,0.1187133541278998
random_z,random encoder,coarse_retention,2.362698812009711,0.11492699685548492,0.11219094185142654,0.12132052122900977
random_z,random encoder,coarse_retention,2.394201462836507,0.11889305050487106,0.11612405173665202,0.1241873923077858
random_z,random encoder,coarse_retention,2.4257041136633033,0.12285910415425719,0.1200571616218775,0.12705426338656187
random_z,random encoder,coarse_retention,2.4572067644900994,0.1268251578036433,0.12399027150710298,0.12992113446533793
random_z,random encoder,coarse_retention,2.4887094153168956,0.13079121145302947,0.12792338139232848,0.13278800554411396
random_z,random encoder,coarse_retention,2.5202120661436918,0.1347572651024156,0.13185649127755394,0.13609066835439204
random_z,random encoder,coarse_retention,2.551714716970488,0.13872331875180172,0.13578960116277944,0.1401546393915696
random_z,random encoder,coarse_retention,2.583217367797284,0.14268937240118787,0.1397227110480049,0.14421861042874717
random_z,random encoder,coarse_retention,2.61472001862408,0.146655426050574,0.1436558209332304,0.14828258146592477
random_z,random encoder,coarse_retention,2.6462226694508764,0.15062147969996012,0.1475889308184559,0.15234655250310233
random_z,random encoder,coarse_retention,2.6777253202776725,0.15458753334934627,0.1515220407036814,0.1564105235402799
random_z,random encoder,coarse_retention,2.7092279711044687,0.1585535869987324,0.15545515058890685,0.16047449457745747
random_z,random encoder,coarse_retention,2.740730621931265,0.16251964064811852,0.15938826047413232,0.16453846561463503
random_z,random encoder,coarse_retention,2.772233272758061,0.16648569429750465,0.16332137035935781,0.1686024366518126
random_z,random encoder,coarse_retention,2.803735923584857,0.1704517479468908,0.1672544802445833,0.1726664076889902
random_z,random encoder,coarse_retention,2.8352385744116533,0.17441780159627693,0.1711875901298088,0.17673037872616773
random_z,random encoder,coarse_retention,2.8667412252384494,0.17838385524566308,0.17512070001503427,0.18079434976334532
random_z,random encoder,coarse_retention,2.8982438760652456,0.1823499088950492,0.17905380990025976,0.1848583208005229
random_z,random encoder,coarse_retention,2.9297465268920417,0.18631596254443533,0.18298691978548523,0.18892229183770046
random_z,random encoder,coarse_retention,2.961249177718838,0.19028201619382146,0.1869200296707107,0.19298626287487802
random_z,random encoder,coarse_retention,2.992751828545634,0.19424806984320758,0.1908531395559362,0.1970502339120556
random_z,random encoder,coarse_retention,3.0242544793724297,0.19821412349259368,0.19478624944116166,0.20111420494923313
random_z,random encoder,coarse_retention,3.055757130199226,0.2021801771419798,0.1987193593263871,0.2051781759864107
random_z,random encoder,coarse_retention,3.087259781026022,0.20614623079136596,0.2026524692116126,0.20924214702358826
random_z,random encoder,coarse_retention,3.118762431852818,0.21011228444075208,0.20658557909683808,0.21330611806076583
random_z,random encoder,coarse_retention,3.1502650826796144,0.2140783380901382,0.21051868898206355,0.2173700890979434
random_z,random encoder,coarse_retention,3.1817677335064105,0.21804439173952433,0.21445179886728905,0.22143406013512096
random_z,random encoder,coarse_retention,3.2132703843332067,0.2220104453889105,0.21838490875251454,0.22549803117229855
random_z,random encoder,coarse_retention,3.244773035160003,0.2259764990382966,0.22231801863774003,0.22956200220947612
random_z,random encoder,coarse_retention,3.276275685986799,0.22994255268768277,0.22625112852296547,0.23362597324665368
random_z,random encoder,coarse_retention,3.307778336813595,0.2339086063370689,0.23018423840819097,0.23768994428383122
random_z,random encoder,coarse_retention,3.3392809876403913,0.23787465998645502,0.23411734829341646,0.24175391532100882
random_z,random encoder,coarse_retention,3.3707836384671874,0.24184071363584114,0.23805045817864195,0.2458178863581864
random_z,random encoder,coarse_retention,3.4022862892939836,0.24580676728522727,0.24198356806386742,0.24988185739536395
random_z,random encoder,coarse_retention,3.4337889401207797,0.2497728209346134,0.24591667794909292,0.25394582843254154
random_z,random encoder,coarse_retention,3.465291590947576,0.2537388745839996,0.24984978783431838,0.2580097994697191
random_z,random encoder,coarse_retention,3.496794241774372,0.2577049282333857,0.2537828977195439,0.2620737705068967
random_z,random encoder,coarse_retention,3.528296892601168,0.2616709818827718,0.25771600760476937,0.26613774154407427
random_z,random encoder,coarse_retention,3.5597995434279643,0.26563703553215795,0.26164911748999486,0.2702017125812518
random_z,random encoder,coarse_retention,3.5913021942547605,0.2696030891815441,0.2655822273752203,0.2742656836184294
random_z,random encoder,coarse_retention,3.6228048450815566,0.2735691428309302,0.2695153372604458,0.27832965465560694
random_z,random encoder,coarse_retention,3.654307495908353,0.2775351964803164,0.2734484471456713,0.28239362569278453
random_z,random encoder,coarse_retention,3.685810146735149,0.2815012501297025,0.27738155703089673,0.28645759672996207
random_z,random encoder,coarse_retention,3.717312797561945,0.28546730377908863,0.2813146669161223,0.2905215677671396
random_z,random encoder,coarse_retention,3.7488154483887413,0.28943335742847476,0.2852477768013477,0.29458553880431726
random_z,random encoder,coarse_retention,3.7803180992155374,0.2933994110778609,0.2891808866865732,0.2986495098414948
random_z,random encoder,coarse_retention,3.8118207500423336,0.297365464727247,0.2931139965717987,0.30271348087867234
random_z,random encoder,coarse_retention,3.8433234008691297,0.30133151837663313,0.2970471064570242,0.30677745191585
random_z,random encoder,coarse_retention,3.874826051695926,0.3052975720260193,0.3009802163422497,0.3108414229530275
random_z,random encoder,coarse_retention,3.906328702522722,0.30926362567540544,0.3049133262274752,0.3149053939902051
random_z,random encoder,coarse_retention,3.937831353349518,0.31322967932479157,0.30884643611270063,0.31896936502738266
random_z,random encoder,coarse_retention,3.9693340041763143,0.3171957329741777,0.3127795459979261,0.3230333360645602
random_z,random encoder,coarse_retention,4.000836655003111,0.32116178662356387,0.3167126558831516,0.32709730710173784
random_z,random encoder,coarse_retention,4.032339305829907,0.32512784027294994,0.32064576576837706,0.3311612781389153
random_z,random encoder,coarse_retention,4.063841956656702,0.32909389392233607,0.3245788756536025,0.3352252491760929
random_z,random encoder,coarse_retention,4.095344607483499,0.33305994757172225,0.32851198553882804,0.33928922021327046
random_z,random encoder,coarse_retention,4.126847258310295,0.3370260012211083,0.3324450954240535,0.343353191250448
random_z,random encoder,coarse_retention,4.158349909137091,0.3409920548704945,0.33637820530927903,0.34741716228762565
random_z,random encoder,coarse_retention,4.189852559963887,0.34495810851988057,0.34031131519450447,0.35148113332480313
random_z,random encoder,coarse_retention,4.2213552107906835,0.34892416216926675,0.34424442507972997,0.3555451043619808
random_z,random encoder,coarse_retention,4.252857861617479,0.3528902158186528,0.3481775349649554,0.35960907539915826
random_z,random encoder,coarse_retention,4.284360512444276,0.35685626946803906,0.35211064485018095,0.3636730464363359
random_z,random encoder,coarse_retention,4.315863163271072,0.3608223231174251,0.3560437547354064,0.36773701747351345
random_z,random encoder,coarse_retention,4.347365814097868,0.3647883767668113,0.35997686462063194,0.37180098851069104
random_z,random encoder,coarse_retention,4.378868464924664,0.3687544304161974,0.3651564672962864,0.3758649595478686
random_z,random encoder,coarse_retention,4.4103711157514605,0.37272048406558356,0.3703365780100528,0.3799289305850462
random_z,random encoder,coarse_retention,4.441873766578256,0.37811612028273633,0.3758026052373724,0.3842788181357771
random_z,random encoder,coarse_retention,4.473376417405053,0.3836428199924952,0.3812948451632133,0.3886549183850292
random_z,random encoder,coarse_retention,4.5048790682318485,0.3891695197022539,0.38678708508905413,0.39303101863428125
random_z,random encoder,coarse_retention,4.536381719058645,0.3946962194120127,0.39227932501489504,0.3974071188835334
random_z,random encoder,coarse_retention,4.567884369885441,0.4002229191217714,0.39777156494073584,0.4017832191327854
random_z,random encoder,coarse_retention,4.599387020712237,0.4057496188315302,0.40326380486657676,0.4061593193820376
random_z,random encoder,coarse_retention,4.630889671539033,0.41035019490378977,0.40857082006491774,0.41109109381378905
random_z,random encoder,coarse_retention,4.66239232236583,0.4148501845897532,0.4138577179859996,0.4164124515187888
random_z,random encoder,coarse_retention,4.693894973192625,0.42046214415656463,0.4193670098832509,0.4219562031999581
random_z,random encoder,coarse_retention,4.725397624019422,0.4260741037233763,0.4248763017805024,0.42749995488112746
random_z,random encoder,coarse_retention,4.756900274846218,0.4316860632901877,0.4303855936777537,0.4330437065622967
random_z,random encoder,coarse_retention,4.788402925673014,0.43729802285699937,0.4358948855750052,0.43858745824346607
random_z,random encoder,coarse_retention,4.81990557649981,0.4429099824238108,0.4414041774722565,0.4441312099246353
random_z,random encoder,coarse_retention,4.851408227326607,0.4485219419906224,0.446913469369508,0.44967496160580467
random_z,random encoder,coarse_retention,4.882910878153402,0.4541339015574339,0.45242276126675934,0.45521871328697394
random_z,random encoder,coarse_retention,4.914413528980199,0.4597458611242455,0.4579320531640108,0.4607624649681433
random_z,random encoder,coarse_retention,4.945916179806995,0.46535782069105697,0.46344134506126217,0.46630621664931254
random_z,random encoder,coarse_retention,4.977418830633791,0.47096978025786856,0.46895063695851363,0.47184996833048193
random_z,random encoder,coarse_retention,5.008921481460587,0.47658173982468,0.47445992885576493,0.47739372001165115
random_z,random encoder,coarse_retention,5.0404241322873835,0.48219369939149165,0.47996922075301646,0.4829374716928206
random_z,random encoder,coarse_retention,5.071926783114179,0.4878056589583031,0.48547851265026776,0.4884812233739898
random_z,random encoder,coarse_retention,5.103429433940976,0.4934176185251147,0.4909878045475193,0.4940249750551592
random_z,random encoder,coarse_retention,5.1349320847677715,0.49902957809192616,0.4964970964447706,0.49956872673632846
random_z,random encoder,coarse_retention,5.166434735594568,0.5046415376587378,0.5020063883420222,0.5051124784174977
random_z,random encoder,coarse_retention,5.197937386421364,0.5102534972255492,0.5075156802392734,0.510656230098667
random_z,random encoder,coarse_retention,5.22944003724816,0.5158654567923608,0.5130249721365249,0.5161999817798364
random_z,random encoder,coarse_retention,5.260942688074956,0.5214774163591723,0.5185342640337762,0.5217437334610057
random_z,random encoder,coarse_retention,5.292445338901753,0.5270893759259839,0.5240435559310277,0.527287485142175
random_z,random encoder,coarse_retention,5.323947989728548,0.5327013354927954,0.529552847828279,0.5328312368233443
random_z,random encoder,coarse_retention,5.355450640555345,0.538313295059607,0.5350621397255305,0.5383749885045137
random_z,random encoder,coarse_retention,5.386953291382141,0.543917111575499,0.540569803012598,0.5439236260162346
random_z,random encoder,coarse_retention,5.418455942208937,0.5494438112852579,0.546062042938439,0.5495185336116356
random_z,random encoder,coarse_retention,5.449958593035733,0.5549705109950166,0.5515542828642798,0.5551134412070365
random_z,random encoder,coarse_retention,5.48146124386253,0.5604972107047754,0.5570465227901207,0.5607083488024376
random_z,random encoder,coarse_retention,5.512963894689325,0.5660239104145341,0.5625387627159615,0.5663032563978385
random_z,random encoder,coarse_retention,5.544466545516122,0.5715506101242929,0.5680310026418023,0.5718981639932395
random_z,random encoder,coarse_retention,5.575969196342918,0.5770773098340516,0.5735232425676431,0.5774930715886404
random_z,random encoder,coarse_retention,5.607471847169714,0.5826040095438104,0.579015482493484,0.5830879791840415
random_z,random encoder,coarse_retention,5.63897449799651,0.5881307092535691,0.5845077224193248,0.5886828867794424
random_z,random encoder,coarse_retention,5.670477148823307,0.593657408963328,0.5899999623451657,0.5942777943748434
random_z,random encoder,coarse_retention,5.701979799650102,0.5991841086730867,0.5954922022710065,0.5998727019702443
random_z,random encoder,coarse_retention,5.733482450476899,0.6047108083828454,0.6009844421968474,0.6054676095656454
random_z,random encoder,coarse_retention,5.764985101303695,0.6102375080926041,0.6064766821226882,0.6110625171610463
random_z,random encoder,coarse_retention,5.796487752130491,0.615764207802363,0.6119689220485292,0.6166574247564474
random_z,random encoder,coarse_retention,5.827990402957287,0.6212909075121217,0.61746116197437,0.6222523323518483
random_z,random encoder,coarse_retention,5.8594930537840835,0.6268176072218805,0.6229534019002109,0.6278472399472493
random_z,random encoder,coarse_retention,5.890995704610879,0.6323443069316392,0.6284456418260517,0.6334421475426503
random_z,random encoder,coarse_retention,5.922498355437676,0.637871006641398,0.6339378817518926,0.6390370551380513
random_z,random encoder,coarse_retention,5.9540010062644715,0.6433977063511567,0.6394301216777334,0.6446319627334522
random_z,random encoder,coarse_retention,5.985503657091268,0.6489244060609155,0.6449223616035743,0.6502268703288533
random_z,random encoder,coarse_retention,6.017006307918064,0.6544511057706742,0.6504146015294151,0.6558217779242542
random_z,random encoder,coarse_retention,6.0485089587448595,0.6599778054804328,0.6559068414552559,0.661416685519655
random_z,random encoder,coarse_retention,6.080011609571656,0.6655045051901918,0.6613990813810968,0.6670115931150561
random_z,random encoder,coarse_retention,6.111514260398452,0.6710312048999504,0.6668913213069375,0.6726065007104571
random_z,random encoder,coarse_retention,6.143016911225248,0.6765579046097092,0.6723835612327785,0.6782014083058582
random_z,random encoder,coarse_retention,6.174519562052044,0.6820846043194679,0.6778758011586193,0.683796315901259
random_z,random encoder,coarse_retention,6.206022212878841,0.6876113040292268,0.6833680410844603,0.68939122349666
random_z,random encoder,coarse_retention,6.237524863705636,0.6931380037389854,0.688860281010301,0.694986131092061
random_z,random encoder,coarse_retention,6.269027514532433,0.6986647034487443,0.694352520936142,0.700581038687462
random_z,random encoder,coarse_retention,6.300530165359229,0.7041914031585029,0.6998447608619828,0.706175946282863
random_z,random encoder,coarse_retention,6.332032816186025,0.7097181028682618,0.7053370007878236,0.711770853878264
random_z,random encoder,coarse_retention,6.363535467012821,0.7152448025780205,0.7108292407136644,0.7173657614736649
random_z,random encoder,coarse_retention,6.395038117839618,0.7207715022877793,0.7163214806395054,0.722960669069066
random_z,random encoder,coarse_retention,6.426540768666413,0.7262982019975379,0.7218137205653461,0.7285555766644669
random_z,random encoder,coarse_retention,6.45804341949321,0.7318249017072969,0.7280477256948176,0.734150484259868
random_z,random encoder,coarse_retention,6.489546070320006,0.7373516014170555,0.7348269620783909,0.7397453918552688
random_z,random encoder,coarse_retention,6.521048721146802,0.7428783011268143,0.7416061984619644,0.7453402994506699
random_z,random encoder,coarse_retention,6.552551371973598,0.7499686069928837,0.7486981560768,0.751247928277333
random_z,random encoder,coarse_retention,6.5840540228003945,0.7570898442990874,0.7557962999796626,0.757161743392023
random_z,random encoder,coarse_retention,6.61555667362719,0.7627916777320682,0.7626105631078803,0.7639272008306464
random_z,random encoder,coarse_retention,6.647059324453987,0.7696576550038606,0.768654440839876,0.7709973861299678
random_z,random encoder,coarse_retention,6.6785619752807825,0.7767500255558877,0.775739025188563,0.778112850085336
random_z,random encoder,coarse_retention,6.710064626107579,0.783842396107915,0.7829569293627376,0.7852283140407045
random_z,random encoder,coarse_retention,6.741567276934375,0.790934766659942,0.790174833536912,0.7923437779960727
random_z,random encoder,coarse_retention,6.7730699277611714,0.7980271372119692,0.7973927377110867,0.7994592419514412
random_z,random encoder,coarse_retention,6.804572578587967,0.8051195077639962,0.8046106418852611,0.8065747059068095
random_z,random encoder,coarse_retention,6.836075229414764,0.8122118783160235,0.8118285460594357,0.8136901698621779
random_z,random encoder,coarse_retention,6.8675778802415595,0.8193042488680505,0.81904645023361,0.8208056338175461
random_z,random encoder,coarse_retention,6.899080531068356,0.8263966194200778,0.8262643544077847,0.8279210977729146
random_z,random encoder,coarse_retention,6.930583181895152,0.8334889899721049,0.833482258581959,0.8350365617282829
random_z,random encoder,coarse_retention,6.962085832721948,0.840729863314134,0.8406110610821325,0.8421817262416517
random_z,random encoder,coarse_retention,6.993588483548744,0.8479791508938452,0.8477348150396963,0.8493285736025568
random_z,random encoder,coarse_retention,7.025091134375541,0.8552284384735567,0.8548585689972604,0.856475420963462
random_z,random encoder,coarse_retention,7.056593785202336,0.862477726053268,0.8619823229548244,0.8636222683243671
random_z,random encoder,coarse_retention,7.088096436029133,0.8697270136329794,0.8691060769123884,0.8707691156852724
random_z,random encoder,coarse_retention,7.119599086855929,0.8769763012126907,0.8762298308699523,0.8779159630461774
random_z,random encoder,coarse_retention,7.151101737682725,0.8842255887924021,0.8833535848275164,0.8850628104070827
random_z,random encoder,coarse_retention,7.182604388509521,0.8914748763721133,0.8904773387850802,0.8922096577679878
random_z,random encoder,coarse_retention,7.214107039336318,0.8987241639518248,0.8976010927426443,0.8993565051288931
random_z,random encoder,coarse_retention,7.245609690163113,0.905973451531536,0.9047248467002081,0.9065033524897982
random_z,random encoder,coarse_retention,7.27711234098991,0.9132227391112474,0.9118486006577723,0.9136501998507034
random_z,random encoder,coarse_retention,7.308614991816706,0.9204720266909587,0.9189723546153362,0.9207970472116086
random_z,random encoder,coarse_retention,7.340117642643502,0.9277213142706702,0.9260961085729003,0.9279438945725138
random_z,random encoder,coarse_retention,7.371620293470298,0.9349706018503814,0.9337801441172346,0.9350907419334189
random_z,random encoder,coarse_retention,7.4031229442970945,0.9423204833641156,0.9422400082168974,0.9429373914158571
random_z,random encoder,coarse_retention,7.43462559512389,0.9511584370442828,0.9503913530538567,0.9517716241760185
random_z,random encoder,coarse_retention,7.466128245950687,0.9599963907244503,0.9594167897258307,0.9606058569361803
random_z,random encoder,coarse_retention,7.4976308967774825,0.9688343444046176,0.9684422263978042,0.9694400896963418
random_z,random encoder,coarse_retention,7.529133547604278,0.9776722980847848,0.9774676630697777,0.9782743224565033
random_z,random encoder,fine_retention,0.0,2.5999141471027268e-17,2.5999141471027268e-17,2.5999141471027268e-17
random_z,random encoder,fine_retention,0.031502650826796146,0.0003138166072503844,0.0002961694366397422,0.00033008471366681214
random_z,random encoder,fine_retention,0.06300530165359229,0.0006533605814925951,0.0006220967459667679,0.0006931175297666957
random_z,random encoder,fine_retention,0.09450795248038843,0.0010170127263428408,0.0009880338715105548,0.001085969995676421
random_z,random encoder,fine_retention,0.12601060330718458,0.0014055048765609464,0.001377070234532021,0.0015084648672972962
random_z,random encoder,fine_retention,0.15751325413398073,0.0018337145723675632,0.0018212627877554023,0.001953903645623573
random_z,random encoder,fine_retention,0.18901590496077686,0.0022974675707103363,0.0022842513502367083,0.0024501233688922273
random_z,random encoder,fine_retention,0.220518555787573,0.002774533552813398,0.002749902509470072,0.002949005688912939
random_z,random encoder,fine_retention,0.25202120661436916,0.0034327275743204987,0.0032517792765842436,0.003484113616814459
random_z,random encoder,fine_retention,0.2835238574411653,0.0040901373575104125,0.0038629269891512583,0.004090764748164163
random_z,random encoder,fine_retention,0.31502650826796147,0.004726535010929821,0.004479552433329845,0.0047445994960537245
random_z,random encoder,fine_retention,0.3465291590947576,0.005362932664349229,0.00509617787750843,0.005398434243943287
random_z,random encoder,fine_retention,0.3780318099215537,0.005999330317768637,0.005712803321687016,0.006052268991832848
random_z,random encoder,fine_retention,0.40953446074834987,0.006635727971188046,0.006329428765865602,0.006898507404517148
random_z,random encoder,fine_retention,0.441037111575146,0.007272125624607454,0.00707960222298466,0.007896634959252455
random_z,random encoder,fine_retention,0.4725397624019422,0.008248092681585321,0.008057250797910037,0.008962676394699455
random_z,random encoder,fine_retention,0.5040424132287383,0.009234261464033604,0.009036939717929496,0.010030758175240538
random_z,random encoder,fine_retention,0.5355450640555345,0.010220430246481886,0.010016628637948955,0.01109883995578162
random_z,random encoder,fine_retention,0.5670477148823306,0.011206599028930168,0.010996317557968415,0.012166921736322701
random_z,random encoder,fine_retention,0.5985503657091268,0.01219276781137845,0.011976006477987876,0.013235003516863785
random_z,random encoder,fine_retention,0.6300530165359229,0.013178936593826733,0.012955695398007335,0.014303085297404866
random_z,random encoder,fine_retention,0.6615556673627191,0.014165105376275015,0.013935384318026793,0.01537116707794595
random_z,random encoder,fine_retention,0.6930583181895152,0.015151274158723298,0.014915073238046254,0.01643924885848703
random_z,random encoder,fine_retention,0.7245609690163114,0.01614362588035198,0.01613867952900766,0.018130043976018945
random_z,random encoder,fine_retention,0.7560636198431074,0.017931128538737864,0.01772108407256851,0.020049857162186904
random_z,random encoder,fine_retention,0.7875662706699036,0.01971863119712376,0.019504309917004355,0.021969670348354873
random_z,random encoder,fine_retention,0.8190689214966997,0.02150613385550965,0.021287535761440202,0.02388948353452284
random_z,random encoder,fine_retention,0.8505715723234959,0.02329363651389554,0.02307076160587605,0.025809296720690805
random_z,random encoder,fine_retention,0.882074223150292,0.025081139172281434,0.024853987450311896,0.02772910990685877
random_z,random encoder,fine_retention,0.9135768739770882,0.026868641830667325,0.026637213294747743,0.02964892309302674
random_z,random encoder,fine_retention,0.9450795248038844,0.028656144489053216,0.02842043913918359,0.0315687362791947
random_z,random encoder,fine_retention,0.9765821756306805,0.030443647147439107,0.03020366498361944,0.03348854946536267
random_z,random encoder,fine_retention,1.0080848264574767,0.032231149805825,0.03198689082805529,0.03540836265153064
random_z,random encoder,fine_retention,1.0395874772842728,0.03401865246421089,0.033770116672491135,0.0373281758376986
random_z,random encoder,fine_retention,1.071090128111069,0.035806155122596786,0.03555334251692698,0.03924798902386657
random_z,random encoder,fine_retention,1.1025927789378651,0.03759365778098268,0.037336568361362836,0.04116780221003454
random_z,random encoder,fine_retention,1.1340954297646613,0.03938116043936857,0.039119794205798676,0.043087615396202504
random_z,random encoder,fine_retention,1.1655980805914574,0.04116866309775446,0.04090302005023453,0.045007428582370466
random_z,random encoder,fine_retention,1.1971007314182536,0.04295616575614035,0.04268624589467037,0.046927241768538436
random_z,random encoder,fine_retention,1.2286033822450497,0.04474366841452624,0.044469471739106224,0.048847054954706405
random_z,random encoder,fine_retention,1.2601060330718459,0.04709343853972367,0.04636515107690438,0.05087932163423668
random_z,random encoder,fine_retention,1.291608683898642,0.05010081204101112,0.049052126066774095,0.05336708402055285
random_z,random encoder,fine_retention,1.3231113347254382,0.05310818554229857,0.05203765459974512,0.05648852446024052
random_z,random encoder,fine_retention,1.3546139855522343,0.056115559043586026,0.05502318313271613,0.05960996489992818
random_z,random encoder,fine_retention,1.3861166363790305,0.059122932544873476,0.058008711665687156,0.06273140533961585
random_z,random encoder,fine_retention,1.4176192872058266,0.06213030604616093,0.06099424019865817,0.06585284577930352
random_z,random encoder,fine_retention,1.4491219380326228,0.06513767954744838,0.0639797687316292,0.06897428621899118
random_z,random encoder,fine_retention,1.480624588859419,0.06814505304873583,0.06696529726460021,0.07209572665867885
random_z,random encoder,fine_retention,1.5121272396862149,0.07115242655002327,0.06995082579757121,0.0752171670983665
random_z,random encoder,fine_retention,1.543629890513011,0.07415980005131072,0.07293635433054223,0.07833860753805415
random_z,random encoder,fine_retention,1.5751325413398072,0.07716717355259817,0.07592188286351324,0.08146004797774183
random_z,random encoder,fine_retention,1.6066351921666033,0.08017454705388563,0.07890741139648427,0.08458148841742948
random_z,random encoder,fine_retention,1.6381378429933995,0.08318192055517307,0.08189293992945529,0.08770292885711715
random_z,random encoder,fine_retention,1.6696404938201956,0.08618929405646053,0.0848784684624263,0.0908243692968048
random_z,random encoder,fine_retention,1.7011431446469918,0.08919666755774798,0.08786399699539732,0.09394580973649248
random_z,random encoder,fine_retention,1.732645795473788,0.09220404105903543,0.09084952552836834,0.09706725017618013
random_z,random encoder,fine_retention,1.764148446300584,0.0952114145603229,0.09383505406133937,0.10018869061586781
random_z,random encoder,fine_retention,1.7956510971273802,0.09821878806161033,0.09682058259431038,0.10331013105555546
random_z,random encoder,fine_retention,1.8271537479541764,0.10122616156289779,0.0998061111272814,0.10643157149524314
random_z,random encoder,fine_retention,1.8586563987809726,0.10423353506418524,0.10279163966025241,0.10955301193493079
random_z,random encoder,fine_retention,1.8901590496077687,0.10724090856547269,0.10577716819322344,0.11267445237461847
random_z,random encoder,fine_retention,1.9216617004345649,0.11024828206676016,0.10876269672619446,0.11579589281430613
random_z,random encoder,fine_retention,1.953164351261361,0.11325565556804759,0.11174822525916547,0.1189173332539938
random_z,random encoder,fine_retention,1.9846670020881572,0.11626302906933506,0.11473375379213649,0.12203877369368146
random_z,random encoder,fine_retention,2.0161696529149533,0.11927040257062249,0.1177192823251075,0.12516021413336914
random_z,random encoder,fine_retention,2.0476723037417495,0.12227777607190995,0.12070481085807853,0.12828165457305682
random_z,random encoder,fine_retention,2.0791749545685456,0.12528514957319742,0.12369033939104955,0.13140309501274447
random_z,random encoder,fine_retention,2.1106776053953418,0.12829252307448485,0.12667586792402055,0.13452453545243212
random_z,random encoder,fine_retention,2.142180256222138,0.13129989657577232,0.1296613964569916,0.1376459758921198
random_z,random encoder,fine_retention,2.173682907048934,0.13430727007705975,0.1326469249899626,0.14076741633180748
random_z,random encoder,fine_retention,2.2051855578757302,0.13731464357834722,0.13563245352293363,0.14388885677149513
random_z,random encoder,fine_retention,2.2366882087025264,0.14032201707963468,0.13861798205590464,0.14701029721118278
random_z,random encoder,fine_retention,2.2681908595293225,0.14332939058092212,0.14160351058887566,0.15013173765087046
random_z,random encoder,fine_retention,2.2996935103561187,0.14633676408220958,0.1445890391218467,0.15325317809055813
random_z,random encoder,fine_retention,2.331196161182915,0.14934413758349702,0.1475745676548177,0.15637461853024578
random_z,random encoder,fine_retention,2.362698812009711,0.1525489963458134,0.15063655013273736,0.15953555602213923
random_z,random encoder,fine_retention,2.394201462836507,0.15678523330545033,0.15484571116072196,0.1629027691534968
random_z,random encoder,fine_retention,2.4257041136633033,0.16102147026508729,0.15905487218870656,0.16626998228485437
random_z,random encoder,fine_retention,2.4572067644900994,0.16525770722472422,0.1632640332166912,0.16963719541621192
random_z,random encoder,fine_retention,2.4887094153168956,0.16949394418436114,0.1674731942446758,0.17300440854756946
random_z,random encoder,fine_retention,2.5202120661436918,0.1737301811439981,0.1716823552726604,0.17670667204040774
random_z,random encoder,fine_retention,2.551714716970488,0.17796641810363503,0.175891516300645,0.18099425319345433
random_z,random encoder,fine_retention,2.583217367797284,0.182202655063272,0.18010067732862964,0.18528183434650092
random_z,random encoder,fine_retention,2.61472001862408,0.18643889202290892,0.18430983835661424,0.1895694154995475
random_z,random encoder,fine_retention,2.6462226694508764,0.19067512898254588,0.18851899938459885,0.1938569966525941
random_z,random encoder,fine_retention,2.6777253202776725,0.1949113659421828,0.19272816041258348,0.19814457780564068
random_z,random encoder,fine_retention,2.7092279711044687,0.19914760290181976,0.19693732144056808,0.20243215895868727
random_z,random encoder,fine_retention,2.740730621931265,0.2033838398614567,0.20114648246855268,0.20671974011173386
random_z,random encoder,fine_retention,2.772233272758061,0.20762007682109362,0.2053556434965373,0.21100732126478045
random_z,random encoder,fine_retention,2.803735923584857,0.21185631378073058,0.20956480452452192,0.21529490241782706
random_z,random encoder,fine_retention,2.8352385744116533,0.21609255074036754,0.21377396555250652,0.21958248357087365
random_z,random encoder,fine_retention,2.8667412252384494,0.22032878770000447,0.21798312658049113,0.22387006472392024
random_z,random encoder,fine_retention,2.8982438760652456,0.2245650246596414,0.22219228760847576,0.22815764587696682
random_z,random encoder,fine_retention,2.9297465268920417,0.22880126161927833,0.22640144863646033,0.2324452270300134
random_z,random encoder,fine_retention,2.961249177718838,0.2330374985789153,0.23061060966444497,0.23673280818306
random_z,random encoder,fine_retention,2.992751828545634,0.23727373553855224,0.23481977069242957,0.2410203893361066
random_z,random encoder,fine_retention,3.0242544793724297,0.24150997249818912,0.23902893172041415,0.24530797048915312
random_z,random encoder,fine_retention,3.055757130199226,0.24574620945782605,0.24323809274839872,0.2495955516421997
random_z,random encoder,fine_retention,3.087259781026022,0.24998244641746298,0.24744725377638335,0.2538831327952463
random_z,random encoder,fine_retention,3.118762431852818,0.25421868337709996,0.25165641480436796,0.25817071394829294
random_z,random encoder,fine_retention,3.1502650826796144,0.2584549203367369,0.2558655758323526,0.2624582951013395
random_z,random encoder,fine_retention,3.1817677335064105,0.2626911572963738,0.26007473686033716,0.26674587625438606
random_z,random encoder,fine_retention,3.2132703843332067,0.26692739425601075,0.2642838978883218,0.2710334574074327
random_z,random encoder,fine_retention,3.244773035160003,0.2711636312156477,0.26849305891630637,0.27532103856047924
random_z,random encoder,fine_retention,3.276275685986799,0.2753998681752846,0.272702219944291,0.27960861971352585
random_z,random encoder,fine_retention,3.307778336813595,0.2796361051349216,0.27691138097227563,0.28389620086657247
random_z,random encoder,fine_retention,3.3392809876403913,0.2838723420945585,0.28112054200026027,0.28818378201961903
random_z,random encoder,fine_retention,3.3707836384671874,0.28810857905419546,0.28532970302824484,0.29247136317266564
random_z,random encoder,fine_retention,3.4022862892939836,0.29234481601383244,0.2895388640562294,0.29675894432571226
random_z,random encoder,fine_retention,3.4337889401207797,0.2965810529734694,0.29374802508421405,0.3010465254787588
random_z,random encoder,fine_retention,3.465291590947576,0.3008172899331063,0.2979571861121987,0.3053341066318054
random_z,random encoder,fine_retention,3.496794241774372,0.30505352689274323,0.3021663471401833,0.309621687784852
random_z,random encoder,fine_retention,3.528296892601168,0.30928976385238016,0.3063755081681679,0.31390926893789856
random_z,random encoder,fine_retention,3.5597995434279643,0.3135260008120171,0.3105846691961525,0.31819685009094517
random_z,random encoder,fine_retention,3.5913021942547605,0.317762237771654,0.31479383022413715,0.32248443124399173
random_z,random encoder,fine_retention,3.6228048450815566,0.321998474731291,0.3190029912521217,0.32677201239703835
random_z,random encoder,fine_retention,3.654307495908353,0.32623471169092794,0.3232121522801063,0.33105959355008496
random_z,random encoder,fine_retention,3.685810146735149,0.3304709486505649,0.327421313308091,0.3353471747031315
random_z,random encoder,fine_retention,3.717312797561945,0.33470718561020185,0.3316304743360756,0.33963475585617814
random_z,random encoder,fine_retention,3.7488154483887413,0.3389434225698388,0.3358396353640602,0.3439223370092247
random_z,random encoder,fine_retention,3.7803180992155374,0.3431796595294757,0.34004879639204477,0.3482099181622713
random_z,random encoder,fine_retention,3.8118207500423336,0.34741589648911264,0.3442579574200294,0.3524974993153179
random_z,random encoder,fine_retention,3.8433234008691297,0.35165213344874957,0.34846711844801403,0.3567850804683645
random_z,random encoder,fine_retention,3.874826051695926,0.3558883704083865,0.3526762794759986,0.36107266162141105
random_z,random encoder,fine_retention,3.906328702522722,0.3601246073680235,0.35688544050398324,0.36536024277445767
random_z,random encoder,fine_retention,3.937831353349518,0.3643608443276604,0.3610946015319679,0.3696478239275043
random_z,random encoder,fine_retention,3.9693340041763143,0.3685970812872974,0.3653037625599525,0.37393540508055084
random_z,random encoder,fine_retention,4.000836655003111,0.37283331824693433,0.36951292358793714,0.37822298623359746
random_z,random encoder,fine_retention,4.032339305829907,0.37706955520657126,0.37372208461592166,0.382510567386644
random_z,random encoder,fine_retention,4.063841956656702,0.38130579216620814,0.37793124564390623,0.3867981485396906
random_z,random encoder,fine_retention,4.095344607483499,0.3855420291258451,0.3821404066718909,0.3910857296927372
random_z,random encoder,fine_retention,4.126847258310295,0.38977826608548205,0.3863495676998755,0.39537331084578375
random_z,random encoder,fine_retention,4.158349909137091,0.394014503045119,0.3905587287278601,0.39966089199883037
random_z,random encoder,fine_retention,4.189852559963887,0.3982507400047559,0.3947678897558447,0.40394847315187693
random_z,random encoder,fine_retention,4.2213552107906835,0.4024869769643929,0.3989770507838294,0.4082360543049236
random_z,random encoder,fine_retention,4.252857861617479,0.40672321392402977,0.4031862118118139,0.4125236354579701
random_z,random encoder,fine_retention,4.284360512444276,0.41095945088366675,0.40739537283979854,0.4168112166110168
random_z,random encoder,fine_retention,4.315863163271072,0.4151956878433037,0.4116045338677831,0.4210987977640633
random_z,random encoder,fine_retention,4.347365814097868,0.41943192480294067,0.4158136948957678,0.42538637891710995
random_z,random encoder,fine_retention,4.378868464924664,0.42366816176257754,0.42086109087090423,0.42967396007015646
random_z,random encoder,fine_retention,4.4103711157514605,0.42790439872221453,0.42590882848885087,0.43396154122320313
random_z,random encoder,fine_retention,4.441873766578256,0.4330909441394808,0.43114662779832325,0.43843918406777554
random_z,random encoder,fine_retention,4.473376417405053,0.4383646134125622,0.4364018518789588,0.4429342516835111
random_z,random encoder,fine_retention,4.5048790682318485,0.4436382826856435,0.44165707595959425,0.4474293192992465
random_z,random encoder,fine_retention,4.536381719058645,0.4489119519587249,0.4469123000402298,0.45192438691498205
random_z,random encoder,fine_retention,4.567884369885441,0.45418562123180617,0.4521675241208652,0.4564194545307174
random_z,random encoder,fine_retention,4.599387020712237,0.45945929050488754,0.45742274820150075,0.4609145221464529
random_z,random encoder,fine_retention,4.630889671539033,0.46473295977796886,0.4626779722821362,0.4654095897621883
random_z,random encoder,fine_retention,4.66239232236583,0.4700066290510503,0.46793319636277175,0.4701214366450111
random_z,random encoder,fine_retention,4.693894973192625,0.47528029832413154,0.47318842044340714,0.4754190162020077
random_z,random encoder,fine_retention,4.725397624019422,0.4805539675972129,0.4784436445240427,0.48071659575900455
random_z,random encoder,fine_retention,4.756900274846218,0.4858276368702942,0.48369886860467814,0.4860141753160012
random_z,random encoder,fine_retention,4.788402925673014,0.4911013061433756,0.4889540926853137,0.49131175487299805
random_z,random encoder,fine_retention,4.81990557649981,0.4963749754164569,0.4942093167659491,0.49660933442999466
random_z,random encoder,fine_retention,4.851408227326607,0.5016486446895383,0.49946454084658465,0.5019069139869915
random_z,random encoder,fine_retention,4.882910878153402,0.5069223139626196,0.50471976492722,0.5072044935439881
random_z,random encoder,fine_retention,4.914413528980199,0.512195983235701,0.5099749890078555,0.5125020731009851
random_z,random encoder,fine_retention,4.945916179806995,0.5174696525087823,0.515230213088491,0.5177996526579817
random_z,random encoder,fine_retention,4.977418830633791,0.5227433217818637,0.5204854371691265,0.5230972322149785
random_z,random encoder,fine_retention,5.008921481460587,0.5280169910549449,0.5257406612497619,0.5283948117719751
random_z,random encoder,fine_retention,5.0404241322873835,0.5332906603280264,0.5309958853303975,0.533692391328972
random_z,random encoder,fine_retention,5.071926783114179,0.5385643296011077,0.5362511094110329,0.5389899708859686
random_z,random encoder,fine_retention,5.103429433940976,0.543837998874189,0.5415063334916685,0.5442875504429654
random_z,random encoder,fine_retention,5.1349320847677715,0.5491116681472703,0.5467615575723039,0.5495851299999621
random_z,random encoder,fine_retention,5.166434735594568,0.5543853374203518,0.5520167816529395,0.554882709556959
random_z,random encoder,fine_retention,5.197937386421364,0.559659006693433,0.5572720057335749,0.5601802891139556
random_z,random encoder,fine_retention,5.22944003724816,0.5649326759665144,0.5625272298142104,0.5654778686709524
random_z,random encoder,fine_retention,5.260942688074956,0.5702063452395957,0.5677824538948458,0.570775448227949
random_z,random encoder,fine_retention,5.292445338901753,0.575480014512677,0.5730376779754814,0.5760730277849458
random_z,random encoder,fine_retention,5.323947989728548,0.5807536837857583,0.5782929020561168,0.5813706073419425
random_z,random encoder,fine_retention,5.355450640555345,0.5860273530588398,0.5835481261367524,0.5866681868989394
random_z,random encoder,fine_retention,5.386953291382141,0.5913010223319211,0.5888033502173878,0.591965766455936
random_z,random encoder,fine_retention,5.418455942208937,0.5965746916050025,0.5940585742980233,0.5972633460129328
random_z,random encoder,fine_retention,5.449958593035733,0.6018483608780838,0.5993137983786588,0.6025609255699295
random_z,random encoder,fine_retention,5.48146124386253,0.6071220301511652,0.6045690224592943,0.6078585051269263
random_z,random encoder,fine_retention,5.512963894689325,0.6123956994242464,0.6098242465399298,0.6131560846839229
random_z,random encoder,fine_retention,5.544466545516122,0.6176693686973278,0.6150794706205653,0.6184536642409197
random_z,random encoder,fine_retention,5.575969196342918,0.6229430379704091,0.6203346947012007,0.6237512437979165
random_z,random encoder,fine_retention,5.607471847169714,0.6282167072434905,0.6255899187818363,0.6290488233549133
random_z,random encoder,fine_retention,5.63897449799651,0.6334903765165718,0.6308451428624717,0.6343464029119099
random_z,random encoder,fine_retention,5.670477148823307,0.6387640457896532,0.6361003669431072,0.6396439824689067
random_z,random encoder,fine_retention,5.701979799650102,0.6440377150627346,0.6413555910237427,0.6449415620259034
random_z,random encoder,fine_retention,5.733482450476899,0.6493113843358159,0.6466108151043782,0.6502391415829002
random_z,random encoder,fine_retention,5.764985101303695,0.6545850536088972,0.6518660391850136,0.6555367211398969
random_z,random encoder,fine_retention,5.796487752130491,0.6598587228819786,0.6571212632656491,0.6608343006968938
random_z,random encoder,fine_retention,5.827990402957287,0.6651323921550598,0.6623764873462845,0.6661318802538904
random_z,random encoder,fine_retention,5.8594930537840835,0.6704060614281413,0.6676317114269201,0.6714294598108872
random_z,random encoder,fine_retention,5.890995704610879,0.6756797307012226,0.6728869355075555,0.6767270393678838
random_z,random encoder,fine_retention,5.922498355437676,0.6809533999743039,0.678142159588191,0.6820246189248806
random_z,random encoder,fine_retention,5.9540010062644715,0.6862270692473853,0.6833973836688265,0.6873221984818774
random_z,random encoder,fine_retention,5.985503657091268,0.6915007385204666,0.688652607749462,0.6926197780388741
random_z,random encoder,fine_retention,6.017006307918064,0.6967744077935479,0.6939078318300975,0.6979173575958708
random_z,random encoder,fine_retention,6.0485089587448595,0.7020480770666292,0.6991630559107328,0.7032149371528675
random_z,random encoder,fine_retention,6.080011609571656,0.7073217463397106,0.7044182799913684,0.7085125167098644
random_z,random encoder,fine_retention,6.111514260398452,0.7125954156127918,0.7096735040720038,0.713810096266861
random_z,random encoder,fine_retention,6.143016911225248,0.7178690848858733,0.7149287281526394,0.7191076758238577
random_z,random encoder,fine_retention,6.174519562052044,0.7231427541589546,0.7201839522332748,0.7244052553808544
random_z,random encoder,fine_retention,6.206022212878841,0.7284164234320359,0.7254391763139104,0.7297028349378513
random_z,random encoder,fine_retention,6.237524863705636,0.7336900927051172,0.7306944003945458,0.735000414494848
random_z,random encoder,fine_retention,6.269027514532433,0.7389637619781986,0.7359496244751813,0.7402979940518447
random_z,random encoder,fine_retention,6.300530165359229,0.7442374312512798,0.7412048485558168,0.7455955736088414
random_z,random encoder,fine_retention,6.332032816186025,0.7495111005243613,0.7464600726364523,0.7508931531658382
random_z,random encoder,fine_retention,6.363535467012821,0.7547847697974426,0.7517152967170878,0.7561907327228349
random_z,random encoder,fine_retention,6.395038117839618,0.7600584390705241,0.7569705207977233,0.7614883122798317
random_z,random encoder,fine_retention,6.426540768666413,0.7653321083436053,0.7622257448783588,0.7667858918368284
random_z,random encoder,fine_retention,6.45804341949321,0.7706057776166867,0.7679261092144724,0.7720834713938253
random_z,random encoder,fine_retention,6.489546070320006,0.775879446889768,0.7739536719397228,0.7773810509508219
random_z,random encoder,fine_retention,6.521048721146802,0.7811531161628493,0.7799812346649733,0.7826786305078187
random_z,random encoder,fine_retention,6.552551371973598,0.7873495379336115,0.7861933478897598,0.7881607605643515
random_z,random encoder,fine_retention,6.5840540228003945,0.7935642137023677,0.7924091119141453,0.7936465414204833
random_z,random encoder,fine_retention,6.61555667362719,0.7989706804779877,0.7984632341399034,0.7996172476724966
random_z,random encoder,fine_retention,6.647059324453987,0.8045524086436752,0.8043298718135058,0.8057053339206391
random_z,random encoder,fine_retention,6.6785619752807825,0.8107684447319677,0.8105161013026398,0.8119202817533026
random_z,random encoder,fine_retention,6.710064626107579,0.8169844808202605,0.8167816712416699,0.8181352295859662
random_z,random encoder,fine_retention,6.741567276934375,0.8232005169085532,0.8230472411806998,0.8243501774186296
random_z,random encoder,fine_retention,6.7730699277611714,0.829416552996846,0.8293128111197299,0.8305651252512932
random_z,random encoder,fine_retention,6.804572578587967,0.8356325890851386,0.8355783810587598,0.8367800730839566
random_z,random encoder,fine_retention,6.836075229414764,0.8418486251734315,0.84184395099779,0.8429950209166202
random_z,random encoder,fine_retention,6.8675778802415595,0.8481207358555938,0.8480758761804981,0.8492211836680575
random_z,random encoder,fine_retention,6.899080531068356,0.8543986892573082,0.8543042957314751,0.8554485149634055
random_z,random encoder,fine_retention,6.930583181895152,0.8606766426590224,0.8605327152824521,0.8616758462587532
random_z,random encoder,fine_retention,6.962085832721948,0.8669545960607369,0.8667611348334293,0.8679031775541011
random_z,random encoder,fine_retention,6.993588483548744,0.8732325494624511,0.8729895543844062,0.8741305088494489
random_z,random encoder,fine_retention,7.025091134375541,0.8795105028641655,0.8792179739353833,0.8803578401447967
random_z,random encoder,fine_retention,7.056593785202336,0.8857884562658798,0.8854463934863603,0.8865851714401445
random_z,random encoder,fine_retention,7.088096436029133,0.8920664096675942,0.8916748130373374,0.8928125027354924
random_z,random encoder,fine_retention,7.119599086855929,0.8983443630693084,0.8979032325883144,0.8990398340308401
random_z,random encoder,fine_retention,7.151101737682725,0.9046223164710229,0.9041316521392916,0.905267165326188
random_z,random encoder,fine_retention,7.182604388509521,0.9109002698727371,0.9103600716902684,0.9114944966215357
random_z,random encoder,fine_retention,7.214107039336318,0.9171782232744514,0.9165884912412455,0.9177218279168836
random_z,random encoder,fine_retention,7.245609690163113,0.9234561766761658,0.9228169107922225,0.9239491592122314
random_z,random encoder,fine_retention,7.27711234098991,0.9297341300778801,0.9290453303431997,0.9301764905075793
random_z,random encoder,fine_retention,7.308614991816706,0.9360120834795944,0.9352737498941766,0.936403821802927
random_z,random encoder,fine_retention,7.340117642643502,0.9422900368813087,0.9415021694451537,0.9426311530982749
random_z,random encoder,fine_retention,7.371620293470298,0.9485679902830231,0.9480111878020788,0.9488584843936226
random_z,random encoder,fine_retention,7.4031229442970945,0.9549622417934723,0.9548692033064844,0.9554387316845335
random_z,random encoder,fine_retention,7.43462559512389,0.9620524964051018,0.961598984567319,0.9624928245923744
random_z,random encoder,fine_retention,7.466128245950687,0.9691427510167314,0.9687616315933338,0.9695469175002155
random_z,random encoder,fine_retention,7.4976308967774825,0.9762330056283609,0.9759242786193486,0.9766010104080562
random_z,random encoder,fine_retention,7.529133547604278,0.9833232602399903,0.9830869256453634,0.983655103315897
random_z,random encoder,fine_increment_retention,0.0,0.0,0.0,0.0
random_z,random encoder,fine_increment_retention,0.031502650826796146,0.0002875018845582075,0.0002804181121332669,0.00035652972289587246
random_z,random encoder,fine_increment_retention,0.06300530165359229,0.0006134095763678145,0.0005930690362109171,0.0007519465991225567
random_z,random encoder,fine_increment_retention,0.09450795248038843,0.0010027506095634676,0.0009437233331622513,0.0011897566020898267
random_z,random encoder,fine_increment_retention,0.12601060330718458,0.0014261573151230968,0.0013279269717453301,0.0016641165933497762
random_z,random encoder,fine_increment_retention,0.15751325413398073,0.0019619407458610024,0.0017618624800830839,0.0021807227187125755
random_z,random encoder,fine_increment_retention,0.18901590496077686,0.0024977241765989076,0.0022523952236427514,0.0027548896866198317
random_z,random encoder,fine_increment_retention,0.220518555787573,0.003054448042784106,0.002747116054291878,0.0033332447416165477
random_z,random encoder,fine_increment_retention,0.25202120661436916,0.0038960742332813806,0.0032988173498034196,0.003968580261475678
random_z,random encoder,fine_increment_retention,0.2835238574411653,0.004710154182549645,0.0040187180523018565,0.004732191175532853
random_z,random encoder,fine_increment_retention,0.31502650826796147,0.0055015571323126875,0.0047494499003196316,0.005563772717883281
random_z,random encoder,fine_increment_retention,0.3465291590947576,0.006292960082075731,0.0054801817483374074,0.006395354260233709
random_z,random encoder,fine_increment_retention,0.3780318099215537,0.007084363031838773,0.0062109135963551824,0.007226935802584137
random_z,random encoder,fine_increment_retention,0.40953446074834987,0.007875765981601815,0.0069416454443729575,0.008370163800269741
random_z,random encoder,fine_increment_retention,0.441037111575146,0.00866716893136486,0.007894890927855409,0.009759414724673487
random_z,random encoder,fine_increment_retention,0.4725397624019422,0.010016032675315,0.009225484648176172,0.011260157807914652
random_z,random encoder,fine_increment_retention,0.5040424132287383,0.011381644282656896,0.010559427941175287,0.012764250463834169
random_z,random encoder,fine_increment_retention,0.5355450640555345,0.012747255889998792,0.011893371234174402,0.014268343119753684
random_z,random encoder,fine_increment_retention,0.5670477148823306,0.014112867497340687,0.013227314527173517,0.015772435775673197
random_z,random encoder,fine_increment_retention,0.5985503657091268,0.015478479104682582,0.014561257820172632,0.017276528431592712
random_z,random encoder,fine_increment_retention,0.6300530165359229,0.01684409071202448,0.015895201113171747,0.01878062108751223
random_z,random encoder,fine_increment_retention,0.6615556673627191,0.018209702319366375,0.01722914440617086,0.020284713743431746
random_z,random encoder,fine_increment_retention,0.6930583181895152,0.01957531392670827,0.018563087699169974,0.02178880639935126
random_z,random encoder,fine_increment_retention,0.7245609690163114,0.020940925534050164,0.02027165178250178,0.02419216366772069
random_z,random encoder,fine_increment_retention,0.7560636198431074,0.02310518185081501,0.022744960419762116,0.02685652096337764
random_z,random encoder,fine_increment_retention,0.7875662706699036,0.025637319541395802,0.025291845331785644,0.029594454533797786
random_z,random encoder,fine_increment_retention,0.8190689214966997,0.028169457231976593,0.027838730243809173,0.032332388104217936
random_z,random encoder,fine_increment_retention,0.8505715723234959,0.03070159492255738,0.030385615155832706,0.03507032167463809
random_z,random encoder,fine_increment_retention,0.882074223150292,0.03323373261313817,0.03293250006785624,0.03780825524505823
random_z,random encoder,fine_increment_retention,0.9135768739770882,0.03576587030371896,0.03547938497987976,0.040546188815478376
random_z,random encoder,fine_increment_retention,0.9450795248038844,0.03829800799429975,0.038026269891903296,0.04328412238589853
random_z,random encoder,fine_increment_retention,0.9765821756306805,0.04083014568488054,0.04057315480392683,0.046022055956318676
random_z,random encoder,fine_increment_retention,1.0080848264574767,0.04336228337546133,0.04312003971595035,0.04875998952673882
random_z,random encoder,fine_increment_retention,1.0395874772842728,0.04589442106604212,0.04566692462797389,0.05149792309715897
random_z,random encoder,fine_increment_retention,1.071090128111069,0.04842655875662291,0.04821380953999742,0.054235856667579116
random_z,random encoder,fine_increment_retention,1.1025927789378651,0.0509586964472037,0.05076069445202095,0.05697379023799927
random_z,random encoder,fine_increment_retention,1.1340954297646613,0.05349083413778449,0.053307579364044476,0.059711723808419416
random_z,random encoder,fine_increment_retention,1.1655980805914574,0.056022971828365284,0.055854464276068015,0.06244965737883957
random_z,random encoder,fine_increment_retention,1.1971007314182536,0.058555109518946075,0.05840134918809154,0.0651875909492597
random_z,random encoder,fine_increment_retention,1.2286033822450497,0.06108724720952685,0.06094823410011507,0.06792552451967986
random_z,random encoder,fine_increment_retention,1.2601060330718459,0.0641048276244546,0.06371647344497704,0.07076054663496939
random_z,random encoder,fine_increment_retention,1.291608683898642,0.06804559686942839,0.06727352526850111,0.07412561960041135
random_z,random encoder,fine_increment_retention,1.3231113347254382,0.07198636611440218,0.071166875625997,0.0781663023179679
random_z,random encoder,fine_increment_retention,1.3546139855522343,0.07592713535937595,0.07506022598349288,0.08220698503552444
random_z,random encoder,fine_increment_retention,1.3861166363790305,0.07986790460434974,0.07895357634098878,0.08624766775308099
random_z,random encoder,fine_increment_retention,1.4176192872058266,0.08380867384932353,0.08284692669848466,0.09028835047063753
random_z,random encoder,fine_increment_retention,1.4491219380326228,0.08774944309429732,0.08674027705598054,0.09432903318819408
random_z,random encoder,fine_increment_retention,1.480624588859419,0.0916902123392711,0.09063362741347644,0.09836971590575062
random_z,random encoder,fine_increment_retention,1.5121272396862149,0.09563098158424485,0.0945269777709723,0.10241039862330714
random_z,random encoder,fine_increment_retention,1.543629890513011,0.09957175082921864,0.0984203281284682,0.10645108134086369
random_z,random encoder,fine_increment_retention,1.5751325413398072,0.10351252007419243,0.1023136784859641,0.11049176405842023
random_z,random encoder,fine_increment_retention,1.6066351921666033,0.1074532893191662,0.10620702884345998,0.11453244677597677
random_z,random encoder,fine_increment_retention,1.6381378429933995,0.11139405856413999,0.11010037920095586,0.11857312949353331
random_z,random encoder,fine_increment_retention,1.6696404938201956,0.11533482780911378,0.11399372955845176,0.12261381221108986
random_z,random encoder,fine_increment_retention,1.7011431446469918,0.11927559705408755,0.11788707991594766,0.12665449492864642
random_z,random encoder,fine_increment_retention,1.732645795473788,0.12321636629906135,0.12178043027344353,0.13069517764620298
random_z,random encoder,fine_increment_retention,1.764148446300584,0.12715713554403513,0.12567378063093942,0.1347358603637595
random_z,random encoder,fine_increment_retention,1.7956510971273802,0.1310979047890089,0.1295671309884353,0.13877654308131604
random_z,random encoder,fine_increment_retention,1.8271537479541764,0.1350386740339827,0.13346048134593122,0.1428172257988726
random_z,random encoder,fine_increment_retention,1.8586563987809726,0.13897944327895648,0.1373538317034271,0.14685790851642913
random_z,random encoder,fine_increment_retention,1.8901590496077687,0.14292021252393028,0.14124718206092296,0.1508985912339857
random_z,random encoder,fine_increment_retention,1.9216617004345649,0.14686098176890405,0.1451405324184189,0.15493927395154222
random_z,random encoder,fine_increment_retention,1.953164351261361,0.15080175101387783,0.14903388277591476,0.15897995666909875
random_z,random encoder,fine_increment_retention,1.9846670020881572,0.1547425202588516,0.15292723313341067,0.1630206393866553
random_z,random encoder,fine_increment_retention,2.0161696529149533,0.1586832895038254,0.15682058349090655,0.16706132210421185
random_z,random encoder,fine_increment_retention,2.0476723037417495,0.1626240587487992,0.16071393384840243,0.1711020048217684
random_z,random encoder,fine_increment_retention,2.0791749545685456,0.16656482799377298,0.16460728420589832,0.17514268753932496
random_z,random encoder,fine_increment_retention,2.1106776053953418,0.17050559723874675,0.16850063456339423,0.1791833702568815
random_z,random encoder,fine_increment_retention,2.142180256222138,0.17444636648372053,0.1723939849208901,0.18322405297443803
random_z,random encoder,fine_increment_retention,2.173682907048934,0.17838713572869433,0.176287335278386,0.1872647356919946
random_z,random encoder,fine_increment_retention,2.2051855578757302,0.18232790497366813,0.1801806856358819,0.19130541840955115
random_z,random encoder,fine_increment_retention,2.2366882087025264,0.1862686742186419,0.18407403599337777,0.19534610112710768
random_z,random encoder,fine_increment_retention,2.2681908595293225,0.19020944346361568,0.18796738635087368,0.1993867838446642
random_z,random encoder,fine_increment_retention,2.2996935103561187,0.19415021270858945,0.19186073670836956,0.20342746656222074
random_z,random encoder,fine_increment_retention,2.331196161182915,0.19809098195356326,0.19575408706586545,0.20746814927977733
random_z,random encoder,fine_increment_retention,2.362698812009711,0.2021556751822491,0.19969687739412822,0.21153361679407628
random_z,random encoder,fine_increment_retention,2.394201462836507,0.20686756858303812,0.20439681542591753,0.21572852434279585
random_z,random encoder,fine_increment_retention,2.4257041136633033,0.21157946198382713,0.20909675345770684,0.21992343189151545
random_z,random encoder,fine_increment_retention,2.4572067644900994,0.21629135538461614,0.21379669148949612,0.22411833944023507
random_z,random encoder,fine_increment_retention,2.4887094153168956,0.22100324878540517,0.21849662952128546,0.22831324698895464
random_z,random encoder,fine_increment_retention,2.5202120661436918,0.22571514218619418,0.22319656755307474,0.23269105035894375
random_z,random encoder,fine_increment_retention,2.551714716970488,0.2304270355869832,0.22789650558486405,0.23738836436516747
random_z,random encoder,fine_increment_retention,2.583217367797284,0.2351389289877722,0.23259644361665335,0.24208567837139125
random_z,random encoder,fine_increment_retention,2.61472001862408,0.2398508223885612,0.23729638164844263,0.24678299237761503
random_z,random encoder,fine_increment_retention,2.6462226694508764,0.24456271578935024,0.24199631968023194,0.2514803063838388
random_z,random encoder,fine_increment_retention,2.6777253202776725,0.24927460919013925,0.24669625771202128,0.25617762039006253
random_z,random encoder,fine_increment_retention,2.7092279711044687,0.25398650259092825,0.25139619574381056,0.2608749343962863
random_z,random encoder,fine_increment_retention,2.740730621931265,0.2586983959917173,0.25609613377559987,0.2655722484025101
random_z,random encoder,fine_increment_retention,2.772233272758061,0.26341028939250627,0.2607960718073892,0.27026956240873384
random_z,random encoder,fine_increment_retention,2.803735923584857,0.2681221827932953,0.2654960098391785,0.2749668764149576
random_z,random encoder,fine_increment_retention,2.8352385744116533,0.2728340761940843,0.27019594787096773,0.2796641904211814
random_z,random encoder,fine_increment_retention,2.8667412252384494,0.2775459695948733,0.27489588590275704,0.28436150442740515
random_z,random encoder,fine_increment_retention,2.8982438760652456,0.28225786299566236,0.2795958239345464,0.2890588184336289
random_z,random encoder,fine_increment_retention,2.9297465268920417,0.28696975639645134,0.28429576196633566,0.29375613243985266
random_z,random encoder,fine_increment_retention,2.961249177718838,0.29168164979724037,0.28899569999812497,0.29845344644607646
random_z,random encoder,fine_increment_retention,2.992751828545634,0.29639354319802935,0.2936956380299143,0.30315076045230016
random_z,random encoder,fine_increment_retention,3.0242544793724297,0.30110543659881833,0.2983955760617035,0.3078480744585239
random_z,random encoder,fine_increment_retention,3.055757130199226,0.3058173299996073,0.3030955140934928,0.31254538846474766
random_z,random encoder,fine_increment_retention,3.087259781026022,0.31052922340039635,0.30779545212528214,0.3172427024709714
random_z,random encoder,fine_increment_retention,3.118762431852818,0.3152411168011854,0.31249539015707145,0.3219400164771952
random_z,random encoder,fine_increment_retention,3.1502650826796144,0.31995301020197436,0.3171953281888607,0.326637330483419
random_z,random encoder,fine_increment_retention,3.1817677335064105,0.3246649036027634,0.32189526622065,0.3313346444896427
random_z,random encoder,fine_increment_retention,3.2132703843332067,0.3293767970035524,0.3265952042524393,0.33603195849586653
random_z,random encoder,fine_increment_retention,3.244773035160003,0.3340886904043414,0.3312951422842286,0.34072927250209023
random_z,random encoder,fine_increment_retention,3.276275685986799,0.33880058380513045,0.33599508031601794,0.34542658650831404
random_z,random encoder,fine_increment_retention,3.307778336813595,0.34351247720591943,0.34069501834780724,0.3501239005145378
random_z,random encoder,fine_increment_retention,3.3392809876403913,0.3482243706067084,0.3453949563795965,0.35482121452076154
random_z,random encoder,fine_increment_retention,3.3707836384671874,0.35293626400749745,0.35009489441138586,0.3595185285269853
random_z,random encoder,fine_increment_retention,3.4022862892939836,0.3576481574082865,0.3547948324431751,0.3642158425332091
random_z,random encoder,fine_increment_retention,3.4337889401207797,0.3623600508090755,0.3594947704749644,0.36891315653943285
random_z,random encoder,fine_increment_retention,3.465291590947576,0.3670719442098645,0.3641947085067538,0.3736104705456566
random_z,random encoder,fine_increment_retention,3.496794241774372,0.3717838376106535,0.36889464653854304,0.3783077845518804
random_z,random encoder,fine_increment_retention,3.528296892601168,0.3764957310114425,0.37359458457033234,0.3830050985581041
random_z,random encoder,fine_increment_retention,3.5597995434279643,0.38120762441223155,0.37829452260212165,0.3877024125643279
random_z,random encoder,fine_increment_retention,3.5913021942547605,0.3859195178130206,0.38299446063391096,0.39239972657055167
random_z,random encoder,fine_increment_retention,3.6228048450815566,0.39063141121380957,0.38769439866570027,0.3970970405767755
random_z,random encoder,fine_increment_retention,3.654307495908353,0.39534330461459855,0.3923943366974896,0.40179435458299917
random_z,random encoder,fine_increment_retention,3.685810146735149,0.4000551980153876,0.39709427472927883,0.406491668589223
random_z,random encoder,fine_increment_retention,3.717312797561945,0.4047670914161766,0.40179421276106814,0.41118898259544673
random_z,random encoder,fine_increment_retention,3.7488154483887413,0.40947898481696565,0.40649415079285744,0.41588629660167054
random_z,random encoder,fine_increment_retention,3.7803180992155374,0.41419087821775463,0.41119408882464675,0.4205836106078943
random_z,random encoder,fine_increment_retention,3.8118207500423336,0.4189027716185436,0.41589402685643606,0.425280924614118
random_z,random encoder,fine_increment_retention,3.8433234008691297,0.42361466501933265,0.42059396488822537,0.4299782386203418
random_z,random encoder,fine_increment_retention,3.874826051695926,0.4283265584201217,0.4252939029200147,0.43467555262656554
random_z,random encoder,fine_increment_retention,3.906328702522722,0.4330384518209107,0.429993840951804,0.43937286663278935
random_z,random encoder,fine_increment_retention,3.937831353349518,0.4377503452216997,0.43469377898359324,0.4440701806390131
random_z,random encoder,fine_increment_retention,3.9693340041763143,0.4424622386224887,0.43939371701538255,0.44876749464523685
random_z,random encoder,fine_increment_retention,4.000836655003111,0.4471741320232778,0.44409365504717196,0.4534648086514607
random_z,random encoder,fine_increment_retention,4.032339305829907,0.45188602542406675,0.44879359307896116,0.4581621226576844
random_z,random encoder,fine_increment_retention,4.063841956656702,0.4565979188248557,0.4534935311107504,0.46285943666390805
random_z,random encoder,fine_increment_retention,4.095344607483499,0.4613098122256447,0.4581934691425398,0.4675567506701319
random_z,random encoder,fine_increment_retention,4.126847258310295,0.46602170562643375,0.46289340717432903,0.4722540646763556
random_z,random encoder,fine_increment_retention,4.158349909137091,0.4707335990272228,0.4675933452061184,0.4769513786825794
random_z,random encoder,fine_increment_retention,4.189852559963887,0.4754454924280117,0.47229328323790765,0.4816486926888031
random_z,random encoder,fine_increment_retention,4.2213552107906835,0.48015738582880085,0.476993221269697,0.486346006695027
random_z,random encoder,fine_increment_retention,4.252857861617479,0.4848692792295898,0.4816931593014862,0.4910433207012507
random_z,random encoder,fine_increment_retention,4.284360512444276,0.4895811726303788,0.48639309733327557,0.4957406347074745
random_z,random encoder,fine_increment_retention,4.315863163271072,0.49429306603116774,0.4910930353650648,0.5004379487136982
random_z,random encoder,fine_increment_retention,4.347365814097868,0.4990049594319569,0.49579297339685424,0.505135262719922
random_z,random encoder,fine_increment_retention,4.378868464924664,0.5037168528327458,0.5006711859200553,0.5098325767261458
random_z,random encoder,fine_increment_retention,4.4103711157514605,0.5084287462335348,0.5055494711033126,0.5145298907323695
random_z,random encoder,fine_increment_retention,4.441873766578256,0.513293793563952,0.5104583870724955,0.5192578355245189
random_z,random encoder,fine_increment_retention,4.473376417405053,0.5181728819783724,0.515370111258479,0.523988588533469
random_z,random encoder,fine_increment_retention,4.5048790682318485,0.5230519703927927,0.5202818354444624,0.528719341542419
random_z,random encoder,fine_increment_retention,4.536381719058645,0.527931058807213,0.525193559630446,0.533450094551369
random_z,random encoder,fine_increment_retention,4.567884369885441,0.5328101472216333,0.5301052838164294,0.538180847560319
random_z,random encoder,fine_increment_retention,4.599387020712237,0.5376892356360536,0.535017008002413,0.5429116005692691
random_z,random encoder,fine_increment_retention,4.630889671539033,0.542568324050474,0.5399287321883963,0.5476423535782191
random_z,random encoder,fine_increment_retention,4.66239232236583,0.5474474124648944,0.5448404563743799,0.5523998207002377
random_z,random encoder,fine_increment_retention,4.693894973192625,0.5523265008793146,0.5497521805603633,0.557229468751254
random_z,random encoder,fine_increment_retention,4.725397624019422,0.557205589293735,0.554663904746347,0.5620591168022705
random_z,random encoder,fine_increment_retention,4.756900274846218,0.5620846777081552,0.5595756289323304,0.5668887648532868
random_z,random encoder,fine_increment_retention,4.788402925673014,0.5669637661225756,0.5644873531183139,0.5717184129043033
random_z,random encoder,fine_increment_retention,4.81990557649981,0.5718428545369959,0.5693990773042974,0.5765480609553195
random_z,random encoder,fine_increment_retention,4.851408227326607,0.5767219429514162,0.5743108014902808,0.581377709006336
random_z,random encoder,fine_increment_retention,4.882910878153402,0.5816010313658365,0.5792225256762643,0.5862073570573522
random_z,random encoder,fine_increment_retention,4.914413528980199,0.5864801197802569,0.5841342498622479,0.5910370051083688
random_z,random encoder,fine_increment_retention,4.945916179806995,0.5913592081946771,0.5890459740482313,0.5958666531593849
random_z,random encoder,fine_increment_retention,4.977418830633791,0.5962382966090976,0.593957698234215,0.6006963012104014
random_z,random encoder,fine_increment_retention,5.008921481460587,0.6011173850235177,0.5988694224201982,0.6055259492614177
random_z,random encoder,fine_increment_retention,5.0404241322873835,0.6059964734379382,0.6037811466061819,0.6103555973124342
random_z,random encoder,fine_increment_retention,5.071926783114179,0.6108755618523585,0.6086928707921653,0.6151852453634505
random_z,random encoder,fine_increment_retention,5.103429433940976,0.6157546502667788,0.6136045949781488,0.6200148934144669
random_z,random encoder,fine_increment_retention,5.1349320847677715,0.6206337386811991,0.6185163191641323,0.6248445414654833
random_z,random encoder,fine_increment_retention,5.166434735594568,0.6255128270956194,0.6234280433501158,0.6296741895164997
random_z,random encoder,fine_increment_retention,5.197937386421364,0.6303919155100397,0.6283397675360993,0.634503837567516
random_z,random encoder,fine_increment_retention,5.22944003724816,0.6352710039244601,0.6332514917220828,0.6393334856185324
random_z,random encoder,fine_increment_retention,5.260942688074956,0.6401500923388803,0.6381632159080662,0.6441631336695488
random_z,random encoder,fine_increment_retention,5.292445338901753,0.6450291807533007,0.6430749400940498,0.6489927817205651
random_z,random encoder,fine_increment_retention,5.323947989728548,0.6499082691677209,0.6479866642800332,0.6538224297715814
random_z,random encoder,fine_increment_retention,5.355450640555345,0.6547873575821413,0.6528983884660168,0.6586520778225978
random_z,random encoder,fine_increment_retention,5.386953291382141,0.6596664459965615,0.6578101126520002,0.6634817258736142
random_z,random encoder,fine_increment_retention,5.418455942208937,0.664545534410982,0.6627218368379838,0.6683113739246306
random_z,random encoder,fine_increment_retention,5.449958593035733,0.6694246228254023,0.6676335610239672,0.673141021975647
random_z,random encoder,fine_increment_retention,5.48146124386253,0.6743037112398227,0.6725452852099507,0.6779706700266634
random_z,random encoder,fine_increment_retention,5.512963894689325,0.6791827996542429,0.6774570093959341,0.6828003180776797
random_z,random encoder,fine_increment_retention,5.544466545516122,0.6840618880686633,0.6823687335819177,0.6876299661286962
random_z,random encoder,fine_increment_retention,5.575969196342918,0.6889409764830835,0.6872804577679011,0.6924596141797125
random_z,random encoder,fine_increment_retention,5.607471847169714,0.6938200648975039,0.6921921819538847,0.697289262230729
random_z,random encoder,fine_increment_retention,5.63897449799651,0.6986991533119242,0.6971039061398682,0.7021189102817451
random_z,random encoder,fine_increment_retention,5.670477148823307,0.7035782417263445,0.7020156303258517,0.7069485583327617
random_z,random encoder,fine_increment_retention,5.701979799650102,0.7084573301407648,0.7069273545118352,0.711778206383778
random_z,random encoder,fine_increment_retention,5.733482450476899,0.7133364185551851,0.7118390786978186,0.7166078544347944
random_z,random encoder,fine_increment_retention,5.764985101303695,0.7182155069696055,0.7167508028838021,0.7214375024858106
random_z,random encoder,fine_increment_retention,5.796487752130491,0.7230945953840258,0.7216625270697856,0.7262671505368271
random_z,random encoder,fine_increment_retention,5.827990402957287,0.7279736837984461,0.726574251255769,0.7310967985878434
random_z,random encoder,fine_increment_retention,5.8594930537840835,0.7328527722128665,0.7314859754417526,0.7359264466388599
random_z,random encoder,fine_increment_retention,5.890995704610879,0.7377318606272867,0.736397699627736,0.7407560946898761
random_z,random encoder,fine_increment_retention,5.922498355437676,0.7426109490417071,0.7413094238137197,0.7455857427408926
random_z,random encoder,fine_increment_retention,5.9540010062644715,0.7474900374561273,0.7462211479997031,0.7504153907919089
random_z,random encoder,fine_increment_retention,5.985503657091268,0.7523691258705477,0.7511328721856866,0.7552450388429254
random_z,random encoder,fine_increment_retention,6.017006307918064,0.757248214284968,0.7560445963716701,0.7600746868939418
random_z,random encoder,fine_increment_retention,6.0485089587448595,0.7621273026993882,0.7609563205576534,0.764904334944958
random_z,random encoder,fine_increment_retention,6.080011609571656,0.7670063911138086,0.765868044743637,0.7697339829959744
random_z,random encoder,fine_increment_retention,6.111514260398452,0.7718854795282288,0.7707797689296204,0.7745636310469907
random_z,random encoder,fine_increment_retention,6.143016911225248,0.7767645679426493,0.775691493115604,0.7793932790980072
random_z,random encoder,fine_increment_retention,6.174519562052044,0.7816436563570694,0.7806032173015874,0.7842229271490234
random_z,random encoder,fine_increment_retention,6.206022212878841,0.78652274477149,0.7855149414875711,0.7890525752000399
random_z,random encoder,fine_increment_retention,6.237524863705636,0.7914018331859102,0.7904266656735545,0.7938822232510562
random_z,random encoder,fine_increment_retention,6.269027514532433,0.7962809216003306,0.795338389859538,0.7987118713020727
random_z,random encoder,fine_increment_retention,6.300530165359229,0.8011600100147508,0.8002501140455214,0.8035415193530889
random_z,random encoder,fine_increment_retention,6.332032816186025,0.8060390984291712,0.8051618382315049,0.8083711674041054
random_z,random encoder,fine_increment_retention,6.363535467012821,0.8109181868435915,0.8100735624174884,0.8132008154551218
random_z,random encoder,fine_increment_retention,6.395038117839618,0.8157972752580118,0.8149852866034719,0.8180304635061381
random_z,random encoder,fine_increment_retention,6.426540768666413,0.8206763636724321,0.8198970107894554,0.8228601115571544
random_z,random encoder,fine_increment_retention,6.45804341949321,0.8255554520868524,0.8247832173991269,0.8276897596081709
random_z,random encoder,fine_increment_retention,6.489546070320006,0.8304345405012727,0.8296506674264374,0.8325194076591873
random_z,random encoder,fine_increment_retention,6.521048721146802,0.835313628915693,0.8345181174537482,0.8373490557102036
random_z,random encoder,fine_increment_retention,6.552551371973598,0.8401326159245832,0.8393735471999527,0.8421666834801139
random_z,random encoder,fine_increment_retention,6.5840540228003945,0.8449504140004293,0.8442287391595485,0.8469840734634155
random_z,random encoder,fine_increment_retention,6.61555667362719,0.8497682120762753,0.8490839311191444,0.8518014634467169
random_z,random encoder,fine_increment_retention,6.647059324453987,0.8545860101521213,0.8539391230787402,0.8566188534300185
random_z,random encoder,fine_increment_retention,6.6785619752807825,0.8594038082279674,0.8587943150383359,0.8613901757811914
random_z,random encoder,fine_increment_retention,6.710064626107579,0.8642216063038135,0.8636495069979319,0.8661562779824478
random_z,random encoder,fine_increment_retention,6.741567276934375,0.8690394043796594,0.8685046989575276,0.870922380183704
random_z,random encoder,fine_increment_retention,6.7730699277611714,0.8738572024555056,0.8733598909171234,0.8756884823849606
random_z,random encoder,fine_increment_retention,6.804572578587967,0.8786750005313515,0.8782150828767192,0.8804545845862168
random_z,random encoder,fine_increment_retention,6.836075229414764,0.8834927986071976,0.8830702748363151,0.8852206867874732
random_z,random encoder,fine_increment_retention,6.8675778802415595,0.8883105966830436,0.8879254667959107,0.8899867889887296
random_z,random encoder,fine_increment_retention,6.899080531068356,0.8931283947588897,0.8927806587555066,0.894752891189986
random_z,random encoder,fine_increment_retention,6.930583181895152,0.8979461928347356,0.8976358507151023,0.8995189933912423
random_z,random encoder,fine_increment_retention,6.962085832721948,0.9027639909105818,0.9024910426746982,0.9042850955924988
random_z,random encoder,fine_increment_retention,6.993588483548744,0.9075817889864278,0.907346234634294,0.9090511977937551
random_z,random encoder,fine_increment_retention,7.025091134375541,0.9123995870622739,0.9122014265938898,0.9138172999950115
random_z,random encoder,fine_increment_retention,7.056593785202336,0.9172173851381199,0.9170566185534855,0.9185834021962679
random_z,random encoder,fine_increment_retention,7.088096436029133,0.9220351832139659,0.9219118105130815,0.9233495043975243
random_z,random encoder,fine_increment_retention,7.119599086855929,0.926852981289812,0.9267670024726772,0.9281156065987806
random_z,random encoder,fine_increment_retention,7.151101737682725,0.9316707793656581,0.931622194432273,0.9328817088000371
random_z,random encoder,fine_increment_retention,7.182604388509521,0.936488577441504,0.9364773863918688,0.9376478110012934
random_z,random encoder,fine_increment_retention,7.214107039336318,0.9413391290599933,0.9413129262258788,0.9424204639110784
random_z,random encoder,fine_increment_retention,7.245609690163113,0.9462036694905264,0.9461400727726622,0.9471959145832721
random_z,random encoder,fine_increment_retention,7.27711234098991,0.9510682099210597,0.9509672193194457,0.951971365255466
random_z,random encoder,fine_increment_retention,7.308614991816706,0.9559327503515929,0.9557943658662291,0.9567468159276596
random_z,random encoder,fine_increment_retention,7.340117642643502,0.9607972907821262,0.9606215124130127,0.9615222665998536
random_z,random encoder,fine_increment_retention,7.371620293470298,0.9656125746616937,0.965438807649603,0.9662878659618542
random_z,random encoder,fine_increment_retention,7.4031229442970945,0.9703543462469231,0.9702222477598416,0.9710387628649872
random_z,random encoder,fine_increment_retention,7.43462559512389,0.9750961178321523,0.9749862453691731,0.9757364836410453
random_z,random encoder,fine_increment_retention,7.466128245950687,0.9798378894173817,0.9797502429785048,0.9803546581113924
random_z,random encoder,fine_increment_retention,7.4976308967774825,0.984579661002611,0.9845142405878363,0.9849728325817395
random_z,random encoder,fine_increment_retention,7.529133547604278,0.9893214325878402,0.9892782381971678,0.9895910070520866
supervised_h,supervised reference,coarse_retention,0.0,1.7215683724886103e-16,1.7215683724886103e-16,1.7215683724886103e-16
supervised_h,supervised reference,coarse_retention,0.031502650826796146,0.003723418007961313,0.003693378925779565,0.0037662779953559966
supervised_h,supervised reference,coarse_retention,0.06300530165359229,0.007776247475773074,0.0077218935250656815,0.007859037221016187
supervised_h,supervised reference,coarse_retention,0.09450795248038843,0.011931422094611609,0.011854013427491048,0.01205331721233154
supervised_h,supervised reference,coarse_retention,0.12601060330718458,0.016357539647075453,0.016261805901618374,0.016511051997623614
supervised_h,supervised reference,coarse_retention,0.15751325413398073,0.0207836571995393,0.020669598375745703,0.02096878678291569
supervised_h,supervised reference,coarse_retention,0.18901590496077686,0.025209774752003138,0.025077390849873024,0.025426521568207766
supervised_h,supervised reference,coarse_retention,0.220518555787573,0.02963589230446698,0.02948518332400035,0.02988425635349984
supervised_h,supervised reference,coarse_retention,0.25202120661436916,0.03425357414905006,0.03408528782554576,0.034534548827165654
supervised_h,supervised reference,coarse_retention,0.2835238574411653,0.039086691011785774,0.03890741341721005,0.03938975838292208
supervised_h,supervised reference,coarse_retention,0.31502650826796147,0.04391980787452149,0.043729539008874344,0.044244967938678506
supervised_h,supervised reference,coarse_retention,0.3465291590947576,0.0487529247372572,0.04855166460053864,0.049100177494434925
supervised_h,supervised reference,coarse_retention,0.3780318099215537,0.05358604159999292,0.05337379019220292,0.053955387050191345
supervised_h,supervised reference,coarse_retention,0.40953446074834987,0.05841915846272863,0.058195915783867215,0.05881059660594777
supervised_h,supervised reference,coarse_retention,0.441037111575146,0.06325227532546435,0.06301804137553149,0.0636658061617042
supervised_h,supervised reference,coarse_retention,0.4725397624019422,0.06808539218820006,0.0678401669671958,0.06852101571746061
supervised_h,supervised reference,coarse_retention,0.5040424132287383,0.07291850905093578,0.07266229255886009,0.07337622527321704
supervised_h,supervised reference,coarse_retention,0.5355450640555345,0.07775162591367149,0.07748441815052437,0.07823143482897346
supervised_h,supervised reference,coarse_retention,0.5670477148823306,0.0825847427764072,0.08230654374218868,0.08308664438472989
supervised_h,supervised reference,coarse_retention,0.5985503657091268,0.08741785963914292,0.08712866933385296,0.08794185394048631
supervised_h,supervised reference,coarse_retention,0.6300530165359229,0.09225097650187863,0.09195079492551725,0.09279706349624273
supervised_h,supervised reference,coarse_retention,0.6615556673627191,0.09708409336461435,0.09677292051718155,0.09765227305199915
supervised_h,supervised reference,coarse_retention,0.6930583181895152,0.10210277754888178,0.10177310460233335,0.10269999199409846
supervised_h,supervised reference,coarse_retention,0.7245609690163114,0.10726867302075674,0.10693892676607192,0.10788575711491566
supervised_h,supervised reference,coarse_retention,0.7560636198431074,0.1124345684926317,0.11210474892981044,0.11307152223573286
supervised_h,supervised reference,coarse_retention,0.7875662706699036,0.11760046396450666,0.11727057109354899,0.11825728735655006
supervised_h,supervised reference,coarse_retention,0.8190689214966997,0.12276635943638164,0.12243639325728756,0.12344305247736728
supervised_h,supervised reference,coarse_retention,0.8505715723234959,0.1279322549082566,0.12760221542102612,0.12862881759818448
supervised_h,supervised reference,coarse_retention,0.882074223150292,0.13309815038013156,0.13276803758476466,0.1338145827190017
supervised_h,supervised reference,coarse_retention,0.9135768739770882,0.13826404585200655,0.13793385974850322,0.1390003478398189
supervised_h,supervised reference,coarse_retention,0.9450795248038844,0.1434299413238815,0.1430996819122418,0.1441861129606361
supervised_h,supervised reference,coarse_retention,0.9765821756306805,0.1485958367957565,0.14826550407598033,0.1493718780814533
supervised_h,supervised reference,coarse_retention,1.0080848264574767,0.15376173226763146,0.1534313262397189,0.15455764320227053
supervised_h,supervised reference,coarse_retention,1.0395874772842728,0.15892762773950642,0.15859714840345743,0.15974340832308773
supervised_h,supervised reference,coarse_retention,1.071090128111069,0.16409352321138138,0.16376297056719596,0.16492917344390495
supervised_h,supervised reference,coarse_retention,1.1025927789378651,0.16925941868325636,0.16892879273093453,0.17011493856472215
supervised_h,supervised reference,coarse_retention,1.1340954297646613,0.17442531415513135,0.1740946148946731,0.17530070368553938
supervised_h,supervised reference,coarse_retention,1.1655980805914574,0.1795912096270063,0.17926043705841166,0.18048646880635655
supervised_h,supervised reference,coarse_retention,1.1971007314182536,0.18475710509888127,0.1844262592221502,0.1856722339271738
supervised_h,supervised reference,coarse_retention,1.2286033822450497,0.18992300057075623,0.18959208138588876,0.19085799904799097
supervised_h,supervised reference,coarse_retention,1.2601060330718459,0.19508889604263122,0.1947579035496273,0.1960437641688082
supervised_h,supervised reference,coarse_retention,1.291608683898642,0.2002547915145062,0.19992372571336586,0.2012295292896254
supervised_h,supervised reference,coarse_retention,1.3231113347254382,0.20542068698638116,0.2050895478771044,0.20641529441044262
supervised_h,supervised reference,coarse_retention,1.3546139855522343,0.21058658245825612,0.21025537004084296,0.21160105953125982
supervised_h,supervised reference,coarse_retention,1.3861166363790305,0.21575247793013108,0.2154211922045815,0.21678682465207702
supervised_h,supervised reference,coarse_retention,1.4176192872058266,0.22091837340200607,0.22058701436832007,0.22197258977289425
supervised_h,supervised reference,coarse_retention,1.4491219380326228,0.22608426887388103,0.22575283653205863,0.22715835489371144
supervised_h,supervised reference,coarse_retention,1.480624588859419,0.23125016434575602,0.2309186586957972,0.23234412001452867
supervised_h,supervised reference,coarse_retention,1.5121272396862149,0.23641605981763095,0.23608448085953568,0.23752988513534581
supervised_h,supervised reference,coarse_retention,1.543629890513011,0.2415819552895059,0.24125030302327424,0.24271565025616304
supervised_h,supervised reference,coarse_retention,1.5751325413398072,0.24674785076138087,0.2464161251870128,0.24790141537698024
supervised_h,supervised reference,coarse_retention,1.6066351921666033,0.25191374623325585,0.25158194735075134,0.2530871804977975
supervised_h,supervised reference,coarse_retention,1.6381378429933995,0.2570796417051308,0.2567477695144899,0.25827294561861464
supervised_h,supervised reference,coarse_retention,1.6696404938201956,0.2622455371770058,0.2619135916782285,0.2634587107394319
supervised_h,supervised reference,coarse_retention,1.7011431446469918,0.2674114326488808,0.26707941384196704,0.2686444758602491
supervised_h,supervised reference,coarse_retention,1.732645795473788,0.2726686372639846,0.2723272387874427,0.2739317349167764
supervised_h,supervised reference,coarse_retention,1.764148446300584,0.2779342559684005,0.2776059574947949,0.2792275388290621
supervised_h,supervised reference,coarse_retention,1.7956510971273802,0.2831998746728164,0.2828846762021471,0.2845233427413477
supervised_h,supervised reference,coarse_retention,1.8271537479541764,0.28846549337723226,0.28816339490949927,0.28981914665363334
supervised_h,supervised reference,coarse_retention,1.8586563987809726,0.29373111208164815,0.29344211361685146,0.29511495056591897
supervised_h,supervised reference,coarse_retention,1.8901590496077687,0.29899673078606404,0.29872083232420366,0.30041075447820464
supervised_h,supervised reference,coarse_retention,1.9216617004345649,0.3042623494904799,0.3039995510315559,0.30570655839049027
supervised_h,supervised reference,coarse_retention,1.953164351261361,0.3095279681948958,0.30927826973890804,0.3110023623027759
supervised_h,supervised reference,coarse_retention,1.9846670020881572,0.3147935868993117,0.3145569884462603,0.31629816621506157
supervised_h,supervised reference,coarse_retention,2.0161696529149533,0.3200592056037276,0.3198357071536124,0.32159397012734714
supervised_h,supervised reference,coarse_retention,2.0476723037417495,0.32532482430814347,0.3251144258609647,0.3268897740396328
supervised_h,supervised reference,coarse_retention,2.0791749545685456,0.33059044301255935,0.33039314456831687,0.33218557795191844
supervised_h,supervised reference,coarse_retention,2.1106776053953418,0.33585606171697524,0.33567186327566906,0.33748138186420407
supervised_h,supervised reference,coarse_retention,2.142180256222138,0.3411216804213911,0.34095058198302125,0.34277718577648975
supervised_h,supervised reference,coarse_retention,2.173682907048934,0.346387299125807,0.3462293006903735,0.34807298968877537
supervised_h,supervised reference,coarse_retention,2.2051855578757302,0.3516529178302229,0.35150801939772564,0.353368793601061
supervised_h,supervised reference,coarse_retention,2.2366882087025264,0.3569185365346388,0.3567867381050779,0.3586645975133466
supervised_h,supervised reference,coarse_retention,2.2681908595293225,0.3621841552390547,0.36206545681243,0.3639604014256323
supervised_h,supervised reference,coarse_retention,2.2996935103561187,0.36744977394347056,0.36734417551978227,0.3692562053379179
supervised_h,supervised reference,coarse_retention,2.331196161182915,0.37271539264788645,0.3726228942271344,0.37455200925020354
supervised_h,supervised reference,coarse_retention,2.362698812009711,0.37798101135230233,0.37790161293448665,0.37984781316248917
supervised_h,supervised reference,coarse_retention,2.394201462836507,0.3832466300567182,0.38318033164183884,0.38514361707477485
supervised_h,supervised reference,coarse_retention,2.4257041136633033,0.38851224876113405,0.388459050349191,0.39043942098706047
supervised_h,supervised reference,coarse_retention,2.4572067644900994,0.39377786746555,0.39373776905654323,0.3957352248993461
supervised_h,supervised reference,coarse_retention,2.4887094153168956,0.3990434861699659,0.3990164877638954,0.4010310288116317
supervised_h,supervised reference,coarse_retention,2.5202120661436918,0.40430910487438176,0.4042952064712476,0.40632683272391734
supervised_h,supervised reference,coarse_retention,2.551714716970488,0.4095747235787976,0.4095739251785998,0.411622636636203
supervised_h,supervised reference,coarse_retention,2.583217367797284,0.41485571928663667,0.4148434176838981,0.4169215159491733
supervised_h,supervised reference,coarse_retention,2.61472001862408,0.4201377129947229,0.4201123113890481,0.422220594862193
supervised_h,supervised reference,coarse_retention,2.6462226694508764,0.42541970670280915,0.425381205094198,0.42751967377521266
supervised_h,supervised reference,coarse_retention,2.6777253202776725,0.43070170041089545,0.430650098799348,0.4328187526882324
supervised_h,supervised reference,coarse_retention,2.7092279711044687,0.43598369411898175,0.43591899250449795,0.4381178316012522
supervised_h,supervised reference,coarse_retention,2.740730621931265,0.441265687827068,0.44118788620964794,0.44341691051427184
supervised_h,supervised reference,coarse_retention,2.772233272758061,0.4465476815351543,0.4464567799147979,0.4487159894272916
supervised_h,supervised reference,coarse_retention,2.803735923584857,0.4518296752432406,0.45172567361994787,0.45401506834031125
supervised_h,supervised reference,coarse_retention,2.8352385744116533,0.4571116689513268,0.4569945673250978,0.459314147253331
supervised_h,supervised reference,coarse_retention,2.8667412252384494,0.4623936626594131,0.4622634610302478,0.46461322616635076
supervised_h,supervised reference,coarse_retention,2.8982438760652456,0.4676756563674994,0.4675323547353978,0.46991230507937043
supervised_h,supervised reference,coarse_retention,2.9297465268920417,0.47295765007558566,0.4728012484405477,0.4752113839923901
supervised_h,supervised reference,coarse_retention,2.961249177718838,0.4782396437836719,0.47807014214569765,0.48051046290540983
supervised_h,supervised reference,coarse_retention,2.992751828545634,0.48352163749175825,0.4833390358508476,0.4858095418184296
supervised_h,supervised reference,coarse_retention,3.0242544793724297,0.4888036311998444,0.4886079295559975,0.49110862073144923
supervised_h,supervised reference,coarse_retention,3.055757130199226,0.4940856249079307,0.4938768232611475,0.49640769964446896
supervised_h,supervised reference,coarse_retention,3.087259781026022,0.499367618616017,0.49914571696629745,0.5017067785574887
supervised_h,supervised reference,coarse_retention,3.118762431852818,0.5046496123241032,0.5044146106714473,0.5070058574705083
supervised_h,supervised reference,coarse_retention,3.1502650826796144,0.5099316060321895,0.5096835043765974,0.512304936383528
supervised_h,supervised reference,coarse_retention,3.1817677335064105,0.5152135997402758,0.5149523980817473,0.5176040152965478
supervised_h,supervised reference,coarse_retention,3.2132703843332067,0.520495593448362,0.5202070454442496,0.5228754463305442
supervised_h,supervised reference,coarse_retention,3.244773035160003,0.5257335348822274,0.5254238065406038,0.5280986783307182
supervised_h,supervised reference,coarse_retention,3.276275685986799,0.5309634853467797,0.5306389694430955,0.5333203121370298
supervised_h,supervised reference,coarse_retention,3.307778336813595,0.5361934358113319,0.5358541323455871,0.5385419459433413
supervised_h,supervised reference,coarse_retention,3.3392809876403913,0.5414233862758843,0.5410692952480788,0.5437635797496528
supervised_h,supervised reference,coarse_retention,3.3707836384671874,0.5466533367404366,0.5462844581505704,0.5489852135559643
supervised_h,supervised reference,coarse_retention,3.4022862892939836,0.5518832872049889,0.551499621053062,0.5542068473622758
supervised_h,supervised reference,coarse_retention,3.4337889401207797,0.5571132376695411,0.5567147839555536,0.5594284811685872
supervised_h,supervised reference,coarse_retention,3.465291590947576,0.5623431881340935,0.5619299468580453,0.5646501149748988
supervised_h,supervised reference,coarse_retention,3.496794241774372,0.5675731385986458,0.567145109760537,0.5698717487812103
supervised_h,supervised reference,coarse_retention,3.528296892601168,0.5728030890631981,0.5723602726630286,0.5750933825875217
supervised_h,supervised reference,coarse_retention,3.5597995434279643,0.5780330395277504,0.5775754355655203,0.5803150163938333
supervised_h,supervised reference,coarse_retention,3.5913021942547605,0.5832629899923026,0.582790598468012,0.5855366502001448
supervised_h,supervised reference,coarse_retention,3.6228048450815566,0.588492940456855,0.5880057613705035,0.5907582840064564
supervised_h,supervised reference,coarse_retention,3.654307495908353,0.5937228909214073,0.5932209242729952,0.5959799178127678
supervised_h,supervised reference,coarse_retention,3.685810146735149,0.5989528413859595,0.5984360871754868,0.6012015516190793
supervised_h,supervised reference,coarse_retention,3.717312797561945,0.6041827918505118,0.6036512500779785,0.6064231854253908
supervised_h,supervised reference,coarse_retention,3.7488154483887413,0.6094127423150641,0.6088664129804702,0.6116448192317023
supervised_h,supervised reference,coarse_retention,3.7803180992155374,0.6146426927796165,0.6140815758829619,0.6168664530380138
supervised_h,supervised reference,coarse_retention,3.8118207500423336,0.6198726432441688,0.6192967387854535,0.6220880868443253
supervised_h,supervised reference,coarse_retention,3.8433234008691297,0.625102593708721,0.6245119016879451,0.6273097206506367
supervised_h,supervised reference,coarse_retention,3.874826051695926,0.6303325441732733,0.6297270645904368,0.6325313544569483
supervised_h,supervised reference,coarse_retention,3.906328702522722,0.6355624946378257,0.6349422274929284,0.6377529882632599
supervised_h,supervised reference,coarse_retention,3.937831353349518,0.6407924451023779,0.6401573903954201,0.6429746220695713
supervised_h,supervised reference,coarse_retention,3.9693340041763143,0.6460223955669302,0.6453725532979117,0.6481962558758828
supervised_h,supervised reference,coarse_retention,4.000836655003111,0.6512523460314826,0.6505877162004035,0.6534178896821944
supervised_h,supervised reference,coarse_retention,4.032339305829907,0.6564822964960348,0.655802879102895,0.6586395234885059
supervised_h,supervised reference,coarse_retention,4.063841956656702,0.6617122469605871,0.6610180420053866,0.6638611572948172
supervised_h,supervised reference,coarse_retention,4.095344607483499,0.6669421974251394,0.6662332049078783,0.6690827911011288
supervised_h,supervised reference,coarse_retention,4.126847258310295,0.6721721478896916,0.6714483678103699,0.6743044249074402
supervised_h,supervised reference,coarse_retention,4.158349909137091,0.677402098354244,0.6766635307128616,0.6795260587137518
supervised_h,supervised reference,coarse_retention,4.189852559963887,0.6826320488187962,0.6818786936153531,0.6847476925200633
supervised_h,supervised reference,coarse_retention,4.2213552107906835,0.6878619992833486,0.6870938565178448,0.6899693263263749
supervised_h,supervised reference,coarse_retention,4.252857861617479,0.6930919497479008,0.6923090194203364,0.6951909601326863
supervised_h,supervised reference,coarse_retention,4.284360512444276,0.6983219002124532,0.6975241823228281,0.7004125939389978
supervised_h,supervised reference,coarse_retention,4.315863163271072,0.7035518506770054,0.7027393452253197,0.7056342277453093
supervised_h,supervised reference,coarse_retention,4.347365814097868,0.7087818011415578,0.7079545081278115,0.7108558615516208
supervised_h,supervised reference,coarse_retention,4.378868464924664,0.71401175160611,0.713169671030303,0.7160774953579322
supervised_h,supervised reference,coarse_retention,4.4103711157514605,0.7192417020706624,0.7183848339327947,0.7212991291642439
supervised_h,supervised reference,coarse_retention,4.441873766578256,0.7244716525352146,0.7235999968352862,0.7265207629705552
supervised_h,supervised reference,coarse_retention,4.473376417405053,0.7297016029997669,0.728815159737778,0.7317423967768668
supervised_h,supervised reference,coarse_retention,4.5048790682318485,0.7349315534643192,0.7340303226402696,0.7369640305831783
supervised_h,supervised reference,coarse_retention,4.536381719058645,0.7401615039288716,0.7392454855427613,0.7421856643894899
supervised_h,supervised reference,coarse_retention,4.567884369885441,0.7453914543934238,0.7444606484452528,0.7474072981958013
supervised_h,supervised reference,coarse_retention,4.599387020712237,0.7506214048579761,0.7496758113477445,0.7526289320021129
supervised_h,supervised reference,coarse_retention,4.630889671539033,0.7558513553225283,0.7548909742502361,0.7578505658084242
supervised_h,supervised reference,coarse_retention,4.66239232236583,0.7610813057870808,0.7601061371527279,0.7630721996147358
supervised_h,supervised reference,coarse_retention,4.693894973192625,0.766311256251633,0.7653213000552195,0.7682938334210473
supervised_h,supervised reference,coarse_retention,4.725397624019422,0.7715412067161853,0.770507076437819,0.7732554071907722
supervised_h,supervised reference,coarse_retention,4.756900274846218,0.7764005287239452,0.7752948457925611,0.7779460714564829
supervised_h,supervised reference,coarse_retention,4.788402925673014,0.781150906903919,0.780060826381746,0.7826149469566364
supervised_h,supervised reference,coarse_retention,4.81990557649981,0.7859012850838926,0.7848268069709309,0.7872838224567896
supervised_h,supervised reference,coarse_retention,4.851408227326607,0.7906516632638664,0.7895927875601159,0.7919526979569432
supervised_h,supervised reference,coarse_retention,4.882910878153402,0.79540204144384,0.7943587681493006,0.7966215734570965
supervised_h,supervised reference,coarse_retention,4.914413528980199,0.8001524196238138,0.7991247487384857,0.80129044895725
supervised_h,supervised reference,coarse_retention,4.945916179806995,0.8049027978037874,0.8038907293276706,0.8059593244574034
supervised_h,supervised reference,coarse_retention,4.977418830633791,0.8096531759837612,0.8086567099168555,0.8106281999575569
supervised_h,supervised reference,coarse_retention,5.008921481460587,0.8144035541637348,0.8134226905060403,0.8152970754577101
supervised_h,supervised reference,coarse_retention,5.0404241322873835,0.8191539323437086,0.8181886710952253,0.8199659509578637
supervised_h,supervised reference,coarse_retention,5.071926783114179,0.8239043105236822,0.8229546516844101,0.8246348264580171
supervised_h,supervised reference,coarse_retention,5.103429433940976,0.828654688703656,0.8277206322735952,0.8293037019581705
supervised_h,supervised reference,coarse_retention,5.1349320847677715,0.8334050668836296,0.83248661286278,0.8339725774583239
supervised_h,supervised reference,coarse_retention,5.166434735594568,0.8381554450636034,0.8372525934519649,0.8386414529584774
supervised_h,supervised reference,coarse_retention,5.197937386421364,0.842905823243577,0.8420185740411498,0.8433103284586306
supervised_h,supervised reference,coarse_retention,5.22944003724816,0.8476562014235508,0.8467845546303348,0.8479792039587842
supervised_h,supervised reference,coarse_retention,5.260942688074956,0.8524065796035244,0.8515505352195195,0.8526480794589375
supervised_h,supervised reference,coarse_retention,5.292445338901753,0.8571569577834982,0.8563165158087046,0.857316954959091
supervised_h,supervised reference,coarse_retention,5.323947989728548,0.8619073359634718,0.8610824963978895,0.8619858304592444
supervised_h,supervised reference,coarse_retention,5.355450640555345,0.866653953913386,0.8658477249410624,0.8666569620974337
supervised_h,supervised reference,coarse_retention,5.386953291382141,0.8713024537435842,0.8705933298602923,0.8713869646074522
supervised_h,supervised reference,coarse_retention,5.418455942208937,0.8759509535737826,0.8753389347795222,0.8761169671174709
supervised_h,supervised reference,coarse_retention,5.449958593035733,0.8805994534039809,0.8800845396987519,0.8808469696274894
supervised_h,supervised reference,coarse_retention,5.48146124386253,0.8852479532341793,0.8848301446179818,0.8855769721375082
supervised_h,supervised reference,coarse_retention,5.512963894689325,0.8898964530643776,0.8895757495372115,0.8903069746475267
supervised_h,supervised reference,coarse_retention,5.544466545516122,0.894544952894576,0.8943213544564415,0.8950369771575455
supervised_h,supervised reference,coarse_retention,5.575969196342918,0.8991934527247742,0.8990669593756713,0.899766979667564
supervised_h,supervised reference,coarse_retention,5.607471847169714,0.9038419525549727,0.9038125642949011,0.9044969821775827
supervised_h,supervised reference,coarse_retention,5.63897449799651,0.9085750984213709,0.908507381592411,0.9092439138948413
supervised_h,supervised reference,coarse_retention,5.670477148823307,0.9133449796128587,0.9131801576948673,0.9139981926771178
supervised_h,supervised reference,coarse_retention,5.701979799650102,0.9181148608043463,0.9178529337973234,0.9187524714593942
supervised_h,supervised reference,coarse_retention,5.733482450476899,0.9221803459813674,0.9212546233622356,0.9223467465134774
supervised_h,supervised reference,coarse_retention,5.764985101303695,0.9254063062174529,0.924326661458653,0.9255005060493227
supervised_h,supervised reference,coarse_retention,5.796487752130491,0.9286322664535384,0.9273986995550704,0.9286542655851681
supervised_h,supervised reference,coarse_retention,5.827990402957287,0.9317954747288608,0.9304581872593352,0.9318456762974712
supervised_h,supervised reference,coarse_retention,5.8594930537840835,0.9349311840896462,0.9335121751806925,0.9350535863584966
supervised_h,supervised reference,coarse_retention,5.890995704610879,0.9380668934504315,0.9365661631020498,0.938261496419522
supervised_h,supervised reference,coarse_retention,5.922498355437676,0.9412026028112168,0.9396201510234071,0.9414694064805473
supervised_h,supervised reference,coarse_retention,5.9540010062644715,0.944338312172002,0.9426741389447644,0.9446773165415727
supervised_h,supervised reference,coarse_retention,5.985503657091268,0.9474740215327875,0.9457281268661218,0.9478852266025982
supervised_h,supervised reference,coarse_retention,6.017006307918064,0.9506097308935727,0.9487821147874791,0.9510931366636235
supervised_h,supervised reference,coarse_retention,6.0485089587448595,0.953745440254358,0.9518361027088363,0.9543010467246489
supervised_h,supervised reference,coarse_retention,6.080011609571656,0.9568811496151434,0.9548900906301937,0.9575089567856743
supervised_h,supervised reference,coarse_retention,6.111514260398452,0.9600168589759287,0.957944078551551,0.9607168668466998
supervised_h,supervised reference,coarse_retention,6.143016911225248,0.963152568336714,0.9609980664729083,0.9639247769077252
supervised_h,supervised reference,coarse_retention,6.174519562052044,0.9662882776974993,0.9640520543942657,0.9671326869687504
supervised_h,supervised reference,coarse_retention,6.206022212878841,0.9694239870582847,0.967106042315623,0.9703405970297759
supervised_h,supervised reference,coarse_retention,6.237524863705636,0.9711809759997543,0.9694829283886592,0.9728897112647094
supervised_h,supervised reference,coarse_retention,6.269027514532433,0.9727611775578853,0.9710741353168078,0.9744984462455965
supervised_h,supervised reference,coarse_retention,6.300530165359229,0.9743413791160161,0.9726653422449562,0.9761071812264835
supervised_h,supervised reference,coarse_retention,6.332032816186025,0.9759215806741471,0.9742565491731046,0.9777159162073706
supervised_h,supervised reference,coarse_retention,6.363535467012821,0.9775017822322781,0.975847756101253,0.9793246511882577
supervised_h,supervised reference,coarse_retention,6.395038117839618,0.9790819837904091,0.9774389630294015,0.9809333861691449
supervised_h,supervised reference,coarse_retention,6.426540768666413,0.98066218534854,0.9790301699575499,0.982542121150032
supervised_h,supervised reference,coarse_retention,6.45804341949321,0.982242386906671,0.9806213768856983,0.9841508561309191
supervised_h,supervised reference,coarse_retention,6.489546070320006,0.983822588464802,0.9822125838138467,0.9857595911118063
supervised_h,supervised reference,coarse_retention,6.521048721146802,0.985402790022933,0.9838037907419952,0.9873683260926934
supervised_h,supervised reference,coarse_retention,6.552551371973598,0.9867396978900371,0.9853463389319383,0.9889284023353752
supervised_h,supervised reference,coarse_retention,6.5840540228003945,0.987573546412294,0.9864713407992556,0.9898951129307992
supervised_h,supervised reference,coarse_retention,6.61555667362719,0.9884073949345509,0.987371740863592,0.9906643393939302
supervised_h,supervised reference,coarse_retention,6.647059324453987,0.9892412434568078,0.9882721409279285,0.991433565857061
supervised_h,supervised reference,coarse_retention,6.6785619752807825,0.9900750919790646,0.9891725409922649,0.9922027923201918
supervised_h,supervised reference,coarse_retention,6.710064626107579,0.9909089405013216,0.9900729410566014,0.9929720187833228
supervised_h,supervised reference,coarse_retention,6.741567276934375,0.9917427890235785,0.9909733411209378,0.9937412452464536
supervised_h,supervised reference,coarse_retention,6.7730699277611714,0.9925766375458354,0.9918737411852743,0.9945104717095845
supervised_h,supervised reference,coarse_retention,6.804572578587967,0.9933689837712271,0.9927658407902377,0.9952713977133423
supervised_h,supervised reference,coarse_retention,6.836075229414764,0.993886449341391,0.9934802846878722,0.9957784249537123
supervised_h,supervised reference,coarse_retention,6.8675778802415595,0.994403914911555,0.9940507055790957,0.9961689868088227
supervised_h,supervised reference,coarse_retention,6.899080531068356,0.994921380481719,0.9946211264703191,0.9965595486639333
supervised_h,supervised reference,coarse_retention,6.930583181895152,0.9954388460518829,0.9951915473615426,0.9969501105190436
supervised_h,supervised reference,coarse_retention,6.962085832721948,0.9959563116220469,0.9957619682527661,0.9973406723741541
supervised_h,supervised reference,coarse_retention,6.993588483548744,0.9964737771922109,0.9963323891439895,0.9977312342292646
supervised_h,supervised reference,coarse_retention,7.025091134375541,0.9969045032241247,0.9968825888962821,0.9980676982540838
supervised_h,supervised reference,coarse_retention,7.056593785202336,0.9972528606016172,0.9972467547153538,0.9982898969208186
supervised_h,supervised reference,coarse_retention,7.088096436029133,0.9976133461732546,0.9976036436179387,0.9985145212263822
supervised_h,supervised reference,coarse_retention,7.119599086855929,0.9979814641027211,0.9979559531058261,0.9987406720035118
supervised_h,supervised reference,coarse_retention,7.151101737682725,0.9983495820321878,0.9983082625937134,0.9989668227806413
supervised_h,supervised reference,coarse_retention,7.182604388509521,0.9987176999616544,0.998647762516219,0.9991780765975272
supervised_h,supervised reference,coarse_retention,7.214107039336318,0.9989483404751041,0.9988678315468028,0.9993158059437164
supervised_h,supervised reference,coarse_retention,7.245609690163113,0.9991534200970246,0.9990827883990807,0.9994484231115998
supervised_h,supervised reference,coarse_retention,7.27711234098991,0.9993584997189452,0.9992977452513587,0.9995810402794831
supervised_h,supervised reference,coarse_retention,7.308614991816706,0.9995635793408658,0.9995127021036366,0.9997040178598684
supervised_h,supervised reference,coarse_retention,7.340117642643502,0.999685728472568,0.9996399819680228,0.999779410098991
supervised_h,supervised reference,coarse_retention,7.371620293470298,0.9997776648094251,0.9997447148758294,0.9998487597791444
supervised_h,supervised reference,coarse_retention,7.4031229442970945,0.9998696011462823,0.9998494477836358,0.999915798977261
supervised_h,supervised reference,coarse_retention,7.43462559512389,0.9999285317250155,0.9999186965891038,0.9999484534103829
supervised_h,supervised reference,coarse_retention,7.466128245950687,0.9999600714454463,0.9999547951794946,0.9999756296718444
supervised_h,supervised reference,coarse_retention,7.4976308967774825,0.9999871805954845,0.999987149914872,0.9999912931674849
supervised_h,supervised reference,coarse_retention,7.529133547604278,0.9999951783800411,0.9999951740068269,0.9999982395416822
supervised_h,supervised reference,fine_retention,0.0,2.5999141471027268e-17,2.5999141471027268e-17,2.5999141471027268e-17
supervised_h,supervised reference,fine_retention,0.031502650826796146,0.004430642221739265,0.004414778887894361,0.004438724768070565
supervised_h,supervised reference,fine_retention,0.06300530165359229,0.00918596084775886,0.009157218691333312,0.009203011342748646
supervised_h,supervised reference,fine_retention,0.09450795248038843,0.014019912100070102,0.013978356472172129,0.01404542715569129
supervised_h,supervised reference,fine_retention,0.12601060330718458,0.019036581631529777,0.018986407411391907,0.01907200041535107
supervised_h,supervised reference,fine_retention,0.15751325413398073,0.024053251162989446,0.02399445835061169,0.024098573675010847
supervised_h,supervised reference,fine_retention,0.18901590496077686,0.029069920694449115,0.029002509289831464,0.029125146934670623
supervised_h,supervised reference,fine_retention,0.220518555787573,0.03408659022590879,0.03401056022905124,0.034151720194330396
supervised_h,supervised reference,fine_retention,0.25202120661436916,0.03918492287737185,0.03909893834897632,0.0392567101294772
supervised_h,supervised reference,fine_retention,0.2835238574411653,0.04436893456988761,0.04427880857149295,0.044448656185435524
supervised_h,supervised reference,fine_retention,0.31502650826796147,0.04955294626240336,0.04945867879400959,0.04964060224139384
supervised_h,supervised reference,fine_retention,0.3465291590947576,0.05473695795491912,0.054638549016526226,0.054832548297352166
supervised_h,supervised reference,fine_retention,0.3780318099215537,0.05992096964743486,0.05981841923904286,0.060024494353310476
supervised_h,supervised reference,fine_retention,0.40953446074834987,0.06510498133995062,0.0649982894615595,0.06521644040926879
supervised_h,supervised reference,fine_retention,0.441037111575146,0.07028899303246637,0.07017815968407613,0.07040838646522711
supervised_h,supervised reference,fine_retention,0.4725397624019422,0.07547300472498213,0.07535802990659277,0.07560033252118543
supervised_h,supervised reference,fine_retention,0.5040424132287383,0.08065701641749788,0.0805379001291094,0.08079227857714374
supervised_h,supervised reference,fine_retention,0.5355450640555345,0.08584102811001364,0.08571777035162605,0.08598422463310208
supervised_h,supervised reference,fine_retention,0.5670477148823306,0.09102503980252938,0.09089764057414268,0.09117617068906038
supervised_h,supervised reference,fine_retention,0.5985503657091268,0.09620905149504513,0.09607751079665933,0.09636811674501872
supervised_h,supervised reference,fine_retention,0.6300530165359229,0.1013930631875609,0.10125738101917596,0.10156006280097703
supervised_h,supervised reference,fine_retention,0.6615556673627191,0.10657707488007666,0.1064372512416926,0.10675200885693535
supervised_h,supervised reference,fine_retention,0.6930583181895152,0.11176820710529634,0.11162533484980433,0.11194725931715163
supervised_h,supervised reference,fine_retention,0.7245609690163114,0.11696431576594957,0.1168209742561511,0.11714499671204509
supervised_h,supervised reference,fine_retention,0.7560636198431074,0.12216042442660278,0.12201661366249783,0.12234273410693854
supervised_h,supervised reference,fine_retention,0.7875662706699036,0.12735653308725603,0.1272122530688446,0.12754047150183198
supervised_h,supervised reference,fine_retention,0.8190689214966997,0.13255264174790926,0.13240789247519133,0.13273820889672544
supervised_h,supervised reference,fine_retention,0.8505715723234959,0.1377487504085625,0.13760353188153812,0.1379359462916189
supervised_h,supervised reference,fine_retention,0.882074223150292,0.14294485906921572,0.14279917128788486,0.14313368368651236
supervised_h,supervised reference,fine_retention,0.9135768739770882,0.14814096772986898,0.14799481069423162,0.14833142108140582
supervised_h,supervised reference,fine_retention,0.9450795248038844,0.15333707639052221,0.15319045010057838,0.15352915847629928
supervised_h,supervised reference,fine_retention,0.9765821756306805,0.15853318505117545,0.15838608950692515,0.15872689587119274
supervised_h,supervised reference,fine_retention,1.0080848264574767,0.16372929371182868,0.1635817289132719,0.16392463326608617
supervised_h,supervised reference,fine_retention,1.0395874772842728,0.16892540237248194,0.16877736831961865,0.16912237066097965
supervised_h,supervised reference,fine_retention,1.071090128111069,0.17412151103313517,0.17397300772596544,0.17432010805587309
supervised_h,supervised reference,fine_retention,1.1025927789378651,0.1793176196937884,0.17916864713231218,0.17951784545076654
supervised_h,supervised reference,fine_retention,1.1340954297646613,0.18451372835444163,0.18436428653865897,0.18471558284566003
supervised_h,supervised reference,fine_retention,1.1655980805914574,0.18970983701509486,0.1895599259450057,0.18991332024055346
supervised_h,supervised reference,fine_retention,1.1971007314182536,0.1949059456757481,0.19475556535135247,0.1951110576354469
supervised_h,supervised reference,fine_retention,1.2286033822450497,0.20010205433640132,0.19995120475769923,0.20030879503034038
supervised_h,supervised reference,fine_retention,1.2601060330718459,0.20529816299705458,0.20514684416404597,0.20550653242523384
supervised_h,supervised reference,fine_retention,1.291608683898642,0.21049427165770782,0.21034248357039273,0.2107042698201273
supervised_h,supervised reference,fine_retention,1.3231113347254382,0.21569038031836107,0.21553812297673952,0.21590200721502076
supervised_h,supervised reference,fine_retention,1.3546139855522343,0.2208864889790143,0.22073376238308628,0.2210997446099142
supervised_h,supervised reference,fine_retention,1.3861166363790305,0.22608259763966754,0.22592940178943305,0.22629748200480765
supervised_h,supervised reference,fine_retention,1.4176192872058266,0.23127870630032077,0.23112504119577978,0.23149521939970114
supervised_h,supervised reference,fine_retention,1.4491219380326228,0.236474814960974,0.23632068060212655,0.23669295679459457
supervised_h,supervised reference,fine_retention,1.480624588859419,0.24167092362162723,0.24151632000847328,0.24189069418948803
supervised_h,supervised reference,fine_retention,1.5121272396862149,0.24686703228228044,0.24671195941482005,0.24708843158438146
supervised_h,supervised reference,fine_retention,1.543629890513011,0.2520631409429337,0.2519075988211668,0.2522861689792749
supervised_h,supervised reference,fine_retention,1.5751325413398072,0.2572592496035869,0.2571032382275136,0.25748390637416835
supervised_h,supervised reference,fine_retention,1.6066351921666033,0.26245535826424016,0.2622988776338603,0.26268164376906183
supervised_h,supervised reference,fine_retention,1.6381378429933995,0.2676514669248934,0.26749451704020705,0.26787938116395527
supervised_h,supervised reference,fine_retention,1.6696404938201956,0.2728475755855466,0.2726901564465538,0.2730771185588487
supervised_h,supervised reference,fine_retention,1.7011431446469918,0.27804368424619985,0.27788579585290063,0.27827485595374224
supervised_h,supervised reference,fine_retention,1.732645795473788,0.2831110357695602,0.28298040636361144,0.28333873293012046
supervised_h,supervised reference,fine_retention,1.764148446300584,0.2881677719620509,0.2880383959570525,0.2883905246539104
supervised_h,supervised reference,fine_retention,1.7956510971273802,0.2932245081545416,0.29309638555049355,0.2934423163777003
supervised_h,supervised reference,fine_retention,1.8271537479541764,0.2982812443470323,0.29815437514393467,0.29849410810149024
supervised_h,supervised reference,fine_retention,1.8586563987809726,0.303337980539523,0.30321236473737573,0.30354589982528024
supervised_h,supervised reference,fine_retention,1.8901590496077687,0.3083947167320137,0.30827035433081684,0.30859769154907013
supervised_h,supervised reference,fine_retention,1.9216617004345649,0.3134514529245043,0.3133283439242579,0.3136494832728601
supervised_h,supervised reference,fine_retention,1.953164351261361,0.318508189116995,0.318386333517699,0.31870127499664996
supervised_h,supervised reference,fine_retention,1.9846670020881572,0.3235649253094857,0.3234443231111401,0.32375306672043996
supervised_h,supervised reference,fine_retention,2.0161696529149533,0.3286216615019764,0.32850231270458113,0.3288048584442299
supervised_h,supervised reference,fine_retention,2.0476723037417495,0.33367839769446705,0.3335603022980222,0.3338566501680198
supervised_h,supervised reference,fine_retention,2.0791749545685456,0.33873513388695775,0.33861829189146325,0.33890844189180974
supervised_h,supervised reference,fine_retention,2.1106776053953418,0.34379187007944845,0.34367628148490437,0.3439602336155997
supervised_h,supervised reference,fine_retention,2.142180256222138,0.34884860627193914,0.3487342710783454,0.34901202533938963
supervised_h,supervised reference,fine_retention,2.173682907048934,0.35390534246442984,0.35379226067178654,0.3540638170631796
supervised_h,supervised reference,fine_retention,2.2051855578757302,0.35896207865692054,0.3588502502652276,0.3591156087869695
supervised_h,supervised reference,fine_retention,2.2366882087025264,0.3640188148494112,0.36390823985866866,0.3641674005107594
supervised_h,supervised reference,fine_retention,2.2681908595293225,0.3690755510419019,0.3689662294521097,0.3692191922345494
supervised_h,supervised reference,fine_retention,2.2996935103561187,0.37413228723439257,0.37402421904555083,0.37427098395833935
supervised_h,supervised reference,fine_retention,2.331196161182915,0.37918902342688326,0.3790822086389919,0.37932277568212924
supervised_h,supervised reference,fine_retention,2.362698812009711,0.3842457596193739,0.38414019823243295,0.3843745674059192
supervised_h,supervised reference,fine_retention,2.394201462836507,0.3893024958118646,0.38919818782587406,0.38942635912970913
supervised_h,supervised reference,fine_retention,2.4257041136633033,0.3943592320043553,0.3942561774193152,0.3944781508534991
supervised_h,supervised reference,fine_retention,2.4572067644900994,0.399415968196846,0.39931416701275624,0.399529942577289
supervised_h,supervised reference,fine_retention,2.4887094153168956,0.4044727043893367,0.4043721566061973,0.40458173430107897
supervised_h,supervised reference,fine_retention,2.5202120661436918,0.4095294405818274,0.40943014619963836,0.4096335260248689
supervised_h,supervised reference,fine_retention,2.551714716970488,0.4145861767743181,0.41448813579307947,0.41468531774865885
supervised_h,supervised reference,fine_retention,2.583217367797284,0.4196429129668087,0.41954612538652053,0.4197371094724488
supervised_h,supervised reference,fine_retention,2.61472001862408,0.4246996491592994,0.4246041149799616,0.4247889011962387
supervised_h,supervised reference,fine_retention,2.6462226694508764,0.42975638535179006,0.4296621045734027,0.4298406929200286
supervised_h,supervised reference,fine_retention,2.6777253202776725,0.43481312154428076,0.43472009416684376,0.4348924846438186
supervised_h,supervised reference,fine_retention,2.7092279711044687,0.43986985773677145,0.4397780837602848,0.4399442763676085
supervised_h,supervised reference,fine_retention,2.740730621931265,0.44492659392926215,0.4448360733537259,0.4449960680913984
supervised_h,supervised reference,fine_retention,2.772233272758061,0.44998333012175284,0.449894062947167,0.4500478598151884
supervised_h,supervised reference,fine_retention,2.803735923584857,0.45504006631424354,0.45495205254060805,0.45509965153897836
supervised_h,supervised reference,fine_retention,2.8352385744116533,0.46009680250673424,0.4600100421340491,0.46015144326276824
supervised_h,supervised reference,fine_retention,2.8667412252384494,0.46515353869922493,0.4650680317274902,0.4652032349865582
supervised_h,supervised reference,fine_retention,2.8982438760652456,0.4702102748917156,0.47012602132093134,0.47025502671034813
supervised_h,supervised reference,fine_retention,2.9297465268920417,0.47526701108420627,0.4751840109143724,0.4753068184341381
supervised_h,supervised reference,fine_retention,2.961249177718838,0.4803237472766969,0.4802420005078134,0.480358610157928
supervised_h,supervised reference,fine_retention,2.992751828545634,0.4853804834691876,0.4852999901012545,0.48541040188171797
supervised_h,supervised reference,fine_retention,3.0242544793724297,0.49043721966167825,0.4903579796946955,0.4904621936055078
supervised_h,supervised reference,fine_retention,3.055757130199226,0.49549395585416894,0.49541596928813664,0.49551398532929775
supervised_h,supervised reference,fine_retention,3.087259781026022,0.5005506920466596,0.5004739588815778,0.5005657770530877
supervised_h,supervised reference,fine_retention,3.118762431852818,0.5056074282391503,0.5055319484750187,0.5056175687768777
supervised_h,supervised reference,fine_retention,3.1502650826796144,0.510664164431641,0.5105899380684599,0.5106693605006676
supervised_h,supervised reference,fine_retention,3.1817677335064105,0.5157209006241317,0.5156479276619009,0.5157211522244575
supervised_h,supervised reference,fine_retention,3.2132703843332067,0.520706773149338,0.520691744521885,0.5207204870874766
supervised_h,supervised reference,fine_retention,3.244773035160003,0.5256178567058613,0.5255969230842561,0.5256267288704447
supervised_h,supervised reference,fine_retention,3.276275685986799,0.5305244285212676,0.5304861706709509,0.5305320683051893
supervised_h,supervised reference,fine_retention,3.307778336813595,0.5354310003366738,0.5353754182576457,0.535437407739934
supervised_h,supervised reference,fine_retention,3.3392809876403913,0.54033757215208,0.5402646658443404,0.5403427471746787
supervised_h,supervised reference,fine_retention,3.3707836384671874,0.5452441439674862,0.545153913431035,0.5452480866094234
supervised_h,supervised reference,fine_retention,3.4022862892939836,0.5501507157828925,0.5500431610177299,0.5501534260441682
supervised_h,supervised reference,fine_retention,3.4337889401207797,0.5550572875982988,0.5549324086044246,0.5550587654789129
supervised_h,supervised reference,fine_retention,3.465291590947576,0.559963859413705,0.5598216561911193,0.5599641049136576
supervised_h,supervised reference,fine_retention,3.496794241774372,0.564869197628225,0.5647106570576369,0.5648701845089339
supervised_h,supervised reference,fine_retention,3.528296892601168,0.5697742289678043,0.5695995965491663,0.5697764482291748
supervised_h,supervised reference,fine_retention,3.5597995434279643,0.5746792603073836,0.5744885360406955,0.5746827119494157
supervised_h,supervised reference,fine_retention,3.5913021942547605,0.5795842916469629,0.5793774755322249,0.5795889756696565
supervised_h,supervised reference,fine_retention,3.6228048450815566,0.5844893229865422,0.5842664150237543,0.5844952393898973
supervised_h,supervised reference,fine_retention,3.654307495908353,0.5893943543261214,0.5891553545152836,0.5894015031101383
supervised_h,supervised reference,fine_retention,3.685810146735149,0.5942993856657007,0.5940442940068129,0.5943077668303791
supervised_h,supervised reference,fine_retention,3.717312797561945,0.59920441700528,0.5989332334983423,0.59921403055062
supervised_h,supervised reference,fine_retention,3.7488154483887413,0.6041094483448594,0.6038221729898717,0.6041202942708608
supervised_h,supervised reference,fine_retention,3.7803180992155374,0.6090144796844387,0.608711112481401,0.6090265579911017
supervised_h,supervised reference,fine_retention,3.8118207500423336,0.613919511024018,0.6136000519729303,0.6139328217113426
supervised_h,supervised reference,fine_retention,3.8433234008691297,0.6188245423635973,0.6184889914644598,0.6188390854315834
supervised_h,supervised reference,fine_retention,3.874826051695926,0.6237295737031766,0.6233779309559891,0.6237453491518242
supervised_h,supervised reference,fine_retention,3.906328702522722,0.6286346050427559,0.6282668704475184,0.6286516128720651
supervised_h,supervised reference,fine_retention,3.937831353349518,0.6335396363823351,0.6331558099390477,0.6335578765923059
supervised_h,supervised reference,fine_retention,3.9693340041763143,0.6384446677219144,0.6380447494305772,0.6384641403125467
supervised_h,supervised reference,fine_retention,4.000836655003111,0.6433496990614939,0.6429336889221066,0.6433704040327877
supervised_h,supervised reference,fine_retention,4.032339305829907,0.6482547304010731,0.6478226284136358,0.6482766677530285
supervised_h,supervised reference,fine_retention,4.063841956656702,0.6531597617406524,0.6527115679051652,0.6531829314732692
supervised_h,supervised reference,fine_retention,4.095344607483499,0.6580647930802317,0.6576005073966946,0.6580891951935102
supervised_h,supervised reference,fine_retention,4.126847258310295,0.6629698244198109,0.6624894468882239,0.662995458913751
supervised_h,supervised reference,fine_retention,4.158349909137091,0.6678748557593903,0.6673783863797532,0.6679017226339918
supervised_h,supervised reference,fine_retention,4.189852559963887,0.6727798870989695,0.6722673258712826,0.6728079863542327
supervised_h,supervised reference,fine_retention,4.2213552107906835,0.6776849184385489,0.677156265362812,0.6777142500744736
supervised_h,supervised reference,fine_retention,4.252857861617479,0.6825899497781281,0.6820452048543412,0.6826205137947143
supervised_h,supervised reference,fine_retention,4.284360512444276,0.6874949811177076,0.6869341443458707,0.6875267775149553
supervised_h,supervised reference,fine_retention,4.315863163271072,0.6924000124572868,0.6918230838374,0.6924330412351961
supervised_h,supervised reference,fine_retention,4.347365814097868,0.6973050437968661,0.6967120233289293,0.697339304955437
supervised_h,supervised reference,fine_retention,4.378868464924664,0.7022100751364453,0.7016009628204587,0.7022455686756778
supervised_h,supervised reference,fine_retention,4.4103711157514605,0.7071151064760247,0.7064899023119882,0.7071518323959186
supervised_h,supervised reference,fine_retention,4.441873766578256,0.7120201378156039,0.7113788418035174,0.7120580961161594
supervised_h,supervised reference,fine_retention,4.473376417405053,0.7169251691551833,0.7162677812950468,0.7169643598364004
supervised_h,supervised reference,fine_retention,4.5048790682318485,0.7218302004947625,0.7211567207865761,0.7218706235566411
supervised_h,supervised reference,fine_retention,4.536381719058645,0.726735231834342,0.7260456602781056,0.726776887276882
supervised_h,supervised reference,fine_retention,4.567884369885441,0.7316402631739212,0.7309345997696348,0.7316831509971229
supervised_h,supervised reference,fine_retention,4.599387020712237,0.7365452945135005,0.7358235392611642,0.7365894147173638
supervised_h,supervised reference,fine_retention,4.630889671539033,0.7414503258530798,0.7407124787526935,0.7414956784376046
supervised_h,supervised reference,fine_retention,4.66239232236583,0.7463553571926591,0.745601418244223,0.7464019421578455
supervised_h,supervised reference,fine_retention,4.693894973192625,0.7512603885322384,0.7504903577357522,0.7513082058780863
supervised_h,supervised reference,fine_retention,4.725397624019422,0.7561343434538701,0.7551763497417252,0.7562082543147377
supervised_h,supervised reference,fine_retention,4.756900274846218,0.7606657919536655,0.7596449759423404,0.7607960619239345
supervised_h,supervised reference,fine_retention,4.788402925673014,0.765197240453461,0.7641136021429557,0.7653122238774345
supervised_h,supervised reference,fine_retention,4.81990557649981,0.7697286889532564,0.7685822283435708,0.7698283858309343
supervised_h,supervised reference,fine_retention,4.851408227326607,0.774260137453052,0.7730508545441862,0.7743445477844343
supervised_h,supervised reference,fine_retention,4.882910878153402,0.7787915859528474,0.7775194807448014,0.7788607097379342
supervised_h,supervised reference,fine_retention,4.914413528980199,0.783323034452643,0.7819881069454167,0.7833768716914342
supervised_h,supervised reference,fine_retention,4.945916179806995,0.7878544829524384,0.7864567331460319,0.7878930336449342
supervised_h,supervised reference,fine_retention,4.977418830633791,0.7923859314522339,0.7909253593466472,0.7924091955984343
supervised_h,supervised reference,fine_retention,5.008921481460587,0.7969173799520294,0.7953939855472624,0.796925357551934
supervised_h,supervised reference,fine_retention,5.0404241322873835,0.8014396922688364,0.7998607845112801,0.8014470012152272
supervised_h,supervised reference,fine_retention,5.071926783114179,0.8059520325857624,0.8043255890753215,0.8059746280784488
supervised_h,supervised reference,fine_retention,5.103429433940976,0.8104643729026886,0.8087903936393629,0.8105022549416704
supervised_h,supervised reference,fine_retention,5.1349320847677715,0.8149767132196146,0.8132551982034042,0.815029881804892
supervised_h,supervised reference,fine_retention,5.166434735594568,0.8194890535365407,0.8177200027674456,0.8195575086681136
supervised_h,supervised reference,fine_retention,5.197937386421364,0.8240013938534667,0.8221848073314869,0.8240851355313351
supervised_h,supervised reference,fine_retention,5.22944003724816,0.8285137341703929,0.8266496118955283,0.8286127623945568
supervised_h,supervised reference,fine_retention,5.260942688074956,0.8330260744873189,0.8311144164595697,0.8331403892577783
supervised_h,supervised reference,fine_retention,5.292445338901753,0.8375384148042451,0.8355792210236112,0.8376680161210001
supervised_h,supervised reference,fine_retention,5.323947989728548,0.8420507551211711,0.8400440255876525,0.8421956429842216
supervised_h,supervised reference,fine_retention,5.355450640555345,0.8465630954380972,0.8445088301516939,0.8467232698474432
supervised_h,supervised reference,fine_retention,5.386953291382141,0.8510754357550232,0.8489736347157352,0.8512508967106648
supervised_h,supervised reference,fine_retention,5.418455942208937,0.8555877760719494,0.8534384392797766,0.8557785235738864
supervised_h,supervised reference,fine_retention,5.449958593035733,0.8601001163888754,0.857903243843818,0.860306150437108
supervised_h,supervised reference,fine_retention,5.48146124386253,0.8646124567058016,0.8623680484078594,0.8648337773003296
supervised_h,supervised reference,fine_retention,5.512963894689325,0.8691247970227276,0.8668328529719007,0.8693614041635512
supervised_h,supervised reference,fine_retention,5.544466545516122,0.8736371373396536,0.8712976575359421,0.8738890310267728
supervised_h,supervised reference,fine_retention,5.575969196342918,0.8781494776565797,0.8757624620999834,0.8784166578899943
supervised_h,supervised reference,fine_retention,5.607471847169714,0.8826618179735058,0.8802272666640248,0.8829442847532161
supervised_h,supervised reference,fine_retention,5.63897449799651,0.8871741582904319,0.8846920712280663,0.8874719116164376
supervised_h,supervised reference,fine_retention,5.670477148823307,0.891686498607358,0.8891568757921077,0.8919995384796593
supervised_h,supervised reference,fine_retention,5.701979799650102,0.8961988389242841,0.893621680356149,0.8965271653428808
supervised_h,supervised reference,fine_retention,5.733482450476899,0.8997664135393251,0.8970704049883267,0.900435279354709
supervised_h,supervised reference,fine_retention,5.764985101303695,0.9030812682242979,0.9003502136834428,0.9037796925645609
supervised_h,supervised reference,fine_retention,5.796487752130491,0.9063961229092709,0.903630022378559,0.907124105774413
supervised_h,supervised reference,fine_retention,5.827990402957287,0.9097109775942437,0.9069098310736751,0.9104685189842648
supervised_h,supervised reference,fine_retention,5.8594930537840835,0.9130258322792166,0.9101896397687913,0.913812932194117
supervised_h,supervised reference,fine_retention,5.890995704610879,0.9163406869641895,0.9134694484639074,0.9171573454039689
supervised_h,supervised reference,fine_retention,5.922498355437676,0.9196555416491624,0.9167492571590237,0.920501758613821
supervised_h,supervised reference,fine_retention,5.9540010062644715,0.9229703963341352,0.9200290658541398,0.9238461718236729
supervised_h,supervised reference,fine_retention,5.985503657091268,0.9262852510191082,0.9233088745492559,0.9271905850335249
supervised_h,supervised reference,fine_retention,6.017006307918064,0.929600105704081,0.926588683244372,0.9305349982433768
supervised_h,supervised reference,fine_retention,6.0485089587448595,0.9329149603890539,0.9298684919394882,0.9338794114532287
supervised_h,supervised reference,fine_retention,6.080011609571656,0.9362298150740269,0.9331483006346044,0.9372238246630809
supervised_h,supervised reference,fine_retention,6.111514260398452,0.9395446697589998,0.9364281093297205,0.9405682378729328
supervised_h,supervised reference,fine_retention,6.143016911225248,0.9428595244439727,0.9397079180248368,0.9439126510827849
supervised_h,supervised reference,fine_retention,6.174519562052044,0.9461743791289455,0.9429877267199528,0.9472570642926367
supervised_h,supervised reference,fine_retention,6.206022212878841,0.9494892338139185,0.946267535415069,0.9506014775024888
supervised_h,supervised reference,fine_retention,6.237524863705636,0.9517438828875998,0.9490218191440404,0.9534421992186325
supervised_h,supervised reference,fine_retention,6.269027514532433,0.9538625863604219,0.9511628687288385,0.9555666605784133
supervised_h,supervised reference,fine_retention,6.300530165359229,0.9559812898332438,0.9533039183136366,0.9576911219381941
supervised_h,supervised reference,fine_retention,6.332032816186025,0.9580999933060658,0.9554449678984346,0.9598155832979749
supervised_h,supervised reference,fine_retention,6.363535467012821,0.9602186967788877,0.9575860174832326,0.9619400446577557
supervised_h,supervised reference,fine_retention,6.395038117839618,0.9623374002517097,0.9597270670680307,0.9640645060175365
supervised_h,supervised reference,fine_retention,6.426540768666413,0.9644561037245316,0.9618681166528287,0.9661889673773172
supervised_h,supervised reference,fine_retention,6.45804341949321,0.9665748071973536,0.9640091662376268,0.968313428737098
supervised_h,supervised reference,fine_retention,6.489546070320006,0.9686935106701755,0.9661502158224249,0.9704378900968789
supervised_h,supervised reference,fine_retention,6.521048721146802,0.9708122141429975,0.9682912654072229,0.9725623514566597
supervised_h,supervised reference,fine_retention,6.552551371973598,0.972708402318644,0.9703878119325858,0.9746423097570053
supervised_h,supervised reference,fine_retention,6.5840540228003945,0.9741444947180984,0.9721062720665659,0.9762094709497027
supervised_h,supervised reference,fine_retention,6.61555667362719,0.9755805871175528,0.9736220050553251,0.9776079942293463
supervised_h,supervised reference,fine_retention,6.647059324453987,0.9770166795170072,0.9751377380440845,0.97900651750899
supervised_h,supervised reference,fine_retention,6.6785619752807825,0.9784527719164616,0.9766534710328438,0.9804050407886337
supervised_h,supervised reference,fine_retention,6.710064626107579,0.979888864315916,0.9781692040216032,0.9818035640682774
supervised_h,supervised reference,fine_retention,6.741567276934375,0.9813249567153705,0.9796849370103626,0.9832020873479211
supervised_h,supervised reference,fine_retention,6.7730699277611714,0.9827610491148249,0.9812006699991219,0.9846006106275649
supervised_h,supervised reference,fine_retention,6.804572578587967,0.9841433376744807,0.9827056422199216,0.9859883731392488
supervised_h,supervised reference,fine_retention,6.836075229414764,0.9851692692164598,0.9839963775305854,0.9870730634862862
supervised_h,supervised reference,fine_retention,6.8675778802415595,0.9861952007584389,0.985119274618315,0.9880220389343782
supervised_h,supervised reference,fine_retention,6.899080531068356,0.9872211323004181,0.9862421717060448,0.9889710143824704
supervised_h,supervised reference,fine_retention,6.930583181895152,0.9882470638423971,0.9873650687937744,0.9899199898305623
supervised_h,supervised reference,fine_retention,6.962085832721948,0.9892729953843763,0.9884879658815041,0.9908689652786543
supervised_h,supervised reference,fine_retention,6.993588483548744,0.9902989269263555,0.9896108629692337,0.9918179407267463
supervised_h,supervised reference,fine_retention,7.025091134375541,0.9911838150945255,0.9907015237143026,0.9926762591855095
supervised_h,supervised reference,fine_retention,7.056593785202336,0.9919347671921321,0.9915277093889213,0.9933416153239681
supervised_h,supervised reference,fine_retention,7.088096436029133,0.9926857192897388,0.9923538950635401,0.9940069714624269
supervised_h,supervised reference,fine_retention,7.119599086855929,0.9934366713873455,0.9931800807381589,0.9946723276008855
supervised_h,supervised reference,fine_retention,7.151101737682725,0.9941876234849522,0.9940062664127776,0.9953376837393443
supervised_h,supervised reference,fine_retention,7.182604388509521,0.9949160646987164,0.994827949910628,0.9959648477637285
supervised_h,supervised reference,fine_retention,7.214107039336318,0.9954829432641794,0.9954483738206482,0.9964556032766189
supervised_h,supervised reference,fine_retention,7.245609690163113,0.9960498218296424,0.9960373857536825,0.9969463587895092
supervised_h,supervised reference,fine_retention,7.27711234098991,0.9966288220096196,0.9966191247180083,0.9974395386253024
supervised_h,supervised reference,fine_retention,7.308614991816706,0.9972233672845466,0.9971915366253641,0.9979122232847365
supervised_h,supervised reference,fine_retention,7.340117642643502,0.997673502108162,0.9976489096450905,0.9982801188513781
supervised_h,supervised reference,fine_retention,7.371620293470298,0.9980769414914898,0.9980722091660578,0.9986386753299621
supervised_h,supervised reference,fine_retention,7.4031229442970945,0.9985111214536572,0.9984770643397215,0.9989965356914676
supervised_h,supervised reference,fine_retention,7.43462559512389,0.9988850909824228,0.9988151641106173,0.9992600518682151
supervised_h,supervised reference,fine_retention,7.466128245950687,0.9992013743785022,0.9990963211023273,0.9995120308184253
supervised_h,supervised reference,fine_retention,7.4976308967774825,0.9995049014413291,0.9993666620401804,0.9997098224939976
supervised_h,supervised reference,fine_retention,7.529133547604278,0.9997156329729344,0.9995832312061074,0.999865270485222
supervised_h,supervised reference,fine_increment_retention,0.0,0.0,0.0,0.0
supervised_h,supervised reference,fine_increment_retention,0.031502650826796146,0.004610309538530118,0.00452667796702239,0.004616162615632576
supervised_h,supervised reference,fine_increment_retention,0.06300530165359229,0.009623698798199718,0.009469705334821218,0.009646224113312478
supervised_h,supervised reference,fine_increment_retention,0.09450795248038843,0.014689864014075741,0.014469924320931589,0.014730222003993097
supervised_h,supervised reference,fine_increment_retention,0.12601060330718458,0.019831825530041085,0.01955589618219722,0.019890379442616846
supervised_h,supervised reference,fine_increment_retention,0.15751325413398073,0.024973787046006432,0.02464186804346285,0.02505053688124059
supervised_h,supervised reference,fine_increment_retention,0.18901590496077686,0.030115748561971772,0.02972783990472847,0.030210694319864333
supervised_h,supervised reference,fine_increment_retention,0.220518555787573,0.03525771007793712,0.0348138117659941,0.03537085175848807
supervised_h,supervised reference,fine_increment_retention,0.25202120661436916,0.040330471567593416,0.03983232375231116,0.04045745168415551
supervised_h,supervised reference,fine_increment_retention,0.2835238574411653,0.04532282844485182,0.04477849809933521,0.045460811812315725
supervised_h,supervised reference,fine_increment_retention,0.31502650826796147,0.050315185322110226,0.04972467244635925,0.050464171940475935
supervised_h,supervised reference,fine_increment_retention,0.3465291590947576,0.055307542199368634,0.0546708467933833,0.05546753206863615
supervised_h,supervised reference,fine_increment_retention,0.3780318099215537,0.06029989907662703,0.059617021140407345,0.060470892196796355
supervised_h,supervised reference,fine_increment_retention,0.40953446074834987,0.06529225595388544,0.06456319548743139,0.06547425232495657
supervised_h,supervised reference,fine_increment_retention,0.441037111575146,0.07028461283114384,0.06950936983445544,0.07047761245311679
supervised_h,supervised reference,fine_increment_retention,0.4725397624019422,0.07527696970840225,0.07445554418147948,0.07548097258127699
supervised_h,supervised reference,fine_increment_retention,0.5040424132287383,0.08026932658566065,0.07940171852850353,0.08048433270943722
supervised_h,supervised reference,fine_increment_retention,0.5355450640555345,0.08526168346291906,0.08434789287552759,0.08548769283759743
supervised_h,supervised reference,fine_increment_retention,0.5670477148823306,0.09025404034017745,0.08929406722255162,0.09049105296575764
supervised_h,supervised reference,fine_increment_retention,0.5985503657091268,0.09524639721743586,0.09424024156957567,0.09549441309391786
supervised_h,supervised reference,fine_increment_retention,0.6300530165359229,0.10023875409469427,0.09918641591659973,0.10049777322207806
supervised_h,supervised reference,fine_increment_retention,0.6615556673627191,0.10523111097195267,0.10413259026362377,0.1055011333502383
supervised_h,supervised reference,fine_increment_retention,0.6930583181895152,0.11003682268084886,0.10887083729779465,0.11030059503174885
supervised_h,supervised reference,fine_increment_retention,0.7245609690163114,0.11466217831688012,0.11345378449269264,0.11493184532681783
supervised_h,supervised reference,fine_increment_retention,0.7560636198431074,0.11928753395291136,0.11803673168759062,0.11956309562188677
supervised_h,supervised reference,fine_increment_retention,0.7875662706699036,0.12391288958894262,0.1226196788824886,0.12419434591695573
supervised_h,supervised reference,fine_increment_retention,0.8190689214966997,0.12853824522497387,0.12720262607738658,0.1288255962120247
supervised_h,supervised reference,fine_increment_retention,0.8505715723234959,0.13316360086100515,0.13178557327228457,0.13345684650709366
supervised_h,supervised reference,fine_increment_retention,0.882074223150292,0.1377889564970364,0.1363685204671826,0.13808809680216264
supervised_h,supervised reference,fine_increment_retention,0.9135768739770882,0.14241431213306766,0.14095146766208058,0.14271934709723158
supervised_h,supervised reference,fine_increment_retention,0.9450795248038844,0.1470396677690989,0.14553441485697857,0.14735059739230055
supervised_h,supervised reference,fine_increment_retention,0.9765821756306805,0.15166502340513016,0.15011736205187654,0.15198184768736953
supervised_h,supervised reference,fine_increment_retention,1.0080848264574767,0.15629037904116141,0.15470030924677455,0.15661309798243847
supervised_h,supervised reference,fine_increment_retention,1.0395874772842728,0.16091573467719267,0.15928325644167252,0.16124434827750744
supervised_h,supervised reference,fine_increment_retention,1.071090128111069,0.16554109031322395,0.1638662036365705,0.16587559857257642
supervised_h,supervised reference,fine_increment_retention,1.1025927789378651,0.1701664459492552,0.16844915083146852,0.17050684886764536
supervised_h,supervised reference,fine_increment_retention,1.1340954297646613,0.17479180158528645,0.17303209802636652,0.17513809916271433
supervised_h,supervised reference,fine_increment_retention,1.1655980805914574,0.1794171572213177,0.1776150452212645,0.1797693494577833
supervised_h,supervised reference,fine_increment_retention,1.1971007314182536,0.18404251285734896,0.1821979924161625,0.18440059975285225
supervised_h,supervised reference,fine_increment_retention,1.2286033822450497,0.18866786849338024,0.1867809396110605,0.18903185004792122
supervised_h,supervised reference,fine_increment_retention,1.2601060330718459,0.19329322412941147,0.19136388680595848,0.19366310034299017
supervised_h,supervised reference,fine_increment_retention,1.291608683898642,0.19791857976544275,0.19594683400085644,0.19829435063805914
supervised_h,supervised reference,fine_increment_retention,1.3231113347254382,0.202543935401474,0.20052978119575446,0.20292560093312811
supervised_h,supervised reference,fine_increment_retention,1.3546139855522343,0.20716929103750525,0.20511272839065245,0.20755685122819706
supervised_h,supervised reference,fine_increment_retention,1.3861166363790305,0.21179464667353654,0.20969567558555044,0.21218810152326603
supervised_h,supervised reference,fine_increment_retention,1.4176192872058266,0.21642000230956776,0.21427862278044843,0.216819351818335
supervised_h,supervised reference,fine_increment_retention,1.4491219380326228,0.22104535794559904,0.21886156997534642,0.22145060211340395
supervised_h,supervised reference,fine_increment_retention,1.480624588859419,0.2256707135816303,0.2234445171702444,0.22608185240847292
supervised_h,supervised reference,fine_increment_retention,1.5121272396862149,0.23029606921766152,0.22802746436514237,0.23071310270354187
supervised_h,supervised reference,fine_increment_retention,1.543629890513011,0.23492142485369277,0.23261041156004036,0.2353443529986108
supervised_h,supervised reference,fine_increment_retention,1.5751325413398072,0.23954678048972403,0.23719335875493835,0.23997560329367978
supervised_h,supervised reference,fine_increment_retention,1.6066351921666033,0.24417213612575528,0.24177630594983635,0.24460685358874873
supervised_h,supervised reference,fine_increment_retention,1.6381378429933995,0.24879749176178656,0.24635925314473434,0.2492381038838177
supervised_h,supervised reference,fine_increment_retention,1.6696404938201956,0.25342284739781784,0.2509422003396323,0.2538693541788867
supervised_h,supervised reference,fine_increment_retention,1.7011431446469918,0.25804820303384907,0.2555251475345303,0.2585006044739556
supervised_h,supervised reference,fine_increment_retention,1.732645795473788,0.26247676523285335,0.25985749661395907,0.2628879045952339
supervised_h,supervised reference,fine_increment_retention,1.764148446300584,0.26681514173816245,0.26415439300418875,0.2672383145803837
supervised_h,supervised reference,fine_increment_retention,1.7956510971273802,0.27115351824347156,0.26845128939441837,0.2715887245655335
supervised_h,supervised reference,fine_increment_retention,1.8271537479541764,0.2754918947487806,0.27274818578464805,0.27593913455068336
supervised_h,supervised reference,fine_increment_retention,1.8586563987809726,0.2798302712540897,0.27704508217487767,0.28028954453583316
supervised_h,supervised reference,fine_increment_retention,1.8901590496077687,0.2841686477593988,0.2813419785651073,0.28463995452098295
supervised_h,supervised reference,fine_increment_retention,1.9216617004345649,0.28850702426470787,0.28563887495533696,0.28899036450613275
supervised_h,supervised reference,fine_increment_retention,1.953164351261361,0.292845400770017,0.2899357713455666,0.29334077449128254
supervised_h,supervised reference,fine_increment_retention,1.9846670020881572,0.2971837772753261,0.29423266773579626,0.2976911844764324
supervised_h,supervised reference,fine_increment_retention,2.0161696529149533,0.3015221537806352,0.2985295641260259,0.3020415944615822
supervised_h,supervised reference,fine_increment_retention,2.0476723037417495,0.30586053028594423,0.3028264605162555,0.306392004446732
supervised_h,supervised reference,fine_increment_retention,2.0791749545685456,0.31019890679125334,0.3071233569064851,0.31074241443188183
supervised_h,supervised reference,fine_increment_retention,2.1106776053953418,0.31453728329656244,0.3114202532967148,0.3150928244170316
supervised_h,supervised reference,fine_increment_retention,2.142180256222138,0.31887565980187155,0.3157171496869445,0.3194432344021814
supervised_h,supervised reference,fine_increment_retention,2.173682907048934,0.3232140363071806,0.3200140460771741,0.32379364438733127
supervised_h,supervised reference,fine_increment_retention,2.2051855578757302,0.3275524128124897,0.3243109424674038,0.32814405437248106
supervised_h,supervised reference,fine_increment_retention,2.2366882087025264,0.3318907893177988,0.3286078388576334,0.33249446435763086
supervised_h,supervised reference,fine_increment_retention,2.2681908595293225,0.3362291658231079,0.332904735247863,0.3368448743427807
supervised_h,supervised reference,fine_increment_retention,2.2996935103561187,0.34056754232841696,0.3372016316380927,0.34119528432793045
supervised_h,supervised reference,fine_increment_retention,2.331196161182915,0.34490591883372607,0.3414985280283223,0.3455456943130803
supervised_h,supervised reference,fine_increment_retention,2.362698812009711,0.34924429533903517,0.345795424418552,0.3498961042982301
supervised_h,supervised reference,fine_increment_retention,2.394201462836507,0.3535826718443442,0.3500923208087816,0.3542465142833799
supervised_h,supervised reference,fine_increment_retention,2.4257041136633033,0.3579210483496533,0.35438921719901123,0.35859692426852974
supervised_h,supervised reference,fine_increment_retention,2.4572067644900994,0.36225942485496243,0.3586861135892409,0.36294733425367953
supervised_h,supervised reference,fine_increment_retention,2.4887094153168956,0.36659780136027154,0.36298300997947053,0.3672977442388293
supervised_h,supervised reference,fine_increment_retention,2.5202120661436918,0.37093617786558064,0.3672799063697002,0.3716481542239792
supervised_h,supervised reference,fine_increment_retention,2.551714716970488,0.3752745543708897,0.3715768027599298,0.37599856420912897
supervised_h,supervised reference,fine_increment_retention,2.583217367797284,0.3796129308761988,0.3758736991501595,0.38034897419427877
supervised_h,supervised reference,fine_increment_retention,2.61472001862408,0.3839513073815079,0.3801705955403891,0.3846993841794286
supervised_h,supervised reference,fine_increment_retention,2.6462226694508764,0.38828968388681695,0.38446749193061874,0.38904979416457836
supervised_h,supervised reference,fine_increment_retention,2.6777253202776725,0.39262806039212605,0.3887643883208484,0.3934002041497282
supervised_h,supervised reference,fine_increment_retention,2.7092279711044687,0.39696643689743516,0.3930612847110781,0.397750614134878
supervised_h,supervised reference,fine_increment_retention,2.740730621931265,0.40130481340274426,0.3973581811013077,0.40210102412002785
supervised_h,supervised reference,fine_increment_retention,2.772233272758061,0.40564318990805337,0.40165507749153734,0.40645143410517764
supervised_h,supervised reference,fine_increment_retention,2.803735923584857,0.4099815664133624,0.40595197388176696,0.4108018440903275
supervised_h,supervised reference,fine_increment_retention,2.8352385744116533,0.4143199429186715,0.41024887027199664,0.41515225407547723
supervised_h,supervised reference,fine_increment_retention,2.8667412252384494,0.4186583194239806,0.41454576666222626,0.4195026640606271
supervised_h,supervised reference,fine_increment_retention,2.8982438760652456,0.4229966959292897,0.41884266305245593,0.4238530740457769
supervised_h,supervised reference,fine_increment_retention,2.9297465268920417,0.4273350724345988,0.42313955944268555,0.4282034840309267
supervised_h,supervised reference,fine_increment_retention,2.961249177718838,0.4316734489399079,0.42743645583291523,0.4325538940160765
supervised_h,supervised reference,fine_increment_retention,2.992751828545634,0.436011825445217,0.43173335222314485,0.4369043040012263
supervised_h,supervised reference,fine_increment_retention,3.0242544793724297,0.440350201950526,0.43603024861337447,0.44125471398637606
supervised_h,supervised reference,fine_increment_retention,3.055757130199226,0.4446885784558351,0.4403271450036041,0.4456051239715259
supervised_h,supervised reference,fine_increment_retention,3.087259781026022,0.4490269549611442,0.4446240413938337,0.44995553395667565
supervised_h,supervised reference,fine_increment_retention,3.118762431852818,0.4533653314664533,0.4489209377840634,0.45430594394182555
supervised_h,supervised reference,fine_increment_retention,3.1502650826796144,0.4577037079717624,0.453217834174293,0.4586563539269753
supervised_h,supervised reference,fine_increment_retention,3.1817677335064105,0.46204208447707146,0.4575147305645227,0.46300676391212514
supervised_h,supervised reference,fine_increment_retention,3.2132703843332067,0.46638046098238056,0.4618512728559689,0.4673950498857293
supervised_h,supervised reference,fine_increment_retention,3.244773035160003,0.4708183922695536,0.46626420767728977,0.471880549118513
supervised_h,supervised reference,fine_increment_retention,3.276275685986799,0.47527438253826404,0.47068075429491807,0.47636966014760423
supervised_h,supervised reference,fine_increment_retention,3.307778336813595,0.47973037280697456,0.47509730091254637,0.4808587711766955
supervised_h,supervised reference,fine_increment_retention,3.3392809876403913,0.4841863630756851,0.47951384753017473,0.48534788220578673
supervised_h,supervised reference,fine_increment_retention,3.3707836384671874,0.4886423533443956,0.48393039414780303,0.489836993234878
supervised_h,supervised reference,fine_increment_retention,3.4022862892939836,0.49309834361310606,0.4883469407654314,0.4943261042639692
supervised_h,supervised reference,fine_increment_retention,3.4337889401207797,0.4975543338818166,0.49276348738305975,0.4988152152930605
supervised_h,supervised reference,fine_increment_retention,3.465291590947576,0.502010324150527,0.497180034000688,0.5033043263221517
supervised_h,supervised reference,fine_increment_retention,3.496794241774372,0.5064663144192376,0.5015965806183164,0.507793437351243
supervised_h,supervised reference,fine_increment_retention,3.528296892601168,0.5109223046879481,0.5060131272359447,0.5122825483803342
supervised_h,supervised reference,fine_increment_retention,3.5597995434279643,0.5153782949566585,0.5104296738535731,0.5167716594094255
supervised_h,supervised reference,fine_increment_retention,3.5913021942547605,0.5198342852253691,0.5148462204712014,0.5212607704385167
supervised_h,supervised reference,fine_increment_retention,3.6228048450815566,0.5242902754940796,0.5192627670888298,0.5257498814676079
supervised_h,supervised reference,fine_increment_retention,3.654307495908353,0.5287462657627902,0.523679313706458,0.5302389924966993
supervised_h,supervised reference,fine_increment_retention,3.685810146735149,0.5332022560315006,0.5280958603240864,0.5347281035257905
supervised_h,supervised reference,fine_increment_retention,3.717312797561945,0.5376582463002111,0.5325124069417146,0.5392172145548817
supervised_h,supervised reference,fine_increment_retention,3.7488154483887413,0.5421142365689217,0.536928953559343,0.5437063255839729
supervised_h,supervised reference,fine_increment_retention,3.7803180992155374,0.5465702268376321,0.5413455001769714,0.5481954366130642
supervised_h,supervised reference,fine_increment_retention,3.8118207500423336,0.5510262171063426,0.5457620467945997,0.5526845476421555
supervised_h,supervised reference,fine_increment_retention,3.8433234008691297,0.5554822073750532,0.5501785934122281,0.5571736586712467
supervised_h,supervised reference,fine_increment_retention,3.874826051695926,0.5599381976437636,0.5545951400298563,0.5616627697003379
supervised_h,supervised reference,fine_increment_retention,3.906328702522722,0.5643941879124741,0.5590116866474847,0.5661518807294292
supervised_h,supervised reference,fine_increment_retention,3.937831353349518,0.5688501781811847,0.563428233265113,0.5706409917585203
supervised_h,supervised reference,fine_increment_retention,3.9693340041763143,0.5733061684498951,0.5678447798827414,0.5751301027876117
supervised_h,supervised reference,fine_increment_retention,4.000836655003111,0.5777621587186057,0.5722613265003698,0.5796192138167029
supervised_h,supervised reference,fine_increment_retention,4.032339305829907,0.5822181489873162,0.576677873117998,0.5841083248457942
supervised_h,supervised reference,fine_increment_retention,4.063841956656702,0.5866741392560266,0.5810944197356263,0.5885974358748853
supervised_h,supervised reference,fine_increment_retention,4.095344607483499,0.5911301295247372,0.5855109663532546,0.5930865469039767
supervised_h,supervised reference,fine_increment_retention,4.126847258310295,0.5955861197934476,0.5899275129708829,0.5975756579330678
supervised_h,supervised reference,fine_increment_retention,4.158349909137091,0.6000421100621582,0.5943440595885113,0.6020647689621591
supervised_h,supervised reference,fine_increment_retention,4.189852559963887,0.6044981003308686,0.5987606062061396,0.6065538799912503
supervised_h,supervised reference,fine_increment_retention,4.2213552107906835,0.6089540905995792,0.603177152823768,0.6110429910203417
supervised_h,supervised reference,fine_increment_retention,4.252857861617479,0.6134100808682896,0.6075936994413963,0.6155321020494329
supervised_h,supervised reference,fine_increment_retention,4.284360512444276,0.6178660711370002,0.6120102460590247,0.6200212130785241
supervised_h,supervised reference,fine_increment_retention,4.315863163271072,0.6223220614057107,0.616426792676653,0.6245103241076153
supervised_h,supervised reference,fine_increment_retention,4.347365814097868,0.6267780516744212,0.6208433392942814,0.6289994351367065
supervised_h,supervised reference,fine_increment_retention,4.378868464924664,0.6312340419431316,0.6252598859119095,0.6334885461657979
supervised_h,supervised reference,fine_increment_retention,4.4103711157514605,0.6356900322118422,0.629676432529538,0.6379776571948891
supervised_h,supervised reference,fine_increment_retention,4.441873766578256,0.6401460224805526,0.6340929791471662,0.6424667682239803
supervised_h,supervised reference,fine_increment_retention,4.473376417405053,0.6446020127492632,0.6385095257647946,0.6469558792530715
supervised_h,supervised reference,fine_increment_retention,4.5048790682318485,0.6490580030179737,0.6429260723824229,0.6514449902821629
supervised_h,supervised reference,fine_increment_retention,4.536381719058645,0.6535139932866842,0.6473426190000513,0.6559341013112541
supervised_h,supervised reference,fine_increment_retention,4.567884369885441,0.6579699835553947,0.6517591656176795,0.6604232123403453
supervised_h,supervised reference,fine_increment_retention,4.599387020712237,0.6624259738241052,0.656175712235308,0.6649123233694365
supervised_h,supervised reference,fine_increment_retention,4.630889671539033,0.6668819640928156,0.6605922588529363,0.6694014343985277
supervised_h,supervised reference,fine_increment_retention,4.66239232236583,0.6713379543615262,0.6650088054705646,0.6738905454276191
supervised_h,supervised reference,fine_increment_retention,4.693894973192625,0.6757939446302367,0.6694253520881929,0.6783796564567103
supervised_h,supervised reference,fine_increment_retention,4.725397624019422,0.6802499348989473,0.6739283479517355,0.6828797188246389
supervised_h,supervised reference,fine_increment_retention,4.756900274846218,0.6848376657030788,0.6785231068643716,0.687526828663582
supervised_h,supervised reference,fine_increment_retention,4.788402925673014,0.6894641207819939,0.6831256106319644,0.6921816833574818
supervised_h,supervised reference,fine_increment_retention,4.81990557649981,0.6940905758609089,0.6877281143995571,0.6968365380513813
supervised_h,supervised reference,fine_increment_retention,4.851408227326607,0.6987170309398241,0.6923306181671498,0.7014913927452812
supervised_h,supervised reference,fine_increment_retention,4.882910878153402,0.7033434860187391,0.6969331219347424,0.7061462474391808
supervised_h,supervised reference,fine_increment_retention,4.914413528980199,0.7079699410976542,0.7015356257023352,0.7108011021330806
supervised_h,supervised reference,fine_increment_retention,4.945916179806995,0.7125963961765691,0.7061381294699278,0.7154559568269803
supervised_h,supervised reference,fine_increment_retention,4.977418830633791,0.7172228512554844,0.7107406332375208,0.7201108115208801
supervised_h,supervised reference,fine_increment_retention,5.008921481460587,0.7218493063343993,0.7153431370051134,0.7247656662147797
supervised_h,supervised reference,fine_increment_retention,5.0404241322873835,0.7264757614133144,0.7199456407727062,0.7294205209086795
supervised_h,supervised reference,fine_increment_retention,5.071926783114179,0.7311022164922294,0.7245481445402988,0.7340753756025791
supervised_h,supervised reference,fine_increment_retention,5.103429433940976,0.7357286715711445,0.7291506483078916,0.738730230296479
supervised_h,supervised reference,fine_increment_retention,5.1349320847677715,0.7403551266500595,0.7337531520754842,0.7433850849903786
supervised_h,supervised reference,fine_increment_retention,5.166434735594568,0.7449815817289747,0.738355655843077,0.7480399396842783
supervised_h,supervised reference,fine_increment_retention,5.197937386421364,0.7496080368078897,0.7429581596106698,0.752694794378178
supervised_h,supervised reference,fine_increment_retention,5.22944003724816,0.7542344918868047,0.7475606633782625,0.7573496490720778
supervised_h,supervised reference,fine_increment_retention,5.260942688074956,0.7588609469657197,0.7521631671458552,0.7620045037659775
supervised_h,supervised reference,fine_increment_retention,5.292445338901753,0.7634874020446348,0.7567656709134479,0.7666593584598772
supervised_h,supervised reference,fine_increment_retention,5.323947989728548,0.7681138571235498,0.7613681746810406,0.7713142131537768
supervised_h,supervised reference,fine_increment_retention,5.355450640555345,0.772740312202465,0.7659706784486334,0.7759690678476766
supervised_h,supervised reference,fine_increment_retention,5.386953291382141,0.77736676728138,0.7705731822162261,0.7806239225415763
supervised_h,supervised reference,fine_increment_retention,5.418455942208937,0.7819932223602951,0.7751756859838189,0.7852787772354761
supervised_h,supervised reference,fine_increment_retention,5.449958593035733,0.78661967743921,0.7797781897514116,0.7899336319293757
supervised_h,supervised reference,fine_increment_retention,5.48146124386253,0.7912461325181253,0.7843806935190043,0.7945884866232755
supervised_h,supervised reference,fine_increment_retention,5.512963894689325,0.7958725875970402,0.7889831972865969,0.7992433413171751
supervised_h,supervised reference,fine_increment_retention,5.544466545516122,0.8004990426759553,0.7935857010541897,0.8038981960110749
supervised_h,supervised reference,fine_increment_retention,5.575969196342918,0.8051254977548703,0.7981882048217824,0.8085530507049746
supervised_h,supervised reference,fine_increment_retention,5.607471847169714,0.8097519528337854,0.8027907085893752,0.8132079053988744
supervised_h,supervised reference,fine_increment_retention,5.63897449799651,0.8143784079127004,0.8073932123569679,0.817862760092774
supervised_h,supervised reference,fine_increment_retention,5.670477148823307,0.8190048629916156,0.8119957161245607,0.8225176147866738
supervised_h,supervised reference,fine_increment_retention,5.701979799650102,0.8236313180705306,0.8165982198921533,0.8271724694805735
supervised_h,supervised reference,fine_increment_retention,5.733482450476899,0.8281271449216139,0.8210933581713218,0.831721031079042
supervised_h,supervised reference,fine_increment_retention,5.764985101303695,0.832588029398586,0.825569881561434,0.8361670577029486
supervised_h,supervised reference,fine_increment_retention,5.796487752130491,0.8370489138755582,0.8300464049515462,0.8406130843268553
supervised_h,supervised reference,fine_increment_retention,5.827990402957287,0.8415097983525305,0.8345229283416584,0.845059110950762
supervised_h,supervised reference,fine_increment_retention,5.8594930537840835,0.8459706828295027,0.8389994517317706,0.8495051375746686
supervised_h,supervised reference,fine_increment_retention,5.890995704610879,0.8504315673064748,0.8434759751218828,0.8539511641985753
supervised_h,supervised reference,fine_increment_retention,5.922498355437676,0.8548924517834471,0.8479524985119951,0.858397190822482
supervised_h,supervised reference,fine_increment_retention,5.9540010062644715,0.8593533362604193,0.8524290219021071,0.8628432174463886
supervised_h,supervised reference,fine_increment_retention,5.985503657091268,0.8638142207373916,0.8569055452922194,0.8672892440702953
supervised_h,supervised reference,fine_increment_retention,6.017006307918064,0.8682751052143637,0.8613820686823316,0.8717352706942019
supervised_h,supervised reference,fine_increment_retention,6.0485089587448595,0.8727359896913358,0.8658585920724438,0.8761812973181086
supervised_h,supervised reference,fine_increment_retention,6.080011609571656,0.8771968741683082,0.8703351154625559,0.8806273239420153
supervised_h,supervised reference,fine_increment_retention,6.111514260398452,0.8816577586452803,0.8748116388526681,0.8850733505659218
supervised_h,supervised reference,fine_increment_retention,6.143016911225248,0.8861186431222525,0.8792881622427803,0.8895193771898285
supervised_h,supervised reference,fine_increment_retention,6.174519562052044,0.8905795275992248,0.8837646856328925,0.8939654038137351
supervised_h,supervised reference,fine_increment_retention,6.206022212878841,0.895040412076197,0.8882412090230047,0.8984114304376419
supervised_h,supervised reference,fine_increment_retention,6.237524863705636,0.8989560096051648,0.8924659463484852,0.9025974080192533
supervised_h,supervised reference,fine_increment_retention,6.269027514532433,0.902801687336503,0.8964098743854304,0.9064126594083034
supervised_h,supervised reference,fine_increment_retention,6.300530165359229,0.9066473650678412,0.9003538024223755,0.9102279107973534
supervised_h,supervised reference,fine_increment_retention,6.332032816186025,0.9104930427991794,0.9042977304593208,0.9140431621864036
supervised_h,supervised reference,fine_increment_retention,6.363535467012821,0.9143387205305176,0.9082416584962659,0.9178584135754536
supervised_h,supervised reference,fine_increment_retention,6.395038117839618,0.9181843982618558,0.9121855865332111,0.9216736649645038
supervised_h,supervised reference,fine_increment_retention,6.426540768666413,0.922030075993194,0.9161295145701563,0.9254889163535539
supervised_h,supervised reference,fine_increment_retention,6.45804341949321,0.9258757537245322,0.9200734426071014,0.9293041677426039
supervised_h,supervised reference,fine_increment_retention,6.489546070320006,0.9297214314558704,0.9240173706440467,0.9331194191316541
supervised_h,supervised reference,fine_increment_retention,6.521048721146802,0.9335671091872086,0.9279612986809919,0.9369346705207041
supervised_h,supervised reference,fine_increment_retention,6.552551371973598,0.9371682289730491,0.9318563151288375,0.9407010103206547
supervised_h,supervised reference,fine_increment_retention,6.5840540228003945,0.9402636753099809,0.9353526632386989,0.9439184208173107
supervised_h,supervised reference,fine_increment_retention,6.61555667362719,0.9433591216469126,0.9386381583060374,0.9469563657581623
supervised_h,supervised reference,fine_increment_retention,6.647059324453987,0.9464545679838444,0.941923653373376,0.949994310699014
supervised_h,supervised reference,fine_increment_retention,6.6785619752807825,0.9495500143207761,0.9452091484407145,0.9530322556398656
supervised_h,supervised reference,fine_increment_retention,6.710064626107579,0.9526454606577079,0.948494643508053,0.9560702005807173
supervised_h,supervised reference,fine_increment_retention,6.741567276934375,0.9557409069946396,0.9517801385753915,0.959108145521569
supervised_h,supervised reference,fine_increment_retention,6.7730699277611714,0.9588363533315715,0.95506563364273,0.9621460904624207
supervised_h,supervised reference,fine_increment_retention,6.804572578587967,0.9618369842249841,0.9583321656213648,0.9651650723145685
supervised_h,supervised reference,fine_increment_retention,6.836075229414764,0.9642096274355733,0.9612266914252293,0.9676670946617143
supervised_h,supervised reference,fine_increment_retention,6.8675778802415595,0.9665822706461623,0.9638319391442226,0.969939982083923
supervised_h,supervised reference,fine_increment_retention,6.899080531068356,0.9689549138567515,0.9664371868632161,0.9722128695061316
supervised_h,supervised reference,fine_increment_retention,6.930583181895152,0.9713275570673405,0.9690424345822095,0.9744857569283403
supervised_h,supervised reference,fine_increment_retention,6.962085832721948,0.9737002002779297,0.9716476823012029,0.976758644350549
supervised_h,supervised reference,fine_increment_retention,6.993588483548744,0.9760728434885187,0.9742529300201963,0.9790315317727577
supervised_h,supervised reference,fine_increment_retention,7.025091134375541,0.9781425691692698,0.9767891348455751,0.9811113230713562
supervised_h,supervised reference,fine_increment_retention,7.056593785202336,0.9799246416086415,0.9787685886881923,0.9827809673466631
supervised_h,supervised reference,fine_increment_retention,7.088096436029133,0.9817067140480131,0.9807480425308095,0.98445061162197
supervised_h,supervised reference,fine_increment_retention,7.119599086855929,0.9834887864873848,0.9827274963734267,0.9861202558972769
supervised_h,supervised reference,fine_increment_retention,7.151101737682725,0.9852708589267566,0.9847069502160439,0.987789900172584
supervised_h,supervised reference,fine_increment_retention,7.182604388509521,0.9870042369685509,0.9866766651791457,0.9893696487099731
supervised_h,supervised reference,fine_increment_retention,7.214107039336318,0.9883881309170028,0.988202184908239,0.9906318298319725
supervised_h,supervised reference,fine_increment_retention,7.245609690163113,0.9897720248654547,0.9896581121073647,0.991894010953972
supervised_h,supervised reference,fine_increment_retention,7.27711234098991,0.9911559188139066,0.9911140393064906,0.9931561920759716
supervised_h,supervised reference,fine_increment_retention,7.308614991816706,0.9925775049414308,0.9925473511981731,0.9943675019518837
supervised_h,supervised reference,fine_increment_retention,7.340117642643502,0.9937248753221124,0.9937092836275971,0.9953361332616149
supervised_h,supervised reference,fine_increment_retention,7.371620293470298,0.9948202734352587,0.9947666732728024,0.9962943701178391
supervised_h,supervised reference,fine_increment_retention,7.4031229442970945,0.9959351611665491,0.9958123691471215,0.9972392785606401
supervised_h,supervised reference,fine_increment_retention,7.43462559512389,0.9969185093008183,0.996705331263687,0.997950731882385
supervised_h,supervised reference,fine_increment_retention,7.466128245950687,0.9977758325882526,0.9974681699838954,0.998636980234763
supervised_h,supervised reference,fine_increment_retention,7.4976308967774825,0.9986010862141784,0.9982053944566703,0.9991814779035527
supervised_h,supervised reference,fine_increment_retention,7.529133547604278,0.9991930501308367,0.9988141567909612,0.9996169788158374
