variant,label,mode,K,requested_checkpoint,checkpoint_unit,effective_batch_size,channel_row_kl_median,channel_row_kl_q10,channel_row_kl_q90,channel_row_kl_last_median,channel_row_kl_last_q10,channel_row_kl_last_q90,critic_mse_mod_gauge_median,critic_mse_mod_gauge_q10,critic_mse_mod_gauge_q90,critic_mse_mod_gauge_last_median,critic_mse_mod_gauge_last_q10,critic_mse_mod_gauge_last_q90
baseline,"constant, B=512",matched,1,25600,positive_pairs,512,0.043982014936544016,0.0371154466761196,0.05166659125441947,0.043982014936544016,0.0371154466761196,0.05166659125441947,0.2619014459522747,0.175824239497621,0.32397956521974985,0.2619014459522747,0.175824239497621,0.32397956521974985
baseline,"constant, B=512",matched,1,51200,positive_pairs,512,0.018274900038013395,0.016877715173002277,0.020641906954904157,0.018274900038013395,0.016877715173002277,0.020641906954904157,0.13248409279666998,0.08103921177167062,0.16077572716992156,0.13248409279666998,0.08103921177167062,0.16077572716992156
baseline,"constant, B=512",matched,1,92160,positive_pairs,512,0.013194048481718861,0.012534103789703804,0.013897375545045536,0.013194048481718861,0.012534103789703804,0.013897375545045536,0.0729969595665217,0.04864004880896877,0.08653878366783745,0.0729969595665217,0.04864004880896877,0.08653878366783745
baseline,"constant, B=512",matched,1,153600,positive_pairs,512,0.012172601528342316,0.011082841632555901,0.013878865072784513,0.012172601528342316,0.011082841632555901,0.013878865072784513,0.046757530180366186,0.03723568484867851,0.05926627484111931,0.046757530180366186,0.03723568484867851,0.05926627484111931
baseline,"constant, B=512",matched,1,256000,positive_pairs,512,0.012162434573723391,0.011376655335304476,0.013066496837650475,0.012162434573723391,0.011376655335304476,0.013066496837650475,0.03811104286345553,0.03493265394124839,0.0461125481590557,0.03811104286345553,0.03493265394124839,0.0461125481590557
baseline,"constant, B=512",matched,1,384000,positive_pairs,512,0.012885319227742827,0.011428372002135175,0.0132564947986518,0.012885319227742827,0.011428372002135175,0.0132564947986518,0.03767748867085188,0.036595118350302894,0.04395591893349098,0.03767748867085188,0.036595118350302894,0.04395591893349098
baseline,"constant, B=512",matched,1,563200,positive_pairs,512,0.01245524681248281,0.010985487879822802,0.01368268480716245,0.01245524681248281,0.010985487879822802,0.01368268480716245,0.03699680816987551,0.03458779988310517,0.04148733148468948,0.03699680816987551,0.03458779988310517,0.04148733148468948
baseline,"constant, B=512",matched,1,742400,positive_pairs,512,0.012852316407581336,0.011946634979348334,0.014554114694832877,0.012852316407581336,0.011946634979348334,0.014554114694832877,0.03882607089139253,0.03464990343742612,0.04217919582419348,0.03882607089139253,0.03464990343742612,0.04217919582419348
baseline,"constant, B=512",matched,1,921600,positive_pairs,512,0.01277098998676426,0.011973786389110855,0.01398564588270306,0.01277098998676426,0.011973786389110855,0.01398564588270306,0.03805120065764749,0.03520495225816647,0.04135662931497116,0.03805120065764749,0.03520495225816647,0.04135662931497116
baseline,"constant, B=512",matched,4,25600,positive_pairs,512,0.026950507727922318,0.024166817751751262,0.03502800252011027,0.026950507727922318,0.024166817751751262,0.03502800252011027,0.1967192540396526,0.13436044575106454,0.2680179804594954,0.1967192540396526,0.13436044575106454,0.2680179804594954
baseline,"constant, B=512",matched,4,51200,positive_pairs,512,0.011677484613732341,0.010679592942243799,0.012327022411840588,0.011677484613732341,0.010679592942243799,0.012327022411840588,0.09650590364492631,0.06302474931804296,0.12672131880905232,0.09650590364492631,0.06302474931804296,0.12672131880905232
baseline,"constant, B=512",matched,4,92160,positive_pairs,512,0.008995656457701087,0.008469111599382483,0.01005346462747008,0.008995656457701087,0.008469111599382483,0.01005346462747008,0.05233248644874304,0.03537246727099231,0.06913582784531896,0.05233248644874304,0.03537246727099231,0.06913582784531896
baseline,"constant, B=512",matched,4,153600,positive_pairs,512,0.009026368845203168,0.008212354734228326,0.009536577734921057,0.009026368845203168,0.008212354734228326,0.009536577734921057,0.037058158632815384,0.028622554002814576,0.04356089705698716,0.037058158632815384,0.028622554002814576,0.04356089705698716
baseline,"constant, B=512",matched,4,256000,positive_pairs,512,0.009401418447078199,0.008018277537754848,0.009732514925747927,0.009401418447078199,0.008018277537754848,0.009732514925747927,0.03141623287312468,0.029314781875861354,0.03637086162583053,0.03141623287312468,0.029314781875861354,0.03637086162583053
baseline,"constant, B=512",matched,4,384000,positive_pairs,512,0.008849573414441328,0.007926378244979554,0.009700346364021064,0.008849573414441328,0.007926378244979554,0.009700346364021064,0.027732203067688532,0.02583408370455633,0.03228198971061809,0.027732203067688532,0.02583408370455633,0.03228198971061809
baseline,"constant, B=512",matched,4,563200,positive_pairs,512,0.009135599189043251,0.008616895681479284,0.010005671853185918,0.009135599189043251,0.008616895681479284,0.010005671853185918,0.029591767251363053,0.026894753586098878,0.031597020149653196,0.029591767251363053,0.026894753586098878,0.031597020149653196
baseline,"constant, B=512",matched,4,742400,positive_pairs,512,0.009182518819237935,0.008304995165003609,0.010018148629017438,0.009182518819237935,0.008304995165003609,0.010018148629017438,0.02959164842819617,0.025743364141125567,0.0317997415006506,0.02959164842819617,0.025743364141125567,0.0317997415006506
baseline,"constant, B=512",matched,4,921600,positive_pairs,512,0.00911995461434353,0.008604290430752217,0.009979919195335172,0.00911995461434353,0.008604290430752217,0.009979919195335172,0.028430194797697,0.026554696062125287,0.034311572858133986,0.028430194797697,0.026554696062125287,0.034311572858133986
baseline,"constant, B=512",matched,32,25600,positive_pairs,512,0.02095608531342195,0.018143665856947214,0.025291216676760115,0.02095608531342195,0.018143665856947214,0.025291216676760115,0.17846587143177167,0.11845476195695949,0.25384091791170715,0.17846587143177167,0.11845476195695949,0.25384091791170715
baseline,"constant, B=512",matched,32,51200,positive_pairs,512,0.00986612454394516,0.009303637492751276,0.010744221775712267,0.00986612454394516,0.009303637492751276,0.010744221775712267,0.08710414016205802,0.057190952556051666,0.12617569140378657,0.08710414016205802,0.057190952556051666,0.12617569140378657
baseline,"constant, B=512",matched,32,92160,positive_pairs,512,0.008216668329381047,0.00742136398075235,0.009312662714296491,0.008216668329381047,0.00742136398075235,0.009312662714296491,0.04839821995736461,0.03402945855153509,0.06769859393146054,0.04839821995736461,0.03402945855153509,0.06769859393146054
baseline,"constant, B=512",matched,32,153600,positive_pairs,512,0.007938137825036908,0.007623403970729283,0.008434833853771884,0.007938137825036908,0.007623403970729283,0.008434833853771884,0.03465920678391279,0.028446583747539982,0.04336843809863485,0.03465920678391279,0.028446583747539982,0.04336843809863485
baseline,"constant, B=512",matched,32,256000,positive_pairs,512,0.008171483220669105,0.007326556565609176,0.008771013498930065,0.008171483220669105,0.007326556565609176,0.008771013498930065,0.029552313801894412,0.02668171166086116,0.03207460062810927,0.029552313801894412,0.02668171166086116,0.03207460062810927
baseline,"constant, B=512",matched,32,384000,positive_pairs,512,0.007965100033819884,0.007067271314919148,0.008314985491539395,0.007965100033819884,0.007067271314919148,0.008314985491539395,0.027684695821800553,0.023339195614850154,0.029674070789807692,0.027684695821800553,0.023339195614850154,0.029674070789807692
baseline,"constant, B=512",matched,32,563200,positive_pairs,512,0.007942244205852938,0.007055869177607204,0.0081211341962465,0.007942244205852938,0.007055869177607204,0.0081211341962465,0.025529508794369715,0.02292890550049504,0.030113979366831113,0.025529508794369715,0.02292890550049504,0.030113979366831113
baseline,"constant, B=512",matched,32,742400,positive_pairs,512,0.008060085535032936,0.007719572252561962,0.009171219964477118,0.008060085535032936,0.007719572252561962,0.009171219964477118,0.027543065552253512,0.024980915678642007,0.03091974257198455,0.027543065552253512,0.024980915678642007,0.03091974257198455
baseline,"constant, B=512",matched,32,921600,positive_pairs,512,0.007778615386756244,0.0068622936380673015,0.008486998191226766,0.007778615386756244,0.0068622936380673015,0.008486998191226766,0.02754767355431605,0.024247209192846154,0.030165947488165045,0.02754767355431605,0.024247209192846154,0.030165947488165045
baseline,"constant, B=512",unmatched,1,25600,positive_pairs,512,0.03974435054902518,0.03600246260911436,0.04594053688654434,0.03974435054902518,0.03600246260911436,0.04594053688654434,0.2135198954767997,0.18168189985072483,0.35345094467597354,0.2135198954767997,0.18168189985072483,0.35345094467597354
baseline,"constant, B=512",unmatched,1,51200,positive_pairs,512,0.017740026553901195,0.016231652157275223,0.01880746339159239,0.017740026553901195,0.016231652157275223,0.01880746339159239,0.10908391535172288,0.0835283236897846,0.1849529562378971,0.10908391535172288,0.0835283236897846,0.1849529562378971
baseline,"constant, B=512",unmatched,1,92160,positive_pairs,512,0.013062855017571772,0.012160769258520436,0.013525492692859695,0.013062855017571772,0.012160769258520436,0.013525492692859695,0.06390285906537133,0.047127658587099906,0.1042233569306568,0.06390285906537133,0.047127658587099906,0.1042233569306568
baseline,"constant, B=512",unmatched,1,153600,positive_pairs,512,0.012976075709469143,0.012511773945120572,0.014589427505632597,0.012976075709469143,0.012511773945120572,0.014589427505632597,0.04578463255203569,0.03833109883484652,0.06922462382220457,0.04578463255203569,0.03833109883484652,0.06922462382220457
baseline,"constant, B=512",unmatched,1,256000,positive_pairs,512,0.01233553992687369,0.011653404301724965,0.013089863046003335,0.01233553992687369,0.011653404301724965,0.013089863046003335,0.03848410294047202,0.03420043186774478,0.05061123162420766,0.03848410294047202,0.03420043186774478,0.05061123162420766
baseline,"constant, B=512",unmatched,1,384000,positive_pairs,512,0.012744488974187628,0.011904637058622169,0.014215718418988365,0.012744488974187628,0.011904637058622169,0.014215718418988365,0.03815358635713869,0.034128490362241366,0.04520810845098467,0.03815358635713869,0.034128490362241366,0.04520810845098467
baseline,"constant, B=512",unmatched,1,563200,positive_pairs,512,0.012540686518823044,0.011138112347210256,0.012963012894585698,0.012540686518823044,0.011138112347210256,0.012963012894585698,0.03625908671595515,0.03288315596409802,0.0429690418565221,0.03625908671595515,0.03288315596409802,0.0429690418565221
baseline,"constant, B=512",unmatched,1,742400,positive_pairs,512,0.012885417169474538,0.011586088849864952,0.014581759989338925,0.012885417169474538,0.011586088849864952,0.014581759989338925,0.03782765346439026,0.03331937017032243,0.04178740801212196,0.03782765346439026,0.03331937017032243,0.04178740801212196
baseline,"constant, B=512",unmatched,1,921600,positive_pairs,512,0.012958478523289067,0.011949913259434845,0.014573152751652852,0.012958478523289067,0.011949913259434845,0.014573152751652852,0.03979251534092949,0.03461406273494445,0.04256981964781804,0.03979251534092949,0.03461406273494445,0.04256981964781804
baseline,"constant, B=512",unmatched,4,25600,positive_pairs,512,0.02526995671463681,0.02233178890924267,0.029068721931731503,0.02526995671463681,0.02233178890924267,0.029068721931731503,0.17123940545501332,0.13939555487340294,0.29507747023662023,0.17123940545501332,0.13939555487340294,0.29507747023662023
baseline,"constant, B=512",unmatched,4,51200,positive_pairs,512,0.010992216715953105,0.010382637751761618,0.011721119616224544,0.010992216715953105,0.010382637751761618,0.011721119616224544,0.08281773324808428,0.06214999853614344,0.1511215194662181,0.08281773324808428,0.06214999853614344,0.1511215194662181
baseline,"constant, B=512",unmatched,4,92160,positive_pairs,512,0.009513568565717914,0.008472421917577314,0.010190468086779791,0.009513568565717914,0.008472421917577314,0.010190468086779791,0.049639896007346904,0.03627340986858417,0.0851068234440115,0.049639896007346904,0.03627340986858417,0.0851068234440115
baseline,"constant, B=512",unmatched,4,153600,positive_pairs,512,0.009600759704282796,0.008787875048864068,0.010449790835478782,0.009600759704282796,0.008787875048864068,0.010449790835478782,0.037419396332219516,0.029776021005174798,0.05945976292443321,0.037419396332219516,0.029776021005174798,0.05945976292443321
baseline,"constant, B=512",unmatched,4,256000,positive_pairs,512,0.00899707810262482,0.007757037318936178,0.01013711465091896,0.00899707810262482,0.007757037318936178,0.01013711465091896,0.030367117205265394,0.02369493314223196,0.040227083693023157,0.030367117205265394,0.02369493314223196,0.040227083693023157
baseline,"constant, B=512",unmatched,4,384000,positive_pairs,512,0.009475016780870687,0.008846873271339416,0.01039432515804271,0.009475016780870687,0.008846873271339416,0.01039432515804271,0.030872324656783894,0.02818744657364207,0.03492548325898618,0.030872324656783894,0.02818744657364207,0.03492548325898618
baseline,"constant, B=512",unmatched,4,563200,positive_pairs,512,0.009732915040066643,0.00898551250767991,0.010184178534009405,0.009732915040066643,0.00898551250767991,0.010184178534009405,0.028857793378665578,0.025584959830029005,0.033718546841168574,0.028857793378665578,0.025584959830029005,0.033718546841168574
baseline,"constant, B=512",unmatched,4,742400,positive_pairs,512,0.009577341561177538,0.008951144802700864,0.010255000986340945,0.009577341561177538,0.008951144802700864,0.010255000986340945,0.029863193446315214,0.02789127663773948,0.03367035910883759,0.029863193446315214,0.02789127663773948,0.03367035910883759
baseline,"constant, B=512",unmatched,4,921600,positive_pairs,512,0.009147806140750902,0.008699889486740666,0.009789341219176885,0.009147806140750902,0.008699889486740666,0.009789341219176885,0.02846650489199859,0.02672239494750692,0.03649117938507797,0.02846650489199859,0.02672239494750692,0.03649117938507797
baseline,"constant, B=512",unmatched,32,25600,positive_pairs,512,0.0198952041776018,0.018268308525372867,0.023489602618883776,0.0198952041776018,0.018268308525372867,0.023489602618883776,0.15758485550688586,0.1287243003619372,0.26937747015348107,0.15758485550688586,0.1287243003619372,0.26937747015348107
baseline,"constant, B=512",unmatched,32,51200,positive_pairs,512,0.01001931692490389,0.009230811191577513,0.011088757735526688,0.01001931692490389,0.009230811191577513,0.011088757735526688,0.07696036765951925,0.05661171749566999,0.14552537585119302,0.07696036765951925,0.05661171749566999,0.14552537585119302
baseline,"constant, B=512",unmatched,32,92160,positive_pairs,512,0.007868095541846854,0.007301532010144435,0.008469582137041711,0.007868095541846854,0.007301532010144435,0.008469582137041711,0.04530914352459148,0.03576039577391909,0.07683482834232126,0.04530914352459148,0.03576039577391909,0.07683482834232126
baseline,"constant, B=512",unmatched,32,153600,positive_pairs,512,0.007960170156202883,0.00742760386220606,0.00898967330842469,0.007960170156202883,0.00742760386220606,0.00898967330842469,0.03309956748848973,0.02899022174743048,0.05006483210126289,0.03309956748848973,0.02899022174743048,0.05006483210126289
baseline,"constant, B=512",unmatched,32,256000,positive_pairs,512,0.008045072232856157,0.007201706797175838,0.008921902553084338,0.008045072232856157,0.007201706797175838,0.008921902553084338,0.027604871982329113,0.02554961503466356,0.03715561643412119,0.027604871982329113,0.02554961503466356,0.03715561643412119
baseline,"constant, B=512",unmatched,32,384000,positive_pairs,512,0.008189473258165967,0.007226870478404633,0.009013283882574996,0.008189473258165967,0.007226870478404633,0.009013283882574996,0.02818081051574025,0.025563474024892417,0.031021910257804264,0.02818081051574025,0.025563474024892417,0.031021910257804264
baseline,"constant, B=512",unmatched,32,563200,positive_pairs,512,0.008041297518952339,0.007230247342060948,0.008460569394488035,0.008041297518952339,0.007230247342060948,0.008460569394488035,0.026478985552454433,0.023119400041245665,0.03000446306507966,0.026478985552454433,0.023119400041245665,0.03000446306507966
baseline,"constant, B=512",unmatched,32,742400,positive_pairs,512,0.008199128716800303,0.007496392899575807,0.008904447629957308,0.008199128716800303,0.007496392899575807,0.008904447629957308,0.027013087392412538,0.02604576055488211,0.030369864965898573,0.027013087392412538,0.02604576055488211,0.030369864965898573
baseline,"constant, B=512",unmatched,32,921600,positive_pairs,512,0.008172522010766754,0.007705913127752271,0.008983068498653853,0.008172522010766754,0.007705913127752271,0.008983068498653853,0.026013262451615095,0.024497877440530284,0.030920577045442297,0.026013262451615095,0.024497877440530284,0.030920577045442297
cosine,cosine decay,matched,1,25600,positive_pairs,512,0.0440170560462213,0.03714265695417849,0.051721308347840125,0.0440170560462213,0.03714265695417849,0.051721308347840125,0.2620455270382712,0.175940351354273,0.32418118613880076,0.2620455270382712,0.175940351354273,0.32418118613880076
cosine,cosine decay,matched,1,51200,positive_pairs,512,0.0182716427824114,0.016855332466686416,0.02063181823858328,0.0182716427824114,0.016855332466686416,0.02063181823858328,0.13272725116296477,0.08115586389427983,0.161101723979591,0.13272725116296477,0.08115586389427983,0.161101723979591
cosine,cosine decay,matched,1,92160,positive_pairs,512,0.012986107700167216,0.01234683270479739,0.013735048391237854,0.012986107700167216,0.01234683270479739,0.013735048391237854,0.07303339430521827,0.04838480007926515,0.08659225457537204,0.07303339430521827,0.04838480007926515,0.08659225457537204
cosine,cosine decay,matched,1,153600,positive_pairs,512,0.01154873315411638,0.010517388848337007,0.013161562666666625,0.01154873315411638,0.010517388848337007,0.013161562666666625,0.04587597443008792,0.035738525052381905,0.0581726211383259,0.04587597443008792,0.035738525052381905,0.0581726211383259
cosine,cosine decay,matched,1,256000,positive_pairs,512,0.010279310588810564,0.009658637200184672,0.01122667722298928,0.010279310588810564,0.009658637200184672,0.01122667722298928,0.03361282915988795,0.030083175321241353,0.04203727765896064,0.03361282915988795,0.030083175321241353,0.04203727765896064
cosine,cosine decay,matched,1,384000,positive_pairs,512,0.008467466076709784,0.00793152750081772,0.008836181444550692,0.008467466076709784,0.00793152750081772,0.008836181444550692,0.02732510034286193,0.024943007383024223,0.03204393625412266,0.02732510034286193,0.024943007383024223,0.03204393625412266
cosine,cosine decay,matched,1,563200,positive_pairs,512,0.004811458713788651,0.004414143305479395,0.005202748691114473,0.004811458713788651,0.004414143305479395,0.005202748691114473,0.015721716123492182,0.014345912313727283,0.01804753239385675,0.015721716123492182,0.014345912313727283,0.01804753239385675
cosine,cosine decay,matched,1,742400,positive_pairs,512,0.002448711537301567,0.002245907494697224,0.002622585856878966,0.002448711537301567,0.002245907494697224,0.002622585856878966,0.008776992105206563,0.007535825390549086,0.011013281387153597,0.008776992105206563,0.007535825390549086,0.011013281387153597
cosine,cosine decay,matched,1,921600,positive_pairs,512,0.0015402626773439506,0.0014342456972950897,0.0017073414721138858,0.0015402626773439506,0.0014342456972950897,0.0017073414721138858,0.006289033637669712,0.005344365803395244,0.008249183925592709,0.006289033637669712,0.005344365803395244,0.008249183925592709
cosine,cosine decay,matched,4,25600,positive_pairs,512,0.026976520176003185,0.024190511214184078,0.035065764433273784,0.026976520176003185,0.024190511214184078,0.035065764433273784,0.19684756422639244,0.13445832170575747,0.26819392823506716,0.19684756422639244,0.13445832170575747,0.26819392823506716
cosine,cosine decay,matched,4,51200,positive_pairs,512,0.011654070282391215,0.010655731938668643,0.01230178397778772,0.011654070282391215,0.010655731938668643,0.01230178397778772,0.09666038239976071,0.06309829518732904,0.12700233031842612,0.09666038239976071,0.06309829518732904,0.12700233031842612
cosine,cosine decay,matched,4,92160,positive_pairs,512,0.008868376182833301,0.008341289138216003,0.009884034662983513,0.008868376182833301,0.008341289138216003,0.009884034662983513,0.05233666957385928,0.03513804023258361,0.06920109281300664,0.05233666957385928,0.03513804023258361,0.06920109281300664
cosine,cosine decay,matched,4,153600,positive_pairs,512,0.00853928409368801,0.007805711784853518,0.009004409138251781,0.00853928409368801,0.007805711784853518,0.009004409138251781,0.03608944277298002,0.027223582780203804,0.04280224265496038,0.03608944277298002,0.027223582780203804,0.04280224265496038
cosine,cosine decay,matched,4,256000,positive_pairs,512,0.007833152964903903,0.006858428711662891,0.008267165138045894,0.007833152964903903,0.006858428711662891,0.008267165138045894,0.027703321268595822,0.024733976288712444,0.03262559385076982,0.027703321268595822,0.024733976288712444,0.03262559385076982
cosine,cosine decay,matched,4,384000,positive_pairs,512,0.005894242045314971,0.0051642061257064645,0.006243517463263424,0.005894242045314971,0.0051642061257064645,0.006243517463263424,0.020125647417999323,0.01770351378686893,0.022422005265185983,0.020125647417999323,0.01770351378686893,0.022422005265185983
cosine,cosine decay,matched,4,563200,positive_pairs,512,0.00345532319103684,0.003313324713920885,0.0036995832024231956,0.00345532319103684,0.003313324713920885,0.0036995832024231956,0.012539942063427664,0.010928655431749918,0.013686163326606968,0.012539942063427664,0.010928655431749918,0.013686163326606968
cosine,cosine decay,matched,4,742400,positive_pairs,512,0.0015218032663908408,0.001411616470929994,0.0017198757612726305,0.0015218032663908408,0.001411616470929994,0.0017198757612726305,0.007048330950162928,0.005147154972322795,0.007676836995381565,0.007048330950162928,0.005147154972322795,0.007676836995381565
cosine,cosine decay,matched,4,921600,positive_pairs,512,0.0008997683054866971,0.0008378448822565007,0.0010013653457086795,0.0008997683054866971,0.0008378448822565007,0.0010013653457086795,0.005037590877273939,0.003597180607078442,0.005967970513967992,0.005037590877273939,0.003597180607078442,0.005967970513967992
cosine,cosine decay,matched,32,25600,positive_pairs,512,0.020976425539277695,0.01816049960145344,0.025316489442822467,0.020976425539277695,0.01816049960145344,0.025316489442822467,0.17858461677370252,0.11853645212504342,0.25400704667000557,0.17858461677370252,0.11853645212504342,0.25400704667000557
cosine,cosine decay,matched,32,51200,positive_pairs,512,0.009846622230882143,0.009269184618524164,0.010727090637392,0.009846622230882143,0.009269184618524164,0.010727090637392,0.08724494141175777,0.057248051723652445,0.12642384315564323,0.08724494141175777,0.057248051723652445,0.12642384315564323
cosine,cosine decay,matched,32,92160,positive_pairs,512,0.008086626081243853,0.007332413157200227,0.009134798110205062,0.008086626081243853,0.007332413157200227,0.009134798110205062,0.04829901936543945,0.033838345053779986,0.06785282081207025,0.04829901936543945,0.033838345053779986,0.06785282081207025
cosine,cosine decay,matched,32,153600,positive_pairs,512,0.007491066492311762,0.007192626995490303,0.007971340352164761,0.007491066492311762,0.007192626995490303,0.007971340352164761,0.0338037607302415,0.027119050872665248,0.042658033388808594,0.0338037607302415,0.027119050872665248,0.042658033388808594
cosine,cosine decay,matched,32,256000,positive_pairs,512,0.006873790089548353,0.006253591892015385,0.007370648220293494,0.006873790089548353,0.006253591892015385,0.007370648220293494,0.026288705135092044,0.02333767039536433,0.02876697957749741,0.026288705135092044,0.02333767039536433,0.02876697957749741
cosine,cosine decay,matched,32,384000,positive_pairs,512,0.005070242183264646,0.0045841193904812986,0.005576229567588592,0.005070242183264646,0.0045841193904812986,0.005576229567588592,0.019281713612361754,0.015169032630046448,0.021888510388080738,0.019281713612361754,0.015169032630046448,0.021888510388080738
cosine,cosine decay,matched,32,563200,positive_pairs,512,0.003012086103482956,0.00273126832761806,0.0031226588614505944,0.003012086103482956,0.00273126832761806,0.0031226588614505944,0.010555324638744657,0.00952376440496474,0.01503595777287517,0.010555324638744657,0.00952376440496474,0.01503595777287517
cosine,cosine decay,matched,32,742400,positive_pairs,512,0.0013211701356927324,0.001243435789930204,0.0014236860226215092,0.0013211701356927324,0.001243435789930204,0.0014236860226215092,0.005902901997873918,0.004951305645487321,0.008396571230979264,0.005902901997873918,0.004951305645487321,0.008396571230979264
cosine,cosine decay,matched,32,921600,positive_pairs,512,0.0007801382037574484,0.0007449075128573508,0.0008433094665756329,0.0007801382037574484,0.0007449075128573508,0.0008433094665756329,0.004298990200781039,0.0036003511455752323,0.006773044358966085,0.004298990200781039,0.0036003511455752323,0.006773044358966085
cosine,cosine decay,unmatched,1,25600,positive_pairs,512,0.03977732746485402,0.03603260934247838,0.045983092464658544,0.03977732746485402,0.03603260934247838,0.045983092464658544,0.21364607279023234,0.18178899286639302,0.35364737128777535,0.21364607279023234,0.18178899286639302,0.35364737128777535
cosine,cosine decay,unmatched,1,51200,positive_pairs,512,0.017720890159752093,0.016235528169083253,0.01881255761957912,0.017720890159752093,0.016235528169083253,0.01881255761957912,0.10923421241858638,0.08367471737317472,0.18530080305986973,0.10923421241858638,0.08367471737317472,0.18530080305986973
cosine,cosine decay,unmatched,1,92160,positive_pairs,512,0.01285907485631917,0.011999487081285,0.013306235472379465,0.01285907485631917,0.011999487081285,0.013306235472379465,0.0637321910003068,0.046974558630202265,0.10451214495538702,0.0637321910003068,0.046974558630202265,0.10451214495538702
cosine,cosine decay,unmatched,1,153600,positive_pairs,512,0.012277272744303253,0.011719049969426243,0.013688876169280778,0.012277272744303253,0.011719049969426243,0.013688876169280778,0.044359122225590346,0.03661361209442616,0.06848157077305563,0.044359122225590346,0.03661361209442616,0.06848157077305563
cosine,cosine decay,unmatched,1,256000,positive_pairs,512,0.010451552549351647,0.009843385647871091,0.011022286016122932,0.010451552549351647,0.009843385647871091,0.011022286016122932,0.03389270192376264,0.029547669346527822,0.046812672145549,0.03389270192376264,0.029547669346527822,0.046812672145549
cosine,cosine decay,unmatched,1,384000,positive_pairs,512,0.008391631233583545,0.007932915292957378,0.009052695168999248,0.008391631233583545,0.007932915292957378,0.009052695168999248,0.026126559532884272,0.022789304488799407,0.03488429560745253,0.026126559532884272,0.022789304488799407,0.03488429560745253
cosine,cosine decay,unmatched,1,563200,positive_pairs,512,0.004838811949556604,0.004526720318526729,0.005484406947993986,0.004838811949556604,0.004526720318526729,0.005484406947993986,0.015117271269128305,0.013284472394425423,0.024323692092332535,0.015117271269128305,0.013284472394425423,0.024323692092332535
cosine,cosine decay,unmatched,1,742400,positive_pairs,512,0.0024319150183880656,0.0021516853948214533,0.0028053103014630274,0.0024319150183880656,0.0021516853948214533,0.0028053103014630274,0.008378644597629655,0.006488028785228812,0.013707245758050407,0.008378644597629655,0.006488028785228812,0.013707245758050407
cosine,cosine decay,unmatched,1,921600,positive_pairs,512,0.0015451593105205773,0.001420888636153243,0.0018413712237774938,0.0015451593105205773,0.001420888636153243,0.0018413712237774938,0.006017949220733489,0.004627272622617866,0.011115652861592261,0.006017949220733489,0.004627272622617866,0.011115652861592261
cosine,cosine decay,unmatched,4,25600,positive_pairs,512,0.025294824528209647,0.02235181349658587,0.029098665539777333,0.025294824528209647,0.02235181349658587,0.029098665539777333,0.17135215420396416,0.13949711192883413,0.29524757975774424,0.17135215420396416,0.13949711192883413,0.29524757975774424
cosine,cosine decay,unmatched,4,51200,positive_pairs,512,0.010977226205529583,0.010361110918859157,0.011710988412806444,0.010977226205529583,0.010361110918859157,0.011710988412806444,0.08293933544533579,0.062234538937088996,0.15144058211798325,0.08293933544533579,0.062234538937088996,0.15144058211798325
cosine,cosine decay,unmatched,4,92160,positive_pairs,512,0.009352874134084376,0.008362944284010415,0.010024982860583936,0.009352874134084376,0.008362944284010415,0.010024982860583936,0.04956005337056349,0.03601432194324458,0.08527142105342915,0.04956005337056349,0.03601432194324458,0.08527142105342915
cosine,cosine decay,unmatched,4,153600,positive_pairs,512,0.009061484904095495,0.008282461346004183,0.00987210050224733,0.009061484904095495,0.008282461346004183,0.00987210050224733,0.03619991647611526,0.02857249073647677,0.05864550209494174,0.03619991647611526,0.02857249073647677,0.05864550209494174
cosine,cosine decay,unmatched,4,256000,positive_pairs,512,0.0076200934024655085,0.006565327011484098,0.00851878805528824,0.0076200934024655085,0.006565327011484098,0.00851878805528824,0.026425214991619046,0.020176468510782402,0.037262789483192324,0.026425214991619046,0.020176468510782402,0.037262789483192324
cosine,cosine decay,unmatched,4,384000,positive_pairs,512,0.006125449089102727,0.005950120400745153,0.006710327560554562,0.006125449089102727,0.005950120400745153,0.006710327560554562,0.021358177333931326,0.018869385505436573,0.02643504226629024,0.021358177333931326,0.018869385505436573,0.02643504226629024
cosine,cosine decay,unmatched,4,563200,positive_pairs,512,0.003593248107339073,0.0032234930474864406,0.0038381661302842843,0.003593248107339073,0.0032234930474864406,0.0038381661302842843,0.012043915240627156,0.010366939954417606,0.017244404476455207,0.012043915240627156,0.010366939954417606,0.017244404476455207
cosine,cosine decay,unmatched,4,742400,positive_pairs,512,0.0015474568880858004,0.0014871944199696507,0.0016833590420841475,0.0015474568880858004,0.0014871944199696507,0.0016833590420841475,0.006448175872639199,0.00538119848853037,0.00971559123499081,0.006448175872639199,0.00538119848853037,0.00971559123499081
cosine,cosine decay,unmatched,4,921600,positive_pairs,512,0.0008985675371122655,0.0008894793107955439,0.0009640997579388588,0.0008985675371122655,0.0008894793107955439,0.0009640997579388588,0.0044915705273317315,0.0036984407230749193,0.007703053695462713,0.0044915705273317315,0.0036984407230749193,0.007703053695462713
cosine,cosine decay,unmatched,32,25600,positive_pairs,512,0.019913840008731712,0.01828259432717998,0.023512097834659785,0.019913840008731712,0.01828259432717998,0.023512097834659785,0.1576871512753017,0.12880746192354858,0.26954030140079976,0.1576871512753017,0.12880746192354858,0.26954030140079976
cosine,cosine decay,unmatched,32,51200,positive_pairs,512,0.009991522775334534,0.009198795409400004,0.011068354694399221,0.009991522775334534,0.009198795409400004,0.011068354694399221,0.07706498224456024,0.056683505675225794,0.14577463792506626,0.07706498224456024,0.056683505675225794,0.14577463792506626
cosine,cosine decay,unmatched,32,92160,positive_pairs,512,0.007738950430855986,0.007194054080225386,0.008326672675437595,0.007738950430855986,0.007194054080225386,0.008326672675437595,0.04519527570254969,0.035514827705267836,0.07712907504729531,0.04519527570254969,0.035514827705267836,0.07712907504729531
cosine,cosine decay,unmatched,32,153600,positive_pairs,512,0.007482920505389857,0.007032072362003254,0.008462235309440168,0.007482920505389857,0.007032072362003254,0.008462235309440168,0.032196985760226574,0.027973515087515905,0.049451398180034765,0.032196985760226574,0.027973515087515905,0.049451398180034765
cosine,cosine decay,unmatched,32,256000,positive_pairs,512,0.006819162646646296,0.006061801233974311,0.007451314597410734,0.006819162646646296,0.006061801233974311,0.007451314597410734,0.02428265659862058,0.02177500679323086,0.0343545130279908,0.02428265659862058,0.02177500679323086,0.0343545130279908
cosine,cosine decay,unmatched,32,384000,positive_pairs,512,0.005376180407774428,0.004881532102816187,0.006127388675233759,0.005376180407774428,0.004881532102816187,0.006127388675233759,0.019264204129007742,0.01779063725319145,0.023873609862389955,0.019264204129007742,0.01779063725319145,0.023873609862389955
cosine,cosine decay,unmatched,32,563200,positive_pairs,512,0.003111917919475398,0.0028600534283300125,0.003391273604896502,0.003111917919475398,0.0028600534283300125,0.003391273604896502,0.011375194235927276,0.009711928314736416,0.015755975798813847,0.011375194235927276,0.009711928314736416,0.015755975798813847
cosine,cosine decay,unmatched,32,742400,positive_pairs,512,0.0014085873172735956,0.0012678204237229153,0.001478735139041374,0.0014085873172735956,0.0012678204237229153,0.001478735139041374,0.00596140236609622,0.005251536735931058,0.009789232201637245,0.00596140236609622,0.005251536735931058,0.009789232201637245
cosine,cosine decay,unmatched,32,921600,positive_pairs,512,0.0007722529271322154,0.0007252112917736902,0.0008148784288254334,0.0007722529271322154,0.0007252112917736902,0.0008148784288254334,0.004140080560015031,0.0033096549997856588,0.008081504992706377,0.004140080560015031,0.0033096549997856588,0.008081504992706377
multistep,step decay,matched,1,25600,positive_pairs,512,0.043982014936544016,0.0371154466761196,0.05166659125441947,0.043982014936544016,0.0371154466761196,0.05166659125441947,0.2619014459522747,0.175824239497621,0.32397956521974985,0.2619014459522747,0.175824239497621,0.32397956521974985
multistep,step decay,matched,1,51200,positive_pairs,512,0.018274900038013395,0.016877715173002277,0.020641906954904157,0.018274900038013395,0.016877715173002277,0.020641906954904157,0.13248409279666998,0.08103921177167062,0.16077572716992156,0.13248409279666998,0.08103921177167062,0.16077572716992156
multistep,step decay,matched,1,92160,positive_pairs,512,0.013194048481718861,0.012534103789703804,0.013897375545045536,0.013194048481718861,0.012534103789703804,0.013897375545045536,0.0729969595665217,0.04864004880896877,0.08653878366783745,0.0729969595665217,0.04864004880896877,0.08653878366783745
multistep,step decay,matched,1,153600,positive_pairs,512,0.012172601528342316,0.011082841632555901,0.013878865072784513,0.012172601528342316,0.011082841632555901,0.013878865072784513,0.046757530180366186,0.03723568484867851,0.05926627484111931,0.046757530180366186,0.03723568484867851,0.05926627484111931
multistep,step decay,matched,1,256000,positive_pairs,512,0.005271351431036913,0.004828148486348146,0.005709695947016177,0.005271351431036913,0.004828148486348146,0.005709695947016177,0.02294498374877444,0.017647437502861442,0.03314964681698677,0.02294498374877444,0.017647437502861442,0.03314964681698677
multistep,step decay,matched,1,384000,positive_pairs,512,0.0034961388801914607,0.0031765422689522473,0.003660651414064948,0.0034961388801914607,0.0031765422689522473,0.003660651414064948,0.01571098327655896,0.011628842921839326,0.021879070162308407,0.01571098327655896,0.011628842921839326,0.021879070162308407
multistep,step decay,matched,1,563200,positive_pairs,512,0.00212968426265504,0.0019736231495448278,0.0024294065745212494,0.00212968426265504,0.0019736231495448278,0.0024294065745212494,0.010340693666039208,0.007221387370968267,0.016247341544799475,0.010340693666039208,0.007221387370968267,0.016247341544799475
multistep,step decay,matched,1,742400,positive_pairs,512,0.001352872320233474,0.0011913095609170257,0.0014931224694427355,0.001352872320233474,0.0011913095609170257,0.0014931224694427355,0.007646778045104505,0.005181676178683742,0.013166167560413862,0.007646778045104505,0.005181676178683742,0.013166167560413862
multistep,step decay,matched,1,921600,positive_pairs,512,0.001110016869692373,0.0009574189468691017,0.0011933537938207275,0.001110016869692373,0.0009574189468691017,0.0011933537938207275,0.00690015316020489,0.004435398870611629,0.012213658984823903,0.00690015316020489,0.004435398870611629,0.012213658984823903
multistep,step decay,matched,4,25600,positive_pairs,512,0.026950507727922318,0.024166817751751262,0.03502800252011027,0.026950507727922318,0.024166817751751262,0.03502800252011027,0.1967192540396526,0.13436044575106454,0.2680179804594954,0.1967192540396526,0.13436044575106454,0.2680179804594954
multistep,step decay,matched,4,51200,positive_pairs,512,0.011677484613732341,0.010679592942243799,0.012327022411840588,0.011677484613732341,0.010679592942243799,0.012327022411840588,0.09650590364492631,0.06302474931804296,0.12672131880905232,0.09650590364492631,0.06302474931804296,0.12672131880905232
multistep,step decay,matched,4,92160,positive_pairs,512,0.008995656457701087,0.008469111599382483,0.01005346462747008,0.008995656457701087,0.008469111599382483,0.01005346462747008,0.05233248644874304,0.03537246727099231,0.06913582784531896,0.05233248644874304,0.03537246727099231,0.06913582784531896
multistep,step decay,matched,4,153600,positive_pairs,512,0.009026368845203168,0.008212354734228326,0.009536577734921057,0.009026368845203168,0.008212354734228326,0.009536577734921057,0.037058158632815384,0.028622554002814576,0.04356089705698716,0.037058158632815384,0.028622554002814576,0.04356089705698716
multistep,step decay,matched,4,256000,positive_pairs,512,0.0033742582731102104,0.0029619286853082303,0.0035205914751290437,0.0033742582731102104,0.0029619286853082303,0.0035205914751290437,0.017765693806261612,0.012800571475547659,0.023622815459575234,0.017765693806261612,0.012800571475547659,0.023622815459575234
multistep,step decay,matched,4,384000,positive_pairs,512,0.0023426923262437234,0.002121234118950778,0.0026242536361651197,0.0023426923262437234,0.002121234118950778,0.0026242536361651197,0.012480792098972945,0.008627807550425652,0.015410765543252348,0.012480792098972945,0.008627807550425652,0.015410765543252348
multistep,step decay,matched,4,563200,positive_pairs,512,0.0013644990922268164,0.0013048288350451629,0.0014617225432917765,0.0013644990922268164,0.0013048288350451629,0.0014617225432917765,0.00797696970210557,0.005284534203691525,0.011301366004985313,0.00797696970210557,0.005284534203691525,0.011301366004985313
multistep,step decay,matched,4,742400,positive_pairs,512,0.0008766102549140381,0.0007712536748847008,0.000910559000165084,0.0008766102549140381,0.0007712536748847008,0.000910559000165084,0.006006841529738365,0.0036717081080341655,0.00903004506433083,0.006006841529738365,0.0036717081080341655,0.00903004506433083
multistep,step decay,matched,4,921600,positive_pairs,512,0.0006744063835125115,0.0005943162194374814,0.0007016471634003987,0.0006744063835125115,0.0005943162194374814,0.0007016471634003987,0.005229361236847745,0.003108395559017511,0.008394145227364003,0.005229361236847745,0.003108395559017511,0.008394145227364003
multistep,step decay,matched,32,25600,positive_pairs,512,0.02095608531342195,0.018143665856947214,0.025291216676760115,0.02095608531342195,0.018143665856947214,0.025291216676760115,0.17846587143177167,0.11845476195695949,0.25384091791170715,0.17846587143177167,0.11845476195695949,0.25384091791170715
multistep,step decay,matched,32,51200,positive_pairs,512,0.00986612454394516,0.009303637492751276,0.010744221775712267,0.00986612454394516,0.009303637492751276,0.010744221775712267,0.08710414016205802,0.057190952556051666,0.12617569140378657,0.08710414016205802,0.057190952556051666,0.12617569140378657
multistep,step decay,matched,32,92160,positive_pairs,512,0.008216668329381047,0.00742136398075235,0.009312662714296491,0.008216668329381047,0.00742136398075235,0.009312662714296491,0.04839821995736461,0.03402945855153509,0.06769859393146054,0.04839821995736461,0.03402945855153509,0.06769859393146054
multistep,step decay,matched,32,153600,positive_pairs,512,0.007938137825036908,0.007623403970729283,0.008434833853771884,0.007938137825036908,0.007623403970729283,0.008434833853771884,0.03465920678391279,0.028446583747539982,0.04336843809863485,0.03465920678391279,0.028446583747539982,0.04336843809863485
multistep,step decay,matched,32,256000,positive_pairs,512,0.002715985243987174,0.002608656100146697,0.002905782500837023,0.002715985243987174,0.002608656100146697,0.002905782500837023,0.016449771495523336,0.012086888950951677,0.0221473898926047,0.016449771495523336,0.012086888950951677,0.0221473898926047
multistep,step decay,matched,32,384000,positive_pairs,512,0.002020143705158694,0.0018345033655029197,0.0022496718461310645,0.002020143705158694,0.0018345033655029197,0.0022496718461310645,0.011072698972904369,0.00813110932472276,0.01497091015355592,0.011072698972904369,0.00813110932472276,0.01497091015355592
multistep,step decay,matched,32,563200,positive_pairs,512,0.001135224962176165,0.0010506302922248727,0.001255220644968568,0.001135224962176165,0.0010506302922248727,0.001255220644968568,0.0071545150071348484,0.0052438055986366375,0.010697256405933208,0.0071545150071348484,0.0052438055986366375,0.010697256405933208
multistep,step decay,matched,32,742400,positive_pairs,512,0.0007279545678944553,0.0006808565533674877,0.0007542012085329521,0.0007279545678944553,0.0006808565533674877,0.0007542012085329521,0.005096552481238524,0.003537029460337083,0.008724523406376677,0.005096552481238524,0.003537029460337083,0.008724523406376677
multistep,step decay,matched,32,921600,positive_pairs,512,0.0005479142762061962,0.0005035803329503089,0.0005867762632588625,0.0005479142762061962,0.0005035803329503089,0.0005867762632588625,0.004505225223708149,0.003003340869641278,0.008041538053107916,0.004505225223708149,0.003003340869641278,0.008041538053107916
multistep,step decay,unmatched,1,25600,positive_pairs,512,0.03974435054902518,0.03600246260911436,0.04594053688654434,0.03974435054902518,0.03600246260911436,0.04594053688654434,0.2135198954767997,0.18168189985072483,0.35345094467597354,0.2135198954767997,0.18168189985072483,0.35345094467597354
multistep,step decay,unmatched,1,51200,positive_pairs,512,0.017740026553901195,0.016231652157275223,0.01880746339159239,0.017740026553901195,0.016231652157275223,0.01880746339159239,0.10908391535172288,0.0835283236897846,0.1849529562378971,0.10908391535172288,0.0835283236897846,0.1849529562378971
multistep,step decay,unmatched,1,92160,positive_pairs,512,0.013062855017571772,0.012160769258520436,0.013525492692859695,0.013062855017571772,0.012160769258520436,0.013525492692859695,0.06390285906537133,0.047127658587099906,0.1042233569306568,0.06390285906537133,0.047127658587099906,0.1042233569306568
multistep,step decay,unmatched,1,153600,positive_pairs,512,0.012976075709469143,0.012511773945120572,0.014589427505632597,0.012976075709469143,0.012511773945120572,0.014589427505632597,0.04578463255203569,0.03833109883484652,0.06922462382220457,0.04578463255203569,0.03833109883484652,0.06922462382220457
multistep,step decay,unmatched,1,256000,positive_pairs,512,0.00533002691228854,0.005093195990549404,0.005620847463745305,0.00533002691228854,0.005093195990549404,0.005620847463745305,0.022787227313331517,0.016814011051653553,0.03878706183628054,0.022787227313331517,0.016814011051653553,0.03878706183628054
multistep,step decay,unmatched,1,384000,positive_pairs,512,0.003490658283952683,0.003076424871191673,0.003667203679281113,0.003490658283952683,0.003076424871191673,0.003667203679281113,0.014712100126966986,0.011163564864348727,0.02710445471517887,0.014712100126966986,0.011163564864348727,0.02710445471517887
multistep,step decay,unmatched,1,563200,positive_pairs,512,0.002188689800616016,0.0018776403486675472,0.0023483520823016735,0.002188689800616016,0.0018776403486675472,0.0023483520823016735,0.009571396476458167,0.006786069491159864,0.020704799429109206,0.009571396476458167,0.006786069491159864,0.020704799429109206
multistep,step decay,unmatched,1,742400,positive_pairs,512,0.001379769441212841,0.0011873801669137589,0.0015002198069843675,0.001379769441212841,0.0011873801669137589,0.0015002198069843675,0.007138384453257373,0.004635361817603282,0.016640212715391636,0.007138384453257373,0.004635361817603282,0.016640212715391636
multistep,step decay,unmatched,1,921600,positive_pairs,512,0.0011318852969847244,0.000982506213628691,0.0012506735060228064,0.0011318852969847244,0.000982506213628691,0.0012506735060228064,0.00637053752636655,0.004048736974307944,0.015584254648566621,0.00637053752636655,0.004048736974307944,0.015584254648566621
multistep,step decay,unmatched,4,25600,positive_pairs,512,0.02526995671463681,0.02233178890924267,0.029068721931731503,0.02526995671463681,0.02233178890924267,0.029068721931731503,0.17123940545501332,0.13939555487340294,0.29507747023662023,0.17123940545501332,0.13939555487340294,0.29507747023662023
multistep,step decay,unmatched,4,51200,positive_pairs,512,0.010992216715953105,0.010382637751761618,0.011721119616224544,0.010992216715953105,0.010382637751761618,0.011721119616224544,0.08281773324808428,0.06214999853614344,0.1511215194662181,0.08281773324808428,0.06214999853614344,0.1511215194662181
multistep,step decay,unmatched,4,92160,positive_pairs,512,0.009513568565717914,0.008472421917577314,0.010190468086779791,0.009513568565717914,0.008472421917577314,0.010190468086779791,0.049639896007346904,0.03627340986858417,0.0851068234440115,0.049639896007346904,0.03627340986858417,0.0851068234440115
multistep,step decay,unmatched,4,153600,positive_pairs,512,0.009600759704282796,0.008787875048864068,0.010449790835478782,0.009600759704282796,0.008787875048864068,0.010449790835478782,0.037419396332219516,0.029776021005174798,0.05945976292443321,0.037419396332219516,0.029776021005174798,0.05945976292443321
multistep,step decay,unmatched,4,256000,positive_pairs,512,0.0031878649582204616,0.00302233558028366,0.003568243224990278,0.0031878649582204616,0.00302233558028366,0.003568243224990278,0.016576974798609354,0.01139822476008869,0.031198579456732815,0.016576974798609354,0.01139822476008869,0.031198579456732815
multistep,step decay,unmatched,4,384000,positive_pairs,512,0.002420588190141855,0.002244695695410244,0.002579137050350513,0.002420588190141855,0.002244695695410244,0.002579137050350513,0.01097234880751877,0.00832565281656775,0.02208723591975821,0.01097234880751877,0.00832565281656775,0.02208723591975821
multistep,step decay,unmatched,4,563200,positive_pairs,512,0.0013872072929875788,0.0012531989012009553,0.0015226328548676768,0.0013872072929875788,0.0012531989012009553,0.0015226328548676768,0.007597546178438249,0.005129558000547635,0.016653839148906717,0.007597546178438249,0.005129558000547635,0.016653839148906717
multistep,step decay,unmatched,4,742400,positive_pairs,512,0.0008092170228687779,0.0007919010389036555,0.0008994332061376069,0.0008092170228687779,0.0007919010389036555,0.0008994332061376069,0.005475084741581371,0.003393362425403095,0.013775040400629813,0.005475084741581371,0.003393362425403095,0.013775040400629813
multistep,step decay,unmatched,4,921600,positive_pairs,512,0.0006289188862419412,0.000607953331510426,0.0006797549682789175,0.0006289188862419412,0.000607953331510426,0.0006797549682789175,0.00477165642707155,0.002954986513311376,0.012977500692619116,0.00477165642707155,0.002954986513311376,0.012977500692619116
multistep,step decay,unmatched,32,25600,positive_pairs,512,0.0198952041776018,0.018268308525372867,0.023489602618883776,0.0198952041776018,0.018268308525372867,0.023489602618883776,0.15758485550688586,0.1287243003619372,0.26937747015348107,0.15758485550688586,0.1287243003619372,0.26937747015348107
multistep,step decay,unmatched,32,51200,positive_pairs,512,0.01001931692490389,0.009230811191577513,0.011088757735526688,0.01001931692490389,0.009230811191577513,0.011088757735526688,0.07696036765951925,0.05661171749566999,0.14552537585119302,0.07696036765951925,0.05661171749566999,0.14552537585119302
multistep,step decay,unmatched,32,92160,positive_pairs,512,0.007868095541846854,0.007301532010144435,0.008469582137041711,0.007868095541846854,0.007301532010144435,0.008469582137041711,0.04530914352459148,0.03576039577391909,0.07683482834232126,0.04530914352459148,0.03576039577391909,0.07683482834232126
multistep,step decay,unmatched,32,153600,positive_pairs,512,0.007960170156202883,0.00742760386220606,0.00898967330842469,0.007960170156202883,0.00742760386220606,0.00898967330842469,0.03309956748848973,0.02899022174743048,0.05006483210126289,0.03309956748848973,0.02899022174743048,0.05006483210126289
multistep,step decay,unmatched,32,256000,positive_pairs,512,0.002767051114177064,0.0026045894503505668,0.002884553010226423,0.002767051114177064,0.0026045894503505668,0.002884553010226423,0.015754105019328876,0.011638869598393303,0.02727328265795468,0.015754105019328876,0.011638869598393303,0.02727328265795468
multistep,step decay,unmatched,32,384000,positive_pairs,512,0.002115740654031764,0.001992457126775866,0.002232086625521569,0.002115740654031764,0.001992457126775866,0.002232086625521569,0.010721109077757652,0.007943314926866995,0.019575186266511432,0.010721109077757652,0.007943314926866995,0.019575186266511432
multistep,step decay,unmatched,32,563200,positive_pairs,512,0.001201515709703138,0.0010352378294561752,0.0012450845025519912,0.001201515709703138,0.0010352378294561752,0.0012450845025519912,0.0070160524042654415,0.005082385929530856,0.01438591317500115,0.0070160524042654415,0.005082385929530856,0.01438591317500115
multistep,step decay,unmatched,32,742400,positive_pairs,512,0.0007375949529209697,0.0006904337506162602,0.0007891007813565025,0.0007375949529209697,0.0006904337506162602,0.0007891007813565025,0.005204725351362541,0.0034434272733291334,0.012245791932290098,0.005204725351362541,0.0034434272733291334,0.012245791932290098
multistep,step decay,unmatched,32,921600,positive_pairs,512,0.0005620055755168052,0.0005155038886784824,0.0005805892225252785,0.0005620055755168052,0.0005155038886784824,0.0005805892225252785,0.004619785805773117,0.002870685520834635,0.011501223207191326,0.004619785805773117,0.002870685520834635,0.011501223207191326
tail_average,tail average,matched,1,25600,positive_pairs,512,0.043982014936544016,0.0371154466761196,0.05166659125441947,0.043982014936544016,0.0371154466761196,0.05166659125441947,0.2619014459522747,0.175824239497621,0.32397956521974985,0.2619014459522747,0.175824239497621,0.32397956521974985
tail_average,tail average,matched,1,51200,positive_pairs,512,0.018274900038013395,0.016877715173002277,0.020641906954904157,0.018274900038013395,0.016877715173002277,0.020641906954904157,0.13248409279666998,0.08103921177167062,0.16077572716992156,0.13248409279666998,0.08103921177167062,0.16077572716992156
tail_average,tail average,matched,1,92160,positive_pairs,512,0.013194048481718861,0.012534103789703804,0.013897375545045536,0.013194048481718861,0.012534103789703804,0.013897375545045536,0.0729969595665217,0.04864004880896877,0.08653878366783745,0.0729969595665217,0.04864004880896877,0.08653878366783745
tail_average,tail average,matched,1,153600,positive_pairs,512,0.012172601528342316,0.011082841632555901,0.013878865072784513,0.012172601528342316,0.011082841632555901,0.013878865072784513,0.046757530180366186,0.03723568484867851,0.05926627484111931,0.046757530180366186,0.03723568484867851,0.05926627484111931
tail_average,tail average,matched,1,256000,positive_pairs,512,0.012162434573723391,0.011376655335304476,0.013066496837650475,0.012162434573723391,0.011376655335304476,0.013066496837650475,0.03811104286345553,0.03493265394124839,0.0461125481590557,0.03811104286345553,0.03493265394124839,0.0461125481590557
tail_average,tail average,matched,1,384000,positive_pairs,512,0.012885319227742827,0.011428372002135175,0.0132564947986518,0.012885319227742827,0.011428372002135175,0.0132564947986518,0.03767748867085188,0.036595118350302894,0.04395591893349098,0.03767748867085188,0.036595118350302894,0.04395591893349098
tail_average,tail average,matched,1,563200,positive_pairs,512,0.004599556222811909,0.004267679070010061,0.004835576901610621,0.01245524681248281,0.010985487879822802,0.01368268480716245,0.017251943977121067,0.015227807939382979,0.01963743061604927,0.03699680816987551,0.03458779988310517,0.04148733148468948
tail_average,tail average,matched,1,742400,positive_pairs,512,0.0020316171089035506,0.0018712825485809887,0.0022250626125533894,0.012852316407581336,0.011946634979348334,0.014554114694832877,0.008801223721899912,0.007407697355077264,0.010250334022361448,0.03882607089139253,0.03464990343742612,0.04217919582419348
tail_average,tail average,matched,1,921600,positive_pairs,512,0.001324273640228725,0.0011779799640506744,0.001389650181680328,0.01277098998676426,0.011973786389110855,0.01398564588270306,0.005960741984861602,0.004950274246690104,0.0065901283034567526,0.03805120065764749,0.03520495225816647,0.04135662931497116
tail_average,tail average,matched,4,25600,positive_pairs,512,0.026950507727922318,0.024166817751751262,0.03502800252011027,0.026950507727922318,0.024166817751751262,0.03502800252011027,0.1967192540396526,0.13436044575106454,0.2680179804594954,0.1967192540396526,0.13436044575106454,0.2680179804594954
tail_average,tail average,matched,4,51200,positive_pairs,512,0.011677484613732341,0.010679592942243799,0.012327022411840588,0.011677484613732341,0.010679592942243799,0.012327022411840588,0.09650590364492631,0.06302474931804296,0.12672131880905232,0.09650590364492631,0.06302474931804296,0.12672131880905232
tail_average,tail average,matched,4,92160,positive_pairs,512,0.008995656457701087,0.008469111599382483,0.01005346462747008,0.008995656457701087,0.008469111599382483,0.01005346462747008,0.05233248644874304,0.03537246727099231,0.06913582784531896,0.05233248644874304,0.03537246727099231,0.06913582784531896
tail_average,tail average,matched,4,153600,positive_pairs,512,0.009026368845203168,0.008212354734228326,0.009536577734921057,0.009026368845203168,0.008212354734228326,0.009536577734921057,0.037058158632815384,0.028622554002814576,0.04356089705698716,0.037058158632815384,0.028622554002814576,0.04356089705698716
tail_average,tail average,matched,4,256000,positive_pairs,512,0.009401418447078199,0.008018277537754848,0.009732514925747927,0.009401418447078199,0.008018277537754848,0.009732514925747927,0.03141623287312468,0.029314781875861354,0.03637086162583053,0.03141623287312468,0.029314781875861354,0.03637086162583053
tail_average,tail average,matched,4,384000,positive_pairs,512,0.008849573414441328,0.007926378244979554,0.009700346364021064,0.008849573414441328,0.007926378244979554,0.009700346364021064,0.027732203067688532,0.02583408370455633,0.03228198971061809,0.027732203067688532,0.02583408370455633,0.03228198971061809
tail_average,tail average,matched,4,563200,positive_pairs,512,0.0027127020149973536,0.0024605823038736964,0.002851315434931526,0.009135599189043251,0.008616895681479284,0.010005671853185918,0.01186899607973713,0.010211267283643553,0.014092160758762172,0.029591767251363053,0.026894753586098878,0.031597020149653196
tail_average,tail average,matched,4,742400,positive_pairs,512,0.0011057974765383133,0.0010169502747983013,0.001172004831685124,0.009182518819237935,0.008304995165003609,0.010018148629017438,0.005884594206468601,0.005074669210469369,0.007644895381389284,0.02959164842819617,0.025743364141125567,0.0317997415006506
tail_average,tail average,matched,4,921600,positive_pairs,512,0.0007067209391232161,0.0006580230580349786,0.0007834990100908808,0.00911995461434353,0.008604290430752217,0.009979919195335172,0.00406937084497278,0.0032975347170769646,0.005317219018759316,0.028430194797697,0.026554696062125287,0.034311572858133986
tail_average,tail average,matched,32,25600,positive_pairs,512,0.02095608531342195,0.018143665856947214,0.025291216676760115,0.02095608531342195,0.018143665856947214,0.025291216676760115,0.17846587143177167,0.11845476195695949,0.25384091791170715,0.17846587143177167,0.11845476195695949,0.25384091791170715
tail_average,tail average,matched,32,51200,positive_pairs,512,0.00986612454394516,0.009303637492751276,0.010744221775712267,0.00986612454394516,0.009303637492751276,0.010744221775712267,0.08710414016205802,0.057190952556051666,0.12617569140378657,0.08710414016205802,0.057190952556051666,0.12617569140378657
tail_average,tail average,matched,32,92160,positive_pairs,512,0.008216668329381047,0.00742136398075235,0.009312662714296491,0.008216668329381047,0.00742136398075235,0.009312662714296491,0.04839821995736461,0.03402945855153509,0.06769859393146054,0.04839821995736461,0.03402945855153509,0.06769859393146054
tail_average,tail average,matched,32,153600,positive_pairs,512,0.007938137825036908,0.007623403970729283,0.008434833853771884,0.007938137825036908,0.007623403970729283,0.008434833853771884,0.03465920678391279,0.028446583747539982,0.04336843809863485,0.03465920678391279,0.028446583747539982,0.04336843809863485
tail_average,tail average,matched,32,256000,positive_pairs,512,0.008171483220669105,0.007326556565609176,0.008771013498930065,0.008171483220669105,0.007326556565609176,0.008771013498930065,0.029552313801894412,0.02668171166086116,0.03207460062810927,0.029552313801894412,0.02668171166086116,0.03207460062810927
tail_average,tail average,matched,32,384000,positive_pairs,512,0.007965100033819884,0.007067271314919148,0.008314985491539395,0.007965100033819884,0.007067271314919148,0.008314985491539395,0.027684695821800553,0.023339195614850154,0.029674070789807692,0.027684695821800553,0.023339195614850154,0.029674070789807692
tail_average,tail average,matched,32,563200,positive_pairs,512,0.002176560913760419,0.002060317449805256,0.002291066379895057,0.007942244205852938,0.007055869177607204,0.0081211341962465,0.011320453441995405,0.008932468625553464,0.014294560386273438,0.025529508794369715,0.02292890550049504,0.030113979366831113
tail_average,tail average,matched,32,742400,positive_pairs,512,0.0009064033019760234,0.0008823734707805802,0.0009614029038152137,0.008060085535032936,0.007719572252561962,0.009171219964477118,0.005788154571128326,0.004425261410009943,0.007747909354320715,0.027543065552253512,0.024980915678642007,0.03091974257198455
tail_average,tail average,matched,32,921600,positive_pairs,512,0.0005887315666263639,0.0005539403221111649,0.0005988816881592683,0.007778615386756244,0.0068622936380673015,0.008486998191226766,0.003976790463710753,0.003241668015300136,0.005845981246246034,0.02754767355431605,0.024247209192846154,0.030165947488165045
tail_average,tail average,unmatched,1,25600,positive_pairs,512,0.03974435054902518,0.03600246260911436,0.04594053688654434,0.03974435054902518,0.03600246260911436,0.04594053688654434,0.2135198954767997,0.18168189985072483,0.35345094467597354,0.2135198954767997,0.18168189985072483,0.35345094467597354
tail_average,tail average,unmatched,1,51200,positive_pairs,512,0.017740026553901195,0.016231652157275223,0.01880746339159239,0.017740026553901195,0.016231652157275223,0.01880746339159239,0.10908391535172288,0.0835283236897846,0.1849529562378971,0.10908391535172288,0.0835283236897846,0.1849529562378971
tail_average,tail average,unmatched,1,92160,positive_pairs,512,0.013062855017571772,0.012160769258520436,0.013525492692859695,0.013062855017571772,0.012160769258520436,0.013525492692859695,0.06390285906537133,0.047127658587099906,0.1042233569306568,0.06390285906537133,0.047127658587099906,0.1042233569306568
tail_average,tail average,unmatched,1,153600,positive_pairs,512,0.012976075709469143,0.012511773945120572,0.014589427505632597,0.012976075709469143,0.012511773945120572,0.014589427505632597,0.04578463255203569,0.03833109883484652,0.06922462382220457,0.04578463255203569,0.03833109883484652,0.06922462382220457
tail_average,tail average,unmatched,1,256000,positive_pairs,512,0.01233553992687369,0.011653404301724965,0.013089863046003335,0.01233553992687369,0.011653404301724965,0.013089863046003335,0.03848410294047202,0.03420043186774478,0.05061123162420766,0.03848410294047202,0.03420043186774478,0.05061123162420766
tail_average,tail average,unmatched,1,384000,positive_pairs,512,0.012744488974187628,0.011904637058622169,0.014215718418988365,0.012744488974187628,0.011904637058622169,0.014215718418988365,0.03815358635713869,0.034128490362241366,0.04520810845098467,0.03815358635713869,0.034128490362241366,0.04520810845098467
tail_average,tail average,unmatched,1,563200,positive_pairs,512,0.004694407848050509,0.004186320797834854,0.005308864565178763,0.012540686518823044,0.011138112347210256,0.012963012894585698,0.016572722563639418,0.013552705310504655,0.02407518770502093,0.03625908671595515,0.03288315596409802,0.0429690418565221
tail_average,tail average,unmatched,1,742400,positive_pairs,512,0.0019822970322400215,0.0018916437324055808,0.002309080457779735,0.012885417169474538,0.011586088849864952,0.014581759989338925,0.008115315669620912,0.006579619523980261,0.01299569684915226,0.03782765346439026,0.03331937017032243,0.04178740801212196
tail_average,tail average,unmatched,1,921600,positive_pairs,512,0.0012806179415155274,0.0012191182579591737,0.0013795041916711457,0.012958478523289067,0.011949913259434845,0.014573152751652852,0.0052534651814830635,0.004337061040115827,0.009582660595943081,0.03979251534092949,0.03461406273494445,0.04256981964781804
tail_average,tail average,unmatched,4,25600,positive_pairs,512,0.02526995671463681,0.02233178890924267,0.029068721931731503,0.02526995671463681,0.02233178890924267,0.029068721931731503,0.17123940545501332,0.13939555487340294,0.29507747023662023,0.17123940545501332,0.13939555487340294,0.29507747023662023
tail_average,tail average,unmatched,4,51200,positive_pairs,512,0.010992216715953105,0.010382637751761618,0.011721119616224544,0.010992216715953105,0.010382637751761618,0.011721119616224544,0.08281773324808428,0.06214999853614344,0.1511215194662181,0.08281773324808428,0.06214999853614344,0.1511215194662181
tail_average,tail average,unmatched,4,92160,positive_pairs,512,0.009513568565717914,0.008472421917577314,0.010190468086779791,0.009513568565717914,0.008472421917577314,0.010190468086779791,0.049639896007346904,0.03627340986858417,0.0851068234440115,0.049639896007346904,0.03627340986858417,0.0851068234440115
tail_average,tail average,unmatched,4,153600,positive_pairs,512,0.009600759704282796,0.008787875048864068,0.010449790835478782,0.009600759704282796,0.008787875048864068,0.010449790835478782,0.037419396332219516,0.029776021005174798,0.05945976292443321,0.037419396332219516,0.029776021005174798,0.05945976292443321
tail_average,tail average,unmatched,4,256000,positive_pairs,512,0.00899707810262482,0.007757037318936178,0.01013711465091896,0.00899707810262482,0.007757037318936178,0.01013711465091896,0.030367117205265394,0.02369493314223196,0.040227083693023157,0.030367117205265394,0.02369493314223196,0.040227083693023157
tail_average,tail average,unmatched,4,384000,positive_pairs,512,0.009475016780870687,0.008846873271339416,0.01039432515804271,0.009475016780870687,0.008846873271339416,0.01039432515804271,0.030872324656783894,0.02818744657364207,0.03492548325898618,0.030872324656783894,0.02818744657364207,0.03492548325898618
tail_average,tail average,unmatched,4,563200,positive_pairs,512,0.002750379388877607,0.0024092189996005324,0.0028614286797954093,0.009732915040066643,0.00898551250767991,0.010184178534009405,0.011819135126329684,0.009393740349359945,0.0160705948756709,0.028857793378665578,0.025584959830029005,0.033718546841168574
tail_average,tail average,unmatched,4,742400,positive_pairs,512,0.0011038414348326442,0.0010412998937924217,0.0012314630359616368,0.009577341561177538,0.008951144802700864,0.010255000986340945,0.005597817615411855,0.004514430859964541,0.007922338079885599,0.029863193446315214,0.02789127663773948,0.03367035910883759
tail_average,tail average,unmatched,4,921600,positive_pairs,512,0.0006969323346797209,0.0006543769484248922,0.000724206427019395,0.009147806140750902,0.008699889486740666,0.009789341219176885,0.003852766058637483,0.002974100741292265,0.005354116108543551,0.02846650489199859,0.02672239494750692,0.03649117938507797
tail_average,tail average,unmatched,32,25600,positive_pairs,512,0.0198952041776018,0.018268308525372867,0.023489602618883776,0.0198952041776018,0.018268308525372867,0.023489602618883776,0.15758485550688586,0.1287243003619372,0.26937747015348107,0.15758485550688586,0.1287243003619372,0.26937747015348107
tail_average,tail average,unmatched,32,51200,positive_pairs,512,0.01001931692490389,0.009230811191577513,0.011088757735526688,0.01001931692490389,0.009230811191577513,0.011088757735526688,0.07696036765951925,0.05661171749566999,0.14552537585119302,0.07696036765951925,0.05661171749566999,0.14552537585119302
tail_average,tail average,unmatched,32,92160,positive_pairs,512,0.007868095541846854,0.007301532010144435,0.008469582137041711,0.007868095541846854,0.007301532010144435,0.008469582137041711,0.04530914352459148,0.03576039577391909,0.07683482834232126,0.04530914352459148,0.03576039577391909,0.07683482834232126
tail_average,tail average,unmatched,32,153600,positive_pairs,512,0.007960170156202883,0.00742760386220606,0.00898967330842469,0.007960170156202883,0.00742760386220606,0.00898967330842469,0.03309956748848973,0.02899022174743048,0.05006483210126289,0.03309956748848973,0.02899022174743048,0.05006483210126289
tail_average,tail average,unmatched,32,256000,positive_pairs,512,0.008045072232856157,0.007201706797175838,0.008921902553084338,0.008045072232856157,0.007201706797175838,0.008921902553084338,0.027604871982329113,0.02554961503466356,0.03715561643412119,0.027604871982329113,0.02554961503466356,0.03715561643412119
tail_average,tail average,unmatched,32,384000,positive_pairs,512,0.008189473258165967,0.007226870478404633,0.009013283882574996,0.008189473258165967,0.007226870478404633,0.009013283882574996,0.02818081051574025,0.025563474024892417,0.031021910257804264,0.02818081051574025,0.025563474024892417,0.031021910257804264
tail_average,tail average,unmatched,32,563200,positive_pairs,512,0.0022545259702178213,0.0020624313336415384,0.002414644408975304,0.008041297518952339,0.007230247342060948,0.008460569394488035,0.010331650646570777,0.00801901824858135,0.015300965882610906,0.026478985552454433,0.023119400041245665,0.03000446306507966
tail_average,tail average,unmatched,32,742400,positive_pairs,512,0.0009124058591599166,0.0008611238313521261,0.0009547554456988867,0.008199128716800303,0.007496392899575807,0.008904447629957308,0.005311328460812897,0.004472786498775647,0.009549699324329726,0.027013087392412538,0.02604576055488211,0.030369864965898573
tail_average,tail average,unmatched,32,921600,positive_pairs,512,0.0005729701652957674,0.0005507345798324698,0.0005927819347866836,0.008172522010766754,0.007705913127752271,0.008983068498653853,0.0033888104640764373,0.0028369653760369055,0.007080935868461415,0.026013262451615095,0.024497877440530284,0.030920577045442297
cosine_tail,cosine + average,matched,1,25600,positive_pairs,512,0.0440170560462213,0.03714265695417849,0.051721308347840125,0.0440170560462213,0.03714265695417849,0.051721308347840125,0.2620455270382712,0.175940351354273,0.32418118613880076,0.2620455270382712,0.175940351354273,0.32418118613880076
cosine_tail,cosine + average,matched,1,51200,positive_pairs,512,0.0182716427824114,0.016855332466686416,0.02063181823858328,0.0182716427824114,0.016855332466686416,0.02063181823858328,0.13272725116296477,0.08115586389427983,0.161101723979591,0.13272725116296477,0.08115586389427983,0.161101723979591
cosine_tail,cosine + average,matched,1,92160,positive_pairs,512,0.012986107700167216,0.01234683270479739,0.013735048391237854,0.012986107700167216,0.01234683270479739,0.013735048391237854,0.07303339430521827,0.04838480007926515,0.08659225457537204,0.07303339430521827,0.04838480007926515,0.08659225457537204
cosine_tail,cosine + average,matched,1,153600,positive_pairs,512,0.01154873315411638,0.010517388848337007,0.013161562666666625,0.01154873315411638,0.010517388848337007,0.013161562666666625,0.04587597443008792,0.035738525052381905,0.0581726211383259,0.04587597443008792,0.035738525052381905,0.0581726211383259
cosine_tail,cosine + average,matched,1,256000,positive_pairs,512,0.010279310588810564,0.009658637200184672,0.01122667722298928,0.010279310588810564,0.009658637200184672,0.01122667722298928,0.03361282915988795,0.030083175321241353,0.04203727765896064,0.03361282915988795,0.030083175321241353,0.04203727765896064
cosine_tail,cosine + average,matched,1,384000,positive_pairs,512,0.008467466076709784,0.00793152750081772,0.008836181444550692,0.008467466076709784,0.00793152750081772,0.008836181444550692,0.02732510034286193,0.024943007383024223,0.03204393625412266,0.02732510034286193,0.024943007383024223,0.03204393625412266
cosine_tail,cosine + average,matched,1,563200,positive_pairs,512,0.0035438876690385597,0.0033607376503212412,0.00380361961293504,0.004811458713788651,0.004414143305479395,0.005202748691114473,0.013281297261760167,0.011442648776036034,0.015743626354905012,0.015721716123492182,0.014345912313727283,0.01804753239385675
cosine_tail,cosine + average,matched,1,742400,positive_pairs,512,0.0019276108484978308,0.001746899968258227,0.0021444436478757034,0.002448711537301567,0.002245907494697224,0.002622585856878966,0.008339464169141522,0.007021248303908014,0.01052234453035791,0.008776992105206563,0.007535825390549086,0.011013281387153597
cosine_tail,cosine + average,matched,1,921600,positive_pairs,512,0.0015286635445571459,0.0013587498559587297,0.0016700225082314927,0.0015402626773439506,0.0014342456972950897,0.0017073414721138858,0.006776431928160671,0.005660916961907277,0.00882895337006191,0.006289033637669712,0.005344365803395244,0.008249183925592709
cosine_tail,cosine + average,matched,4,25600,positive_pairs,512,0.026976520176003185,0.024190511214184078,0.035065764433273784,0.026976520176003185,0.024190511214184078,0.035065764433273784,0.19684756422639244,0.13445832170575747,0.26819392823506716,0.19684756422639244,0.13445832170575747,0.26819392823506716
cosine_tail,cosine + average,matched,4,51200,positive_pairs,512,0.011654070282391215,0.010655731938668643,0.01230178397778772,0.011654070282391215,0.010655731938668643,0.01230178397778772,0.09666038239976071,0.06309829518732904,0.12700233031842612,0.09666038239976071,0.06309829518732904,0.12700233031842612
cosine_tail,cosine + average,matched,4,92160,positive_pairs,512,0.008868376182833301,0.008341289138216003,0.009884034662983513,0.008868376182833301,0.008341289138216003,0.009884034662983513,0.05233666957385928,0.03513804023258361,0.06920109281300664,0.05233666957385928,0.03513804023258361,0.06920109281300664
cosine_tail,cosine + average,matched,4,153600,positive_pairs,512,0.00853928409368801,0.007805711784853518,0.009004409138251781,0.00853928409368801,0.007805711784853518,0.009004409138251781,0.03608944277298002,0.027223582780203804,0.04280224265496038,0.03608944277298002,0.027223582780203804,0.04280224265496038
cosine_tail,cosine + average,matched,4,256000,positive_pairs,512,0.007833152964903903,0.006858428711662891,0.008267165138045894,0.007833152964903903,0.006858428711662891,0.008267165138045894,0.027703321268595822,0.024733976288712444,0.03262559385076982,0.027703321268595822,0.024733976288712444,0.03262559385076982
cosine_tail,cosine + average,matched,4,384000,positive_pairs,512,0.005894242045314971,0.0051642061257064645,0.006243517463263424,0.005894242045314971,0.0051642061257064645,0.006243517463263424,0.020125647417999323,0.01770351378686893,0.022422005265185983,0.020125647417999323,0.01770351378686893,0.022422005265185983
cosine_tail,cosine + average,matched,4,563200,positive_pairs,512,0.002273684905896969,0.0019985557206222302,0.002369925846177057,0.00345532319103684,0.003313324713920885,0.0036995832024231956,0.009724363979422657,0.008078150108651618,0.012182316748297353,0.012539942063427664,0.010928655431749918,0.013686163326606968
cosine_tail,cosine + average,matched,4,742400,positive_pairs,512,0.0011233624888805646,0.0010016625574957845,0.0011821473680902778,0.0015218032663908408,0.001411616470929994,0.0017198757612726305,0.006014226318117206,0.004572577133411964,0.007760497024046788,0.007048330950162928,0.005147154972322795,0.007676836995381565
cosine_tail,cosine + average,matched,4,921600,positive_pairs,512,0.0008672475690941683,0.000749014407702971,0.0009039215344236782,0.0008997683054866971,0.0008378448822565007,0.0010013653457086795,0.005011421406779539,0.003628916266940098,0.006459324329482581,0.005037590877273939,0.003597180607078442,0.005967970513967992
cosine_tail,cosine + average,matched,32,25600,positive_pairs,512,0.020976425539277695,0.01816049960145344,0.025316489442822467,0.020976425539277695,0.01816049960145344,0.025316489442822467,0.17858461677370252,0.11853645212504342,0.25400704667000557,0.17858461677370252,0.11853645212504342,0.25400704667000557
cosine_tail,cosine + average,matched,32,51200,positive_pairs,512,0.009846622230882143,0.009269184618524164,0.010727090637392,0.009846622230882143,0.009269184618524164,0.010727090637392,0.08724494141175777,0.057248051723652445,0.12642384315564323,0.08724494141175777,0.057248051723652445,0.12642384315564323
cosine_tail,cosine + average,matched,32,92160,positive_pairs,512,0.008086626081243853,0.007332413157200227,0.009134798110205062,0.008086626081243853,0.007332413157200227,0.009134798110205062,0.04829901936543945,0.033838345053779986,0.06785282081207025,0.04829901936543945,0.033838345053779986,0.06785282081207025
cosine_tail,cosine + average,matched,32,153600,positive_pairs,512,0.007491066492311762,0.007192626995490303,0.007971340352164761,0.007491066492311762,0.007192626995490303,0.007971340352164761,0.0338037607302415,0.027119050872665248,0.042658033388808594,0.0338037607302415,0.027119050872665248,0.042658033388808594
cosine_tail,cosine + average,matched,32,256000,positive_pairs,512,0.006873790089548353,0.006253591892015385,0.007370648220293494,0.006873790089548353,0.006253591892015385,0.007370648220293494,0.026288705135092044,0.02333767039536433,0.02876697957749741,0.026288705135092044,0.02333767039536433,0.02876697957749741
cosine_tail,cosine + average,matched,32,384000,positive_pairs,512,0.005070242183264646,0.0045841193904812986,0.005576229567588592,0.005070242183264646,0.0045841193904812986,0.005576229567588592,0.019281713612361754,0.015169032630046448,0.021888510388080738,0.019281713612361754,0.015169032630046448,0.021888510388080738
cosine_tail,cosine + average,matched,32,563200,positive_pairs,512,0.001834067451122958,0.0016780922053817738,0.0019180077398631994,0.003012086103482956,0.00273126832761806,0.0031226588614505944,0.00884763241167677,0.007277453758706015,0.011713502312925925,0.010555324638744657,0.00952376440496474,0.01503595777287517
cosine_tail,cosine + average,matched,32,742400,positive_pairs,512,0.0009225525356911688,0.0008595163178219632,0.0009842649910907835,0.0013211701356927324,0.001243435789930204,0.0014236860226215092,0.005221221411737595,0.004086845743775462,0.008299622538345394,0.005902901997873918,0.004951305645487321,0.008396571230979264
cosine_tail,cosine + average,matched,32,921600,positive_pairs,512,0.0006942305379099267,0.0006699350118692839,0.0007523825197107235,0.0007801382037574484,0.0007449075128573508,0.0008433094665756329,0.004408791320943721,0.003361253890410339,0.007206237228610453,0.004298990200781039,0.0036003511455752323,0.006773044358966085
cosine_tail,cosine + average,unmatched,1,25600,positive_pairs,512,0.03977732746485402,0.03603260934247838,0.045983092464658544,0.03977732746485402,0.03603260934247838,0.045983092464658544,0.21364607279023234,0.18178899286639302,0.35364737128777535,0.21364607279023234,0.18178899286639302,0.35364737128777535
cosine_tail,cosine + average,unmatched,1,51200,positive_pairs,512,0.017720890159752093,0.016235528169083253,0.01881255761957912,0.017720890159752093,0.016235528169083253,0.01881255761957912,0.10923421241858638,0.08367471737317472,0.18530080305986973,0.10923421241858638,0.08367471737317472,0.18530080305986973
cosine_tail,cosine + average,unmatched,1,92160,positive_pairs,512,0.01285907485631917,0.011999487081285,0.013306235472379465,0.01285907485631917,0.011999487081285,0.013306235472379465,0.0637321910003068,0.046974558630202265,0.10451214495538702,0.0637321910003068,0.046974558630202265,0.10451214495538702
cosine_tail,cosine + average,unmatched,1,153600,positive_pairs,512,0.012277272744303253,0.011719049969426243,0.013688876169280778,0.012277272744303253,0.011719049969426243,0.013688876169280778,0.044359122225590346,0.03661361209442616,0.06848157077305563,0.044359122225590346,0.03661361209442616,0.06848157077305563
cosine_tail,cosine + average,unmatched,1,256000,positive_pairs,512,0.010451552549351647,0.009843385647871091,0.011022286016122932,0.010451552549351647,0.009843385647871091,0.011022286016122932,0.03389270192376264,0.029547669346527822,0.046812672145549,0.03389270192376264,0.029547669346527822,0.046812672145549
cosine_tail,cosine + average,unmatched,1,384000,positive_pairs,512,0.008391631233583545,0.007932915292957378,0.009052695168999248,0.008391631233583545,0.007932915292957378,0.009052695168999248,0.026126559532884272,0.022789304488799407,0.03488429560745253,0.026126559532884272,0.022789304488799407,0.03488429560745253
cosine_tail,cosine + average,unmatched,1,563200,positive_pairs,512,0.003615388169355903,0.003348017086950288,0.004047269887026117,0.004838811949556604,0.004526720318526729,0.005484406947993986,0.012516898990358223,0.01065835914556824,0.021408758013703986,0.015117271269128305,0.013284472394425423,0.024323692092332535
cosine_tail,cosine + average,unmatched,1,742400,positive_pairs,512,0.001985635718049314,0.0018235184015025787,0.0022154691291578496,0.0024319150183880656,0.0021516853948214533,0.0028053103014630274,0.007576900380129682,0.006065696288397232,0.015176479603482776,0.008378644597629655,0.006488028785228812,0.013707245758050407
cosine_tail,cosine + average,unmatched,1,921600,positive_pairs,512,0.001526073057449011,0.0014255156938017496,0.001696161398148835,0.0015451593105205773,0.001420888636153243,0.0018413712237774938,0.006016244271486243,0.004868814396106229,0.01287040391657089,0.006017949220733489,0.004627272622617866,0.011115652861592261
cosine_tail,cosine + average,unmatched,4,25600,positive_pairs,512,0.025294824528209647,0.02235181349658587,0.029098665539777333,0.025294824528209647,0.02235181349658587,0.029098665539777333,0.17135215420396416,0.13949711192883413,0.29524757975774424,0.17135215420396416,0.13949711192883413,0.29524757975774424
cosine_tail,cosine + average,unmatched,4,51200,positive_pairs,512,0.010977226205529583,0.010361110918859157,0.011710988412806444,0.010977226205529583,0.010361110918859157,0.011710988412806444,0.08293933544533579,0.062234538937088996,0.15144058211798325,0.08293933544533579,0.062234538937088996,0.15144058211798325
cosine_tail,cosine + average,unmatched,4,92160,positive_pairs,512,0.009352874134084376,0.008362944284010415,0.010024982860583936,0.009352874134084376,0.008362944284010415,0.010024982860583936,0.04956005337056349,0.03601432194324458,0.08527142105342915,0.04956005337056349,0.03601432194324458,0.08527142105342915
cosine_tail,cosine + average,unmatched,4,153600,positive_pairs,512,0.009061484904095495,0.008282461346004183,0.00987210050224733,0.009061484904095495,0.008282461346004183,0.00987210050224733,0.03619991647611526,0.02857249073647677,0.05864550209494174,0.03619991647611526,0.02857249073647677,0.05864550209494174
cosine_tail,cosine + average,unmatched,4,256000,positive_pairs,512,0.0076200934024655085,0.006565327011484098,0.00851878805528824,0.0076200934024655085,0.006565327011484098,0.00851878805528824,0.026425214991619046,0.020176468510782402,0.037262789483192324,0.026425214991619046,0.020176468510782402,0.037262789483192324
cosine_tail,cosine + average,unmatched,4,384000,positive_pairs,512,0.006125449089102727,0.005950120400745153,0.006710327560554562,0.006125449089102727,0.005950120400745153,0.006710327560554562,0.021358177333931326,0.018869385505436573,0.02643504226629024,0.021358177333931326,0.018869385505436573,0.02643504226629024
cosine_tail,cosine + average,unmatched,4,563200,positive_pairs,512,0.0022184247428117874,0.0020062332963453272,0.002401051390723285,0.003593248107339073,0.0032234930474864406,0.0038381661302842843,0.009798416634637186,0.0075209568316100765,0.014417031043689656,0.012043915240627156,0.010366939954417606,0.017244404476455207
cosine_tail,cosine + average,unmatched,4,742400,positive_pairs,512,0.0010890669567769511,0.0010030420721404225,0.001229248890620574,0.0015474568880858004,0.0014871944199696507,0.0016833590420841475,0.005702712693115451,0.004366713158422571,0.009449115963013528,0.006448175872639199,0.00538119848853037,0.00971559123499081
cosine_tail,cosine + average,unmatched,4,921600,positive_pairs,512,0.0008371901534536465,0.0007787243595745589,0.000910967428464924,0.0008985675371122655,0.0008894793107955439,0.0009640997579388588,0.004650447688088993,0.003547083333002559,0.008184092677614262,0.0044915705273317315,0.0036984407230749193,0.007703053695462713
cosine_tail,cosine + average,unmatched,32,25600,positive_pairs,512,0.019913840008731712,0.01828259432717998,0.023512097834659785,0.019913840008731712,0.01828259432717998,0.023512097834659785,0.1576871512753017,0.12880746192354858,0.26954030140079976,0.1576871512753017,0.12880746192354858,0.26954030140079976
cosine_tail,cosine + average,unmatched,32,51200,positive_pairs,512,0.009991522775334534,0.009198795409400004,0.011068354694399221,0.009991522775334534,0.009198795409400004,0.011068354694399221,0.07706498224456024,0.056683505675225794,0.14577463792506626,0.07706498224456024,0.056683505675225794,0.14577463792506626
cosine_tail,cosine + average,unmatched,32,92160,positive_pairs,512,0.007738950430855986,0.007194054080225386,0.008326672675437595,0.007738950430855986,0.007194054080225386,0.008326672675437595,0.04519527570254969,0.035514827705267836,0.07712907504729531,0.04519527570254969,0.035514827705267836,0.07712907504729531
cosine_tail,cosine + average,unmatched,32,153600,positive_pairs,512,0.007482920505389857,0.007032072362003254,0.008462235309440168,0.007482920505389857,0.007032072362003254,0.008462235309440168,0.032196985760226574,0.027973515087515905,0.049451398180034765,0.032196985760226574,0.027973515087515905,0.049451398180034765
cosine_tail,cosine + average,unmatched,32,256000,positive_pairs,512,0.006819162646646296,0.006061801233974311,0.007451314597410734,0.006819162646646296,0.006061801233974311,0.007451314597410734,0.02428265659862058,0.02177500679323086,0.0343545130279908,0.02428265659862058,0.02177500679323086,0.0343545130279908
cosine_tail,cosine + average,unmatched,32,384000,positive_pairs,512,0.005376180407774428,0.004881532102816187,0.006127388675233759,0.005376180407774428,0.004881532102816187,0.006127388675233759,0.019264204129007742,0.01779063725319145,0.023873609862389955,0.019264204129007742,0.01779063725319145,0.023873609862389955
cosine_tail,cosine + average,unmatched,32,563200,positive_pairs,512,0.0018695050772108486,0.0017426816070982378,0.001977778306725222,0.003111917919475398,0.0028600534283300125,0.003391273604896502,0.008467085799831416,0.006708679708240802,0.01357914516705938,0.011375194235927276,0.009711928314736416,0.015755975798813847
cosine_tail,cosine + average,unmatched,32,742400,positive_pairs,512,0.0009288081541018059,0.0008848605318031688,0.0009957120909708723,0.0014085873172735956,0.0012678204237229153,0.001478735139041374,0.005090253238404876,0.00416511052482489,0.00970058838396409,0.00596140236609622,0.005251536735931058,0.009789232201637245
cosine_tail,cosine + average,unmatched,32,921600,positive_pairs,512,0.0007057065929132742,0.0006775865257598991,0.0007276851394055591,0.0007722529271322154,0.0007252112917736902,0.0008148784288254334,0.004095119394857939,0.0033096485383853993,0.008496282708365109,0.004140080560015031,0.0033096549997856588,0.008081504992706377
large_batch,"constant, B=2048",matched,1,25600,positive_pairs,2048,0.1471331815130248,0.11900242432983422,0.1955987916850226,0.1471331815130248,0.11900242432983422,0.1955987916850226,0.5342310305510222,0.3987788064281303,0.7370242064205885,0.5342310305510222,0.3987788064281303,0.7370242064205885
large_batch,"constant, B=2048",matched,1,51200,positive_pairs,2048,0.06530854075970408,0.05183691330714457,0.08968840271143037,0.06530854075970408,0.05183691330714457,0.08968840271143037,0.33393666794674925,0.23789061504981193,0.46662557065209215,0.33393666794674925,0.23789061504981193,0.46662557065209215
large_batch,"constant, B=2048",matched,1,92160,positive_pairs,2048,0.021986160140351,0.01749004911354258,0.02902847394112391,0.021986160140351,0.01749004911354258,0.02902847394112391,0.1795426555541309,0.1145723350161026,0.25414543001107653,0.1795426555541309,0.1145723350161026,0.25414543001107653
large_batch,"constant, B=2048",matched,1,153600,positive_pairs,2048,0.0095891135290204,0.008473026286588012,0.012431310759370904,0.0095891135290204,0.008473026286588012,0.012431310759370904,0.09644183893864108,0.059391811000091485,0.13754635341875018,0.09644183893864108,0.059391811000091485,0.13754635341875018
large_batch,"constant, B=2048",matched,1,256000,positive_pairs,2048,0.006919292763005918,0.006331826708643869,0.007500022525705203,0.006919292763005918,0.006331826708643869,0.007500022525705203,0.050114565833407954,0.03128605111552869,0.07175243289170377,0.050114565833407954,0.03128605111552869,0.07175243289170377
large_batch,"constant, B=2048",matched,1,384000,positive_pairs,2048,0.006263041905361081,0.005743082543974017,0.00677769060723283,0.006263041905361081,0.005743082543974017,0.00677769060723283,0.03213258619742016,0.02207838302960049,0.04567774821913564,0.03213258619742016,0.02207838302960049,0.04567774821913564
large_batch,"constant, B=2048",matched,1,563200,positive_pairs,2048,0.005807684528635245,0.005525422060884334,0.006335937368495999,0.005807684528635245,0.005525422060884334,0.006335937368495999,0.022939326625504537,0.017759202606210087,0.02991112922317236,0.022939326625504537,0.017759202606210087,0.02991112922317236
large_batch,"constant, B=2048",matched,1,742400,positive_pairs,2048,0.0058627607204311885,0.0054332891810466325,0.0064314885079345754,0.0058627607204311885,0.0054332891810466325,0.0064314885079345754,0.0195475057735722,0.01721411284470241,0.025822940263017857,0.0195475057735722,0.01721411284470241,0.025822940263017857
large_batch,"constant, B=2048",matched,1,921600,positive_pairs,2048,0.0062348448499447776,0.005810743665043315,0.006543048265589166,0.0062348448499447776,0.005810743665043315,0.006543048265589166,0.018543638784253094,0.016759171057438408,0.023409188731051248,0.018543638784253094,0.016759171057438408,0.023409188731051248
large_batch,"constant, B=2048",matched,4,25600,positive_pairs,2048,0.1357042570833109,0.10786862021240322,0.18241706813341724,0.1357042570833109,0.10786862021240322,0.18241706813341724,0.5109645282147228,0.37262477818556106,0.7104356185433124,0.5109645282147228,0.37262477818556106,0.7104356185433124
large_batch,"constant, B=2048",matched,4,51200,positive_pairs,2048,0.05299791882663898,0.041816495457794305,0.0758248189150233,0.05299791882663898,0.041816495457794305,0.0758248189150233,0.30985117067644297,0.2163905723319017,0.4425374769254598,0.30985117067644297,0.2163905723319017,0.4425374769254598
large_batch,"constant, B=2048",matched,4,92160,positive_pairs,2048,0.01523901582032955,0.012418175348670416,0.02064898077546347,0.01523901582032955,0.012418175348670416,0.02064898077546347,0.16303487995189425,0.1034246223840576,0.24186786241306596,0.16303487995189425,0.1034246223840576,0.24186786241306596
large_batch,"constant, B=2048",matched,4,153600,positive_pairs,2048,0.006760450367395776,0.00560455208122096,0.007776615300723995,0.006760450367395776,0.00560455208122096,0.007776615300723995,0.0884298450086011,0.053828795356401955,0.13164944175795595,0.0884298450086011,0.053828795356401955,0.13164944175795595
large_batch,"constant, B=2048",matched,4,256000,positive_pairs,2048,0.00495219112238222,0.0044789901005452635,0.005373708764585093,0.00495219112238222,0.0044789901005452635,0.005373708764585093,0.04628455663341611,0.02802634116333184,0.07284589980526805,0.04628455663341611,0.02802634116333184,0.07284589980526805
large_batch,"constant, B=2048",matched,4,384000,positive_pairs,2048,0.004316176265521545,0.004023681863330574,0.004836847373075778,0.004316176265521545,0.004023681863330574,0.004836847373075778,0.029183157363382464,0.017745453643370393,0.04294615852785358,0.029183157363382464,0.017745453643370393,0.04294615852785358
large_batch,"constant, B=2048",matched,4,563200,positive_pairs,2048,0.004360990719931365,0.0041204784386686365,0.004559803036342319,0.004360990719931365,0.0041204784386686365,0.004559803036342319,0.021002105554454573,0.01557823426495534,0.028310706136116748,0.021002105554454573,0.01557823426495534,0.028310706136116748
large_batch,"constant, B=2048",matched,4,742400,positive_pairs,2048,0.00429386714984783,0.003993164619485734,0.00480000988742436,0.00429386714984783,0.003993164619485734,0.00480000988742436,0.01951110053638133,0.013311504930408748,0.022770588380607144,0.01951110053638133,0.013311504930408748,0.022770588380607144
large_batch,"constant, B=2048",matched,4,921600,positive_pairs,2048,0.004281361990141881,0.003998015909048556,0.004631474936000099,0.004281361990141881,0.003998015909048556,0.004631474936000099,0.014907191068690234,0.012815826483740396,0.02002431828624927,0.014907191068690234,0.012815826483740396,0.02002431828624927
large_batch,"constant, B=2048",matched,32,25600,positive_pairs,2048,0.13014330813133992,0.10307491637054439,0.17571784742459495,0.13014330813133992,0.10307491637054439,0.17571784742459495,0.5026600787784872,0.36081433557159115,0.7092348636971049,0.5026600787784872,0.36081433557159115,0.7092348636971049
large_batch,"constant, B=2048",matched,32,51200,positive_pairs,2048,0.048675009873315626,0.037962289787013624,0.06877656663071684,0.048675009873315626,0.037962289787013624,0.06877656663071684,0.3052815665520847,0.2115175085796031,0.44429083921978185,0.3052815665520847,0.2115175085796031,0.44429083921978185
large_batch,"constant, B=2048",matched,32,92160,positive_pairs,2048,0.013279026785176264,0.010521264424921866,0.01739153005230554,0.013279026785176264,0.010521264424921866,0.01739153005230554,0.16407326697927405,0.10543253400961168,0.24886061221001934,0.16407326697927405,0.10543253400961168,0.24886061221001934
large_batch,"constant, B=2048",matched,32,153600,positive_pairs,2048,0.0059836351067440886,0.004930716288369939,0.007266395754806915,0.0059836351067440886,0.004930716288369939,0.007266395754806915,0.08851364349724097,0.05356807117712743,0.1401796606062545,0.08851364349724097,0.05356807117712743,0.1401796606062545
large_batch,"constant, B=2048",matched,32,256000,positive_pairs,2048,0.00439954226478241,0.004170805929796446,0.004582290135688586,0.00439954226478241,0.004170805929796446,0.004582290135688586,0.049708898279994265,0.02876840959829908,0.07586817988513199,0.049708898279994265,0.02876840959829908,0.07586817988513199
large_batch,"constant, B=2048",matched,32,384000,positive_pairs,2048,0.003805766818978899,0.003615483566819852,0.004219230749184147,0.003805766818978899,0.003615483566819852,0.004219230749184147,0.029714535632854495,0.018725615147217586,0.047298816944896224,0.029714535632854495,0.018725615147217586,0.047298816944896224
large_batch,"constant, B=2048",matched,32,563200,positive_pairs,2048,0.0038502169481157817,0.0037609310750524602,0.004043010331899549,0.0038502169481157817,0.0037609310750524602,0.004043010331899549,0.020648293422431206,0.01395185384700883,0.03155232933298179,0.020648293422431206,0.01395185384700883,0.03155232933298179
large_batch,"constant, B=2048",matched,32,742400,positive_pairs,2048,0.003835124735190449,0.003661997789961423,0.004033363499873139,0.003835124735190449,0.003661997789961423,0.004033363499873139,0.016341246701550648,0.012882225637385536,0.024104372414047063,0.016341246701550648,0.012882225637385536,0.024104372414047063
large_batch,"constant, B=2048",matched,32,921600,positive_pairs,2048,0.003671600695868461,0.003399013627090581,0.004245343827789038,0.003671600695868461,0.003399013627090581,0.004245343827789038,0.014124770775220685,0.01298665656996162,0.020424659961958042,0.014124770775220685,0.01298665656996162,0.020424659961958042
large_batch,"constant, B=2048",unmatched,1,25600,positive_pairs,2048,0.13679387786549985,0.1284982653497088,0.17377736910936753,0.13679387786549985,0.1284982653497088,0.17377736910936753,0.4848378240133343,0.42611004967614613,0.729367304774079,0.4848378240133343,0.42611004967614613,0.729367304774079
large_batch,"constant, B=2048",unmatched,1,51200,positive_pairs,2048,0.060596817057322026,0.05522640839910187,0.07507799153157982,0.060596817057322026,0.05522640839910187,0.07507799153157982,0.2899820863891819,0.24727268810411074,0.46973930463415525,0.2899820863891819,0.24727268810411074,0.46973930463415525
large_batch,"constant, B=2048",unmatched,1,92160,positive_pairs,2048,0.020909827468102854,0.017928909714921462,0.02373848652690906,0.020909827468102854,0.017928909714921462,0.02373848652690906,0.1522523399273495,0.11899165493544747,0.27127595735231214,0.1522523399273495,0.11899165493544747,0.27127595735231214
large_batch,"constant, B=2048",unmatched,1,153600,positive_pairs,2048,0.009445002338374472,0.00804929155670623,0.010385303419058453,0.009445002338374472,0.00804929155670623,0.010385303419058453,0.07906765804572105,0.05825443937801969,0.1550300329794046,0.07906765804572105,0.05825443937801969,0.1550300329794046
large_batch,"constant, B=2048",unmatched,1,256000,positive_pairs,2048,0.00649959107113392,0.00607427341545951,0.006898342352677639,0.00649959107113392,0.00607427341545951,0.006898342352677639,0.04310767574708241,0.029616125951351855,0.08883683473067491,0.04310767574708241,0.029616125951351855,0.08883683473067491
large_batch,"constant, B=2048",unmatched,1,384000,positive_pairs,2048,0.006123433950294832,0.005366318171852069,0.006738948651086673,0.006123433950294832,0.005366318171852069,0.006738948651086673,0.029223686816420295,0.021989365418796328,0.057736808870287704,0.029223686816420295,0.021989365418796328,0.057736808870287704
large_batch,"constant, B=2048",unmatched,1,563200,positive_pairs,2048,0.0060630010558104415,0.005485825354691053,0.006982084202468177,0.0060630010558104415,0.005485825354691053,0.006982084202468177,0.022832579192185162,0.01656789257109593,0.04012901826391445,0.022832579192185162,0.01656789257109593,0.04012901826391445
large_batch,"constant, B=2048",unmatched,1,742400,positive_pairs,2048,0.006328762371657711,0.005655079768967467,0.006949907941320519,0.006328762371657711,0.005655079768967467,0.006949907941320519,0.021120134155865174,0.014865749883896965,0.028888938695552674,0.021120134155865174,0.014865749883896965,0.028888938695552674
large_batch,"constant, B=2048",unmatched,1,921600,positive_pairs,2048,0.005808800272808964,0.005493474527889088,0.006448613139819282,0.005808800272808964,0.005493474527889088,0.006448613139819282,0.01900371707485459,0.015007575308278615,0.025825430515936568,0.01900371707485459,0.015007575308278615,0.025825430515936568
large_batch,"constant, B=2048",unmatched,4,25600,positive_pairs,2048,0.12662064987040317,0.11776425384219734,0.1590352009187004,0.12662064987040317,0.11776425384219734,0.1590352009187004,0.4658279183306713,0.4042610392500905,0.7070999023254401,0.4658279183306713,0.4042610392500905,0.7070999023254401
large_batch,"constant, B=2048",unmatched,4,51200,positive_pairs,2048,0.050477151455631836,0.04552263190777857,0.061799864503590256,0.050477151455631836,0.04552263190777857,0.061799864503590256,0.2722754052761167,0.2273420833176289,0.45277458282507205,0.2722754052761167,0.2273420833176289,0.45277458282507205
large_batch,"constant, B=2048",unmatched,4,92160,positive_pairs,2048,0.014691614258588772,0.012816072238160546,0.017158112088604464,0.014691614258588772,0.012816072238160546,0.017158112088604464,0.14192034946808413,0.113366069529272,0.25878661467208697,0.14192034946808413,0.113366069529272,0.25878661467208697
large_batch,"constant, B=2048",unmatched,4,153600,positive_pairs,2048,0.006336656688348577,0.005903041481089692,0.007394738995888938,0.006336656688348577,0.005903041481089692,0.007394738995888938,0.07490771616483999,0.05500802504638757,0.14926289721683347,0.07490771616483999,0.05500802504638757,0.14926289721683347
large_batch,"constant, B=2048",unmatched,4,256000,positive_pairs,2048,0.004851236137233101,0.004070713002108685,0.0052738905340343496,0.004851236137233101,0.004070713002108685,0.0052738905340343496,0.040214638328835886,0.028973686410208047,0.0845045783150038,0.040214638328835886,0.028973686410208047,0.0845045783150038
large_batch,"constant, B=2048",unmatched,4,384000,positive_pairs,2048,0.0045488562194313745,0.004229158288127343,0.004644146359445971,0.0045488562194313745,0.004229158288127343,0.004644146359445971,0.027282360078784325,0.018030039179204854,0.052901069780523995,0.027282360078784325,0.018030039179204854,0.052901069780523995
large_batch,"constant, B=2048",unmatched,4,563200,positive_pairs,2048,0.004577798264227873,0.004046824682316403,0.004737014822779135,0.004577798264227873,0.004046824682316403,0.004737014822779135,0.02015995041933684,0.01390874921528004,0.03692659171860251,0.02015995041933684,0.01390874921528004,0.03692659171860251
large_batch,"constant, B=2048",unmatched,4,742400,positive_pairs,2048,0.004474080167136416,0.004136304842271995,0.004673578796894982,0.004474080167136416,0.004136304842271995,0.004673578796894982,0.01730452401610897,0.013070728697654127,0.029891889943252238,0.01730452401610897,0.013070728697654127,0.029891889943252238
large_batch,"constant, B=2048",unmatched,4,921600,positive_pairs,2048,0.004357526152728327,0.004079178627889881,0.004584914698775343,0.004357526152728327,0.004079178627889881,0.004584914698775343,0.01522017713960674,0.013140359860774203,0.02418162752904715,0.01522017713960674,0.013140359860774203,0.02418162752904715
large_batch,"constant, B=2048",unmatched,32,25600,positive_pairs,2048,0.12123736043217917,0.11203452688037178,0.1555758448369466,0.12123736043217917,0.11203452688037178,0.1555758448369466,0.45666881868096987,0.394399083729186,0.6997649483212834,0.45666881868096987,0.394399083729186,0.6997649483212834
large_batch,"constant, B=2048",unmatched,32,51200,positive_pairs,2048,0.04657256403799632,0.04072687572230321,0.057683453069807086,0.04657256403799632,0.04072687572230321,0.057683453069807086,0.2656342990862328,0.2217031473930416,0.44718729510775906,0.2656342990862328,0.2217031473930416,0.44718729510775906
large_batch,"constant, B=2048",unmatched,32,92160,positive_pairs,2048,0.01228388476017954,0.01093380002315155,0.015124675944745421,0.01228388476017954,0.01093380002315155,0.015124675944745421,0.14189300677187314,0.11189362980938962,0.2654985994596944,0.14189300677187314,0.11189362980938962,0.2654985994596944
large_batch,"constant, B=2048",unmatched,32,153600,positive_pairs,2048,0.005672398747462499,0.005114642502098162,0.006806804517839942,0.005672398747462499,0.005114642502098162,0.006806804517839942,0.07620770151636921,0.05636915608838962,0.15307210175263616,0.07620770151636921,0.05636915608838962,0.15307210175263616
large_batch,"constant, B=2048",unmatched,32,256000,positive_pairs,2048,0.004289998670722751,0.003924644533368977,0.004821471179071473,0.004289998670722751,0.003924644533368977,0.004821471179071473,0.04215377759256053,0.028480846536114875,0.0890595943439786,0.04215377759256053,0.028480846536114875,0.0890595943439786
large_batch,"constant, B=2048",unmatched,32,384000,positive_pairs,2048,0.003931494243937332,0.003624740538354436,0.00438209315959992,0.003931494243937332,0.003624740538354436,0.00438209315959992,0.02811762600278986,0.01728914133716693,0.056406933383434985,0.02811762600278986,0.01728914133716693,0.056406933383434985
large_batch,"constant, B=2048",unmatched,32,563200,positive_pairs,2048,0.003975256556382204,0.0034822209856609164,0.004353281394498661,0.003975256556382204,0.0034822209856609164,0.004353281394498661,0.01933354713753391,0.013702869907196238,0.037995009204324574,0.01933354713753391,0.013702869907196238,0.037995009204324574
large_batch,"constant, B=2048",unmatched,32,742400,positive_pairs,2048,0.004040075113002428,0.0036069818096952674,0.004272181701286575,0.004040075113002428,0.0036069818096952674,0.004272181701286575,0.01644402682708986,0.013376151157813715,0.02773633250533955,0.01644402682708986,0.013376151157813715,0.02773633250533955
large_batch,"constant, B=2048",unmatched,32,921600,positive_pairs,2048,0.0038379789457144466,0.003635547958897392,0.004123727349856427,0.0038379789457144466,0.003635547958897392,0.004123727349856427,0.013830273962007112,0.012123851176650631,0.024466656208168926,0.013830273962007112,0.012123851176650631,0.024466656208168926
all_three,decay + avg + B=2048,matched,1,25600,positive_pairs,2048,0.14720941943227256,0.1190678499148324,0.1956986284013741,0.14720941943227256,0.1190678499148324,0.1956986284013741,0.5344076618054303,0.3989227872361719,0.7372589518545275,0.5344076618054303,0.3989227872361719,0.7372589518545275
all_three,decay + avg + B=2048,matched,1,51200,positive_pairs,2048,0.06557021408259976,0.05204587835847621,0.09004103267939559,0.06557021408259976,0.05204587835847621,0.09004103267939559,0.3346568186955409,0.23853404296958863,0.4676321527897158,0.3346568186955409,0.23853404296958863,0.4676321527897158
all_three,decay + avg + B=2048,matched,1,92160,positive_pairs,2048,0.022314214469499064,0.01773186442644909,0.029551538201245696,0.022314214469499064,0.01773186442644909,0.029551538201245696,0.18124486683594915,0.11577679651730402,0.2565732180845997,0.18124486683594915,0.11577679651730402,0.2565732180845997
all_three,decay + avg + B=2048,matched,1,153600,positive_pairs,2048,0.009706662609038682,0.008489422156553296,0.012670877026391726,0.009706662609038682,0.008489422156553296,0.012670877026391726,0.09895003108534323,0.060709023526943025,0.14127232365758652,0.09895003108534323,0.060709023526943025,0.14127232365758652
all_three,decay + avg + B=2048,matched,1,256000,positive_pairs,2048,0.006258700679562209,0.005851248423050758,0.00700330711986054,0.006258700679562209,0.005851248423050758,0.00700330711986054,0.05310699072447178,0.0321844038360045,0.07630782417356018,0.05310699072447178,0.0321844038360045,0.07630782417356018
all_three,decay + avg + B=2048,matched,1,384000,positive_pairs,2048,0.004523586956249955,0.004210432323444275,0.004973695771139242,0.004523586956249955,0.004210432323444275,0.004973695771139242,0.03290820620659288,0.020037180756225268,0.04852722920555111,0.03290820620659288,0.020037180756225268,0.04852722920555111
all_three,decay + avg + B=2048,matched,1,563200,positive_pairs,2048,0.002674693491676759,0.002570672582067654,0.0030280673653970557,0.002770811532453797,0.002505660391395037,0.0029872980687222577,0.02168701327122624,0.012930247121471214,0.03349855057072011,0.020595326279169948,0.011862959707206454,0.03149109245229245
all_three,decay + avg + B=2048,matched,1,742400,positive_pairs,2048,0.0018053627311927368,0.0016273941052312257,0.00198381107880551,0.0017054753913122115,0.0015545755245341215,0.0019281377877428485,0.017669883698729714,0.009639654533014446,0.028528175191440533,0.015246938947983468,0.008745663439990234,0.025399506214708163
all_three,decay + avg + B=2048,matched,1,921600,positive_pairs,2048,0.0014808397783254335,0.001390008641924105,0.0016792271280497064,0.0013448841552537302,0.001246522173166744,0.001521735807314675,0.015964996834698035,0.008593279781161001,0.026512756657795292,0.014012737438341404,0.007718715341928613,0.024085971995012632
all_three,decay + avg + B=2048,matched,4,25600,positive_pairs,2048,0.13578310383461356,0.10793653451263754,0.1825191091301567,0.13578310383461356,0.10793653451263754,0.1825191091301567,0.5111445968143052,0.3727740827549953,0.7106764326358217,0.5111445968143052,0.3727740827549953,0.7106764326358217
all_three,decay + avg + B=2048,matched,4,51200,positive_pairs,2048,0.053242371384418605,0.04200729314844532,0.07616876434048024,0.053242371384418605,0.04200729314844532,0.07616876434048024,0.3105840199770744,0.2169004933400258,0.4435110257873494,0.3105840199770744,0.2169004933400258,0.4435110257873494
all_three,decay + avg + B=2048,matched,4,92160,positive_pairs,2048,0.01548720091668079,0.012594352442982239,0.020970774572330434,0.01548720091668079,0.012594352442982239,0.020970774572330434,0.164599024562412,0.10450967623373439,0.2441298493527608,0.164599024562412,0.10450967623373439,0.2441298493527608
all_three,decay + avg + B=2048,matched,4,153600,positive_pairs,2048,0.00680853692109747,0.005571306014437296,0.007902449957359843,0.00680853692109747,0.005571306014437296,0.007902449957359843,0.09070488027500181,0.05506489323848437,0.13521061236007512,0.09070488027500181,0.05506489323848437,0.13521061236007512
all_three,decay + avg + B=2048,matched,4,256000,positive_pairs,2048,0.004467605389248935,0.004023849418795047,0.0048932076266484355,0.004467605389248935,0.004023849418795047,0.0048932076266484355,0.04914539880754731,0.02884567961270094,0.0772557184235627,0.04914539880754731,0.02884567961270094,0.0772557184235627
all_three,decay + avg + B=2048,matched,4,384000,positive_pairs,2048,0.003167673640780389,0.002950390670070721,0.003567820208833465,0.003167673640780389,0.002950390670070721,0.003567820208833465,0.03029933499387172,0.017365080870710956,0.04726431257573213,0.03029933499387172,0.017365080870710956,0.04726431257573213
all_three,decay + avg + B=2048,matched,4,563200,positive_pairs,2048,0.0018420625038775727,0.0017212546089277712,0.002019091500877724,0.0020164265111756864,0.0018284561657079218,0.002132242341581234,0.02113014402426372,0.01161062589025197,0.03320189303220488,0.0200444961845461,0.011277399978177005,0.03102763981940833
all_three,decay + avg + B=2048,matched,4,742400,positive_pairs,2048,0.0011163025772027756,0.0010759748715839154,0.0012405206137314643,0.0011468874797454793,0.0010235155290168093,0.0012578498046951314,0.01758035525379764,0.009051020100144498,0.02830256079260034,0.0157841880995937,0.008012769409955668,0.025172944595795804
all_three,decay + avg + B=2048,matched,4,921600,positive_pairs,2048,0.0009174490446083481,0.0008634018139903063,0.0010382527302363405,0.000861116455124661,0.0007799891356469371,0.0009859885586320268,0.016199887018060383,0.008063122060557891,0.026353421180499288,0.014710813098819185,0.007093004006411712,0.02384759354687294
all_three,decay + avg + B=2048,matched,32,25600,positive_pairs,2048,0.13022660002806774,0.10314303122884176,0.1758210394839535,0.13022660002806774,0.10314303122884176,0.1758210394839535,0.5028432133177403,0.3609635072057089,0.7094756487224878,0.5028432133177403,0.3609635072057089,0.7094756487224878
all_three,decay + avg + B=2048,matched,32,51200,positive_pairs,2048,0.04891277038393842,0.03814658801645038,0.06911394436137315,0.04891277038393842,0.03814658801645038,0.06911394436137315,0.3059961141452031,0.2120006312858104,0.4452484511718726,0.3059961141452031,0.2120006312858104,0.4452484511718726
all_three,decay + avg + B=2048,matched,32,92160,positive_pairs,2048,0.013488772508785635,0.010649646657075865,0.017711422758827294,0.013488772508785635,0.010649646657075865,0.017711422758827294,0.1656146657087732,0.10652858410434117,0.25105961092077156,0.1656146657087732,0.10652858410434117,0.25105961092077156
all_three,decay + avg + B=2048,matched,32,153600,positive_pairs,2048,0.006015684302433797,0.004899238751962283,0.0073479279545130135,0.006015684302433797,0.004899238751962283,0.0073479279545130135,0.0908384811357259,0.05490450436296324,0.14387559765678032,0.0908384811357259,0.05490450436296324,0.14387559765678032
all_three,decay + avg + B=2048,matched,32,256000,positive_pairs,2048,0.00400664731039258,0.0036745186505270176,0.004326118014470525,0.00400664731039258,0.0036745186505270176,0.004326118014470525,0.05235200118907253,0.029644905200618445,0.08066086456364008,0.05235200118907253,0.029644905200618445,0.08066086456364008
all_three,decay + avg + B=2048,matched,32,384000,positive_pairs,2048,0.0028892840832135374,0.0026773715328790304,0.0033093087165636157,0.0028892840832135374,0.0026773715328790304,0.0033093087165636157,0.031483051936297794,0.01890127039724107,0.052405056543997436,0.031483051936297794,0.01890127039724107,0.052405056543997436
all_three,decay + avg + B=2048,matched,32,563200,positive_pairs,2048,0.00165891572721397,0.001526922113773661,0.0017801917260673171,0.001789070828632456,0.0017046252899009116,0.0019326412969203428,0.022389095499773068,0.012904072446527304,0.03897872594775628,0.02147552225985904,0.012150536417464247,0.036893653772107536
all_three,decay + avg + B=2048,matched,32,742400,positive_pairs,2048,0.0009999138866660811,0.0009518641683487437,0.001167751801758429,0.001019541099889186,0.0008972806644745333,0.001147401984570471,0.019078638215014473,0.010128019298400572,0.03407097207080694,0.01695137728742099,0.0088338546033291,0.03031717789938563
all_three,decay + avg + B=2048,matched,32,921600,positive_pairs,2048,0.0008171454062717119,0.000760308185697104,0.0009848349885415127,0.0007392048407797887,0.000692444756022488,0.0008963352653426839,0.017647823526250238,0.009063755096456872,0.031868196754441906,0.015860165364941857,0.008009052104545857,0.028755668393027258
all_three,decay + avg + B=2048,unmatched,1,25600,positive_pairs,2048,0.13686922113461103,0.1285701852691165,0.1738700277215655,0.13686922113461103,0.1285701852691165,0.1738700277215655,0.48501638242778,0.426271727028055,0.7295943023831198,0.48501638242778,0.426271727028055,0.7295943023831198
all_three,decay + avg + B=2048,unmatched,1,51200,positive_pairs,2048,0.06083709128188145,0.05545738506164713,0.07539874680054603,0.06083709128188145,0.05545738506164713,0.07539874680054603,0.29066742369167325,0.2479150722183446,0.4707079274700036,0.29066742369167325,0.2479150722183446,0.4707079274700036
all_three,decay + avg + B=2048,unmatched,1,92160,positive_pairs,2048,0.021210523612891052,0.018188108997467325,0.024129437155386013,0.021210523612891052,0.018188108997467325,0.024129437155386013,0.15372635930419007,0.12029287516203638,0.2735784925048065,0.15372635930419007,0.12029287516203638,0.2735784925048065
all_three,decay + avg + B=2048,unmatched,1,153600,positive_pairs,2048,0.009464703393436278,0.00811344340509817,0.010489304675026533,0.009464703393436278,0.00811344340509817,0.010489304675026533,0.08110584680584207,0.05979700243369242,0.15882690787854545,0.08110584680584207,0.05979700243369242,0.15882690787854545
all_three,decay + avg + B=2048,unmatched,1,256000,positive_pairs,2048,0.00596278394947292,0.005580146606286585,0.006395605581897057,0.00596278394947292,0.005580146606286585,0.006395605581897057,0.04424999229934064,0.030461679816619843,0.0936303001280605,0.04424999229934064,0.030461679816619843,0.0936303001280605
all_three,decay + avg + B=2048,unmatched,1,384000,positive_pairs,2048,0.004572316394705414,0.003905495475873534,0.004927761987480429,0.004572316394705414,0.003905495475873534,0.004927761987480429,0.029028881872380258,0.019775291262100075,0.061679519388837215,0.029028881872380258,0.019775291262100075,0.061679519388837215
all_three,decay + avg + B=2048,unmatched,1,563200,positive_pairs,2048,0.0026437387398069727,0.0024291122204010145,0.0030032634928533137,0.002876275176256159,0.002640072875997043,0.003328060290647841,0.020193609322436294,0.011967441983788487,0.044887657756379755,0.019720558617373055,0.011293598490961827,0.04266515940816591
all_three,decay + avg + B=2048,unmatched,1,742400,positive_pairs,2048,0.0017999461216579781,0.0016467853889014137,0.0020768879782866,0.0017368828008324099,0.0015273730605592317,0.0019006251594175783,0.01675999600070357,0.008648794699455778,0.038951192076135274,0.014868893860737451,0.0074230823471791735,0.03459589508819388
all_three,decay + avg + B=2048,unmatched,1,921600,positive_pairs,2048,0.0014990096861136368,0.001368458469700487,0.0017386980477622062,0.0013415678644301278,0.0012392000702621264,0.001518093736435303,0.015318940038945078,0.007519925923971331,0.03638614909561853,0.013629837520908347,0.006525758255053112,0.032883216946906775
all_three,decay + avg + B=2048,unmatched,4,25600,positive_pairs,2048,0.12669754282932555,0.11783878213037054,0.15913329965733322,0.12669754282932555,0.11783878213037054,0.15913329965733322,0.4660087985166835,0.40442673887403896,0.7073305838900784,0.4660087985166835,0.40442673887403896,0.7073305838900784
all_three,decay + avg + B=2048,unmatched,4,51200,positive_pairs,2048,0.0507040855060484,0.04573236240440387,0.06209755532707461,0.0507040855060484,0.04573236240440387,0.06209755532707461,0.2729368792438136,0.2279335906269847,0.4536954481822647,0.2729368792438136,0.2279335906269847,0.4536954481822647
all_three,decay + avg + B=2048,unmatched,4,92160,positive_pairs,2048,0.014906650148091852,0.013000728829793787,0.017427898354988865,0.014906650148091852,0.013000728829793787,0.017427898354988865,0.14325097695396305,0.11447035817441131,0.2609603825538159,0.14325097695396305,0.11447035817441131,0.2609603825538159
all_three,decay + avg + B=2048,unmatched,4,153600,positive_pairs,2048,0.006319665090644791,0.0059141715972395896,0.00742474925574706,0.006319665090644791,0.0059141715972395896,0.00742474925574706,0.07684645723886913,0.056645722085351013,0.152798149230497,0.07684645723886913,0.056645722085351013,0.152798149230497
all_three,decay + avg + B=2048,unmatched,4,256000,positive_pairs,2048,0.00446206103798544,0.0037342821034405042,0.004817791468998871,0.00446206103798544,0.0037342821034405042,0.004817791468998871,0.042080784944058945,0.029914851477275826,0.08953492315050196,0.042080784944058945,0.029914851477275826,0.08953492315050196
all_three,decay + avg + B=2048,unmatched,4,384000,positive_pairs,2048,0.003238733512449838,0.0030041258356965804,0.003457189289950391,0.003238733512449838,0.0030041258356965804,0.003457189289950391,0.027397633197696718,0.01707700186187859,0.05888607471630443,0.027397633197696718,0.01707700186187859,0.05888607471630443
all_three,decay + avg + B=2048,unmatched,4,563200,positive_pairs,2048,0.0018701931709707738,0.0017234306162208603,0.002134474832991117,0.0019576213855150527,0.0018067437604129977,0.00225980005925506,0.02009249907635929,0.010511280509999485,0.043805502408126855,0.019305095876776736,0.010071560912338596,0.04139207897275024
all_three,decay + avg + B=2048,unmatched,4,742400,positive_pairs,2048,0.0011442842110115726,0.00104156645883922,0.0012697070712177111,0.0011026592727228527,0.0010509130202845148,0.0012596158772467364,0.0165579066305429,0.007941380403571337,0.03827447616390899,0.014672744796822939,0.007039853204792151,0.034600449679297776
all_three,decay + avg + B=2048,unmatched,4,921600,positive_pairs,2048,0.0009374553329863663,0.0008379958935490488,0.0009999992202288906,0.0008647063564100667,0.0007790234116013362,0.0009167725656144694,0.015155991490926637,0.007001351475431868,0.0361420200010441,0.013630574289665132,0.006173802875860581,0.03328934079412983
all_three,decay + avg + B=2048,unmatched,32,25600,positive_pairs,2048,0.1213146015226834,0.11210974551860221,0.15567409627261325,0.1213146015226834,0.11210974551860221,0.15567409627261325,0.45685084834130757,0.3945675831578256,0.6999975369593293,0.45685084834130757,0.3945675831578256,0.6999975369593293
all_three,decay + avg + B=2048,unmatched,32,51200,positive_pairs,2048,0.046789464678413044,0.040927718228636806,0.05797645328633841,0.046789464678413044,0.040927718228636806,0.05797645328633841,0.26627354102970013,0.2222728045059781,0.4480846789378,0.26627354102970013,0.2222728045059781,0.4480846789378
all_three,decay + avg + B=2048,unmatched,32,92160,positive_pairs,2048,0.012478461425930345,0.011087614571474162,0.015377538132955199,0.012478461425930345,0.011087614571474162,0.015377538132955199,0.14317059229329693,0.11306761444759106,0.2675752588648603,0.14317059229329693,0.11306761444759106,0.2675752588648603
all_three,decay + avg + B=2048,unmatched,32,153600,positive_pairs,2048,0.005645109417723287,0.005112007298386333,0.006862496953694404,0.005645109417723287,0.005112007298386333,0.006862496953694404,0.07813914485581613,0.05789417935982542,0.1568907406247597,0.07813914485581613,0.05789417935982542,0.1568907406247597
all_three,decay + avg + B=2048,unmatched,32,256000,positive_pairs,2048,0.003942153831069199,0.003554543920238882,0.004506352368483649,0.003942153831069199,0.003554543920238882,0.004506352368483649,0.04409608867227315,0.029547626053022243,0.09405761694208847,0.04409608867227315,0.029547626053022243,0.09405761694208847
all_three,decay + avg + B=2048,unmatched,32,384000,positive_pairs,2048,0.0028560405005454313,0.0026475486558923574,0.003148159518362347,0.0028560405005454313,0.0026475486558923574,0.003148159518362347,0.028251715707229154,0.01671769319455655,0.06262242801553683,0.028251715707229154,0.01671769319455655,0.06262242801553683
all_three,decay + avg + B=2048,unmatched,32,563200,positive_pairs,2048,0.001653418518752356,0.0015454009098324973,0.001876263600147536,0.0019054684497309192,0.0016540255028423426,0.00201811524489266,0.020234929769999646,0.010939305528683893,0.04664316112855185,0.01935102383752645,0.010718027050651006,0.04423408453956053
all_three,decay + avg + B=2048,unmatched,32,742400,positive_pairs,2048,0.0010030300092450568,0.0009276032130975839,0.0011557657271836846,0.0010064533223428584,0.0009643377193608949,0.001147516075735986,0.01700844795706724,0.008374297944068429,0.041060833606890244,0.015202132242858704,0.007423842083122809,0.036621224691518246
all_three,decay + avg + B=2048,unmatched,32,921600,positive_pairs,2048,0.000810461419342893,0.0007542454136538757,0.0009275207445496318,0.0007643193578018632,0.0006960614624045251,0.0008393024651455118,0.01570039129519947,0.00737650366320441,0.03863660688907355,0.01397526814720166,0.006515434208443436,0.03519276517648955
