variant,label,mode,K,requested_checkpoint,checkpoint_unit,effective_batch_size,channel_row_kl_median,channel_row_kl_q10,channel_row_kl_q90,channel_row_kl_last_median,channel_row_kl_last_q10,channel_row_kl_last_q90,critic_mse_mod_gauge_median,critic_mse_mod_gauge_q10,critic_mse_mod_gauge_q90,critic_mse_mod_gauge_last_median,critic_mse_mod_gauge_last_q10,critic_mse_mod_gauge_last_q90
baseline,"constant, B=512",matched,1,50,steps,512,0.043982014936544016,0.0371154466761196,0.05166659125441947,0.043982014936544016,0.0371154466761196,0.05166659125441947,0.2619014459522747,0.175824239497621,0.32397956521974985,0.2619014459522747,0.175824239497621,0.32397956521974985
baseline,"constant, B=512",matched,1,100,steps,512,0.018274900038013395,0.016877715173002277,0.020641906954904157,0.018274900038013395,0.016877715173002277,0.020641906954904157,0.13248409279666998,0.08103921177167062,0.16077572716992156,0.13248409279666998,0.08103921177167062,0.16077572716992156
baseline,"constant, B=512",matched,1,180,steps,512,0.013194048481718861,0.012534103789703804,0.013897375545045536,0.013194048481718861,0.012534103789703804,0.013897375545045536,0.0729969595665217,0.04864004880896877,0.08653878366783745,0.0729969595665217,0.04864004880896877,0.08653878366783745
baseline,"constant, B=512",matched,1,300,steps,512,0.012172601528342316,0.011082841632555901,0.013878865072784513,0.012172601528342316,0.011082841632555901,0.013878865072784513,0.046757530180366186,0.03723568484867851,0.05926627484111931,0.046757530180366186,0.03723568484867851,0.05926627484111931
baseline,"constant, B=512",matched,1,500,steps,512,0.012162434573723391,0.011376655335304476,0.013066496837650475,0.012162434573723391,0.011376655335304476,0.013066496837650475,0.03811104286345553,0.03493265394124839,0.0461125481590557,0.03811104286345553,0.03493265394124839,0.0461125481590557
baseline,"constant, B=512",matched,1,750,steps,512,0.012885319227742827,0.011428372002135175,0.0132564947986518,0.012885319227742827,0.011428372002135175,0.0132564947986518,0.03767748867085188,0.036595118350302894,0.04395591893349098,0.03767748867085188,0.036595118350302894,0.04395591893349098
baseline,"constant, B=512",matched,1,1100,steps,512,0.01245524681248281,0.010985487879822802,0.01368268480716245,0.01245524681248281,0.010985487879822802,0.01368268480716245,0.03699680816987551,0.03458779988310517,0.04148733148468948,0.03699680816987551,0.03458779988310517,0.04148733148468948
baseline,"constant, B=512",matched,1,1450,steps,512,0.012852316407581336,0.011946634979348334,0.014554114694832877,0.012852316407581336,0.011946634979348334,0.014554114694832877,0.03882607089139253,0.03464990343742612,0.04217919582419348,0.03882607089139253,0.03464990343742612,0.04217919582419348
baseline,"constant, B=512",matched,1,1800,steps,512,0.01277098998676426,0.011973786389110855,0.01398564588270306,0.01277098998676426,0.011973786389110855,0.01398564588270306,0.03805120065764749,0.03520495225816647,0.04135662931497116,0.03805120065764749,0.03520495225816647,0.04135662931497116
baseline,"constant, B=512",matched,4,50,steps,512,0.026950507727922318,0.024166817751751262,0.03502800252011027,0.026950507727922318,0.024166817751751262,0.03502800252011027,0.1967192540396526,0.13436044575106454,0.2680179804594954,0.1967192540396526,0.13436044575106454,0.2680179804594954
baseline,"constant, B=512",matched,4,100,steps,512,0.011677484613732341,0.010679592942243799,0.012327022411840588,0.011677484613732341,0.010679592942243799,0.012327022411840588,0.09650590364492631,0.06302474931804296,0.12672131880905232,0.09650590364492631,0.06302474931804296,0.12672131880905232
baseline,"constant, B=512",matched,4,180,steps,512,0.008995656457701087,0.008469111599382483,0.01005346462747008,0.008995656457701087,0.008469111599382483,0.01005346462747008,0.05233248644874304,0.03537246727099231,0.06913582784531896,0.05233248644874304,0.03537246727099231,0.06913582784531896
baseline,"constant, B=512",matched,4,300,steps,512,0.009026368845203168,0.008212354734228326,0.009536577734921057,0.009026368845203168,0.008212354734228326,0.009536577734921057,0.037058158632815384,0.028622554002814576,0.04356089705698716,0.037058158632815384,0.028622554002814576,0.04356089705698716
baseline,"constant, B=512",matched,4,500,steps,512,0.009401418447078199,0.008018277537754848,0.009732514925747927,0.009401418447078199,0.008018277537754848,0.009732514925747927,0.03141623287312468,0.029314781875861354,0.03637086162583053,0.03141623287312468,0.029314781875861354,0.03637086162583053
baseline,"constant, B=512",matched,4,750,steps,512,0.008849573414441328,0.007926378244979554,0.009700346364021064,0.008849573414441328,0.007926378244979554,0.009700346364021064,0.027732203067688532,0.02583408370455633,0.03228198971061809,0.027732203067688532,0.02583408370455633,0.03228198971061809
baseline,"constant, B=512",matched,4,1100,steps,512,0.009135599189043251,0.008616895681479284,0.010005671853185918,0.009135599189043251,0.008616895681479284,0.010005671853185918,0.029591767251363053,0.026894753586098878,0.031597020149653196,0.029591767251363053,0.026894753586098878,0.031597020149653196
baseline,"constant, B=512",matched,4,1450,steps,512,0.009182518819237935,0.008304995165003609,0.010018148629017438,0.009182518819237935,0.008304995165003609,0.010018148629017438,0.02959164842819617,0.025743364141125567,0.0317997415006506,0.02959164842819617,0.025743364141125567,0.0317997415006506
baseline,"constant, B=512",matched,4,1800,steps,512,0.00911995461434353,0.008604290430752217,0.009979919195335172,0.00911995461434353,0.008604290430752217,0.009979919195335172,0.028430194797697,0.026554696062125287,0.034311572858133986,0.028430194797697,0.026554696062125287,0.034311572858133986
baseline,"constant, B=512",matched,32,50,steps,512,0.02095608531342195,0.018143665856947214,0.025291216676760115,0.02095608531342195,0.018143665856947214,0.025291216676760115,0.17846587143177167,0.11845476195695949,0.25384091791170715,0.17846587143177167,0.11845476195695949,0.25384091791170715
baseline,"constant, B=512",matched,32,100,steps,512,0.00986612454394516,0.009303637492751276,0.010744221775712267,0.00986612454394516,0.009303637492751276,0.010744221775712267,0.08710414016205802,0.057190952556051666,0.12617569140378657,0.08710414016205802,0.057190952556051666,0.12617569140378657
baseline,"constant, B=512",matched,32,180,steps,512,0.008216668329381047,0.00742136398075235,0.009312662714296491,0.008216668329381047,0.00742136398075235,0.009312662714296491,0.04839821995736461,0.03402945855153509,0.06769859393146054,0.04839821995736461,0.03402945855153509,0.06769859393146054
baseline,"constant, B=512",matched,32,300,steps,512,0.007938137825036908,0.007623403970729283,0.008434833853771884,0.007938137825036908,0.007623403970729283,0.008434833853771884,0.03465920678391279,0.028446583747539982,0.04336843809863485,0.03465920678391279,0.028446583747539982,0.04336843809863485
baseline,"constant, B=512",matched,32,500,steps,512,0.008171483220669105,0.007326556565609176,0.008771013498930065,0.008171483220669105,0.007326556565609176,0.008771013498930065,0.029552313801894412,0.02668171166086116,0.03207460062810927,0.029552313801894412,0.02668171166086116,0.03207460062810927
baseline,"constant, B=512",matched,32,750,steps,512,0.007965100033819884,0.007067271314919148,0.008314985491539395,0.007965100033819884,0.007067271314919148,0.008314985491539395,0.027684695821800553,0.023339195614850154,0.029674070789807692,0.027684695821800553,0.023339195614850154,0.029674070789807692
baseline,"constant, B=512",matched,32,1100,steps,512,0.007942244205852938,0.007055869177607204,0.0081211341962465,0.007942244205852938,0.007055869177607204,0.0081211341962465,0.025529508794369715,0.02292890550049504,0.030113979366831113,0.025529508794369715,0.02292890550049504,0.030113979366831113
baseline,"constant, B=512",matched,32,1450,steps,512,0.008060085535032936,0.007719572252561962,0.009171219964477118,0.008060085535032936,0.007719572252561962,0.009171219964477118,0.027543065552253512,0.024980915678642007,0.03091974257198455,0.027543065552253512,0.024980915678642007,0.03091974257198455
baseline,"constant, B=512",matched,32,1800,steps,512,0.007778615386756244,0.0068622936380673015,0.008486998191226766,0.007778615386756244,0.0068622936380673015,0.008486998191226766,0.02754767355431605,0.024247209192846154,0.030165947488165045,0.02754767355431605,0.024247209192846154,0.030165947488165045
baseline,"constant, B=512",unmatched,1,50,steps,512,0.03974435054902518,0.03600246260911436,0.04594053688654434,0.03974435054902518,0.03600246260911436,0.04594053688654434,0.2135198954767997,0.18168189985072483,0.35345094467597354,0.2135198954767997,0.18168189985072483,0.35345094467597354
baseline,"constant, B=512",unmatched,1,100,steps,512,0.017740026553901195,0.016231652157275223,0.01880746339159239,0.017740026553901195,0.016231652157275223,0.01880746339159239,0.10908391535172288,0.0835283236897846,0.1849529562378971,0.10908391535172288,0.0835283236897846,0.1849529562378971
baseline,"constant, B=512",unmatched,1,180,steps,512,0.013062855017571772,0.012160769258520436,0.013525492692859695,0.013062855017571772,0.012160769258520436,0.013525492692859695,0.06390285906537133,0.047127658587099906,0.1042233569306568,0.06390285906537133,0.047127658587099906,0.1042233569306568
baseline,"constant, B=512",unmatched,1,300,steps,512,0.012976075709469143,0.012511773945120572,0.014589427505632597,0.012976075709469143,0.012511773945120572,0.014589427505632597,0.04578463255203569,0.03833109883484652,0.06922462382220457,0.04578463255203569,0.03833109883484652,0.06922462382220457
baseline,"constant, B=512",unmatched,1,500,steps,512,0.01233553992687369,0.011653404301724965,0.013089863046003335,0.01233553992687369,0.011653404301724965,0.013089863046003335,0.03848410294047202,0.03420043186774478,0.05061123162420766,0.03848410294047202,0.03420043186774478,0.05061123162420766
baseline,"constant, B=512",unmatched,1,750,steps,512,0.012744488974187628,0.011904637058622169,0.014215718418988365,0.012744488974187628,0.011904637058622169,0.014215718418988365,0.03815358635713869,0.034128490362241366,0.04520810845098467,0.03815358635713869,0.034128490362241366,0.04520810845098467
baseline,"constant, B=512",unmatched,1,1100,steps,512,0.012540686518823044,0.011138112347210256,0.012963012894585698,0.012540686518823044,0.011138112347210256,0.012963012894585698,0.03625908671595515,0.03288315596409802,0.0429690418565221,0.03625908671595515,0.03288315596409802,0.0429690418565221
baseline,"constant, B=512",unmatched,1,1450,steps,512,0.012885417169474538,0.011586088849864952,0.014581759989338925,0.012885417169474538,0.011586088849864952,0.014581759989338925,0.03782765346439026,0.03331937017032243,0.04178740801212196,0.03782765346439026,0.03331937017032243,0.04178740801212196
baseline,"constant, B=512",unmatched,1,1800,steps,512,0.012958478523289067,0.011949913259434845,0.014573152751652852,0.012958478523289067,0.011949913259434845,0.014573152751652852,0.03979251534092949,0.03461406273494445,0.04256981964781804,0.03979251534092949,0.03461406273494445,0.04256981964781804
baseline,"constant, B=512",unmatched,4,50,steps,512,0.02526995671463681,0.02233178890924267,0.029068721931731503,0.02526995671463681,0.02233178890924267,0.029068721931731503,0.17123940545501332,0.13939555487340294,0.29507747023662023,0.17123940545501332,0.13939555487340294,0.29507747023662023
baseline,"constant, B=512",unmatched,4,100,steps,512,0.010992216715953105,0.010382637751761618,0.011721119616224544,0.010992216715953105,0.010382637751761618,0.011721119616224544,0.08281773324808428,0.06214999853614344,0.1511215194662181,0.08281773324808428,0.06214999853614344,0.1511215194662181
baseline,"constant, B=512",unmatched,4,180,steps,512,0.009513568565717914,0.008472421917577314,0.010190468086779791,0.009513568565717914,0.008472421917577314,0.010190468086779791,0.049639896007346904,0.03627340986858417,0.0851068234440115,0.049639896007346904,0.03627340986858417,0.0851068234440115
baseline,"constant, B=512",unmatched,4,300,steps,512,0.009600759704282796,0.008787875048864068,0.010449790835478782,0.009600759704282796,0.008787875048864068,0.010449790835478782,0.037419396332219516,0.029776021005174798,0.05945976292443321,0.037419396332219516,0.029776021005174798,0.05945976292443321
baseline,"constant, B=512",unmatched,4,500,steps,512,0.00899707810262482,0.007757037318936178,0.01013711465091896,0.00899707810262482,0.007757037318936178,0.01013711465091896,0.030367117205265394,0.02369493314223196,0.040227083693023157,0.030367117205265394,0.02369493314223196,0.040227083693023157
baseline,"constant, B=512",unmatched,4,750,steps,512,0.009475016780870687,0.008846873271339416,0.01039432515804271,0.009475016780870687,0.008846873271339416,0.01039432515804271,0.030872324656783894,0.02818744657364207,0.03492548325898618,0.030872324656783894,0.02818744657364207,0.03492548325898618
baseline,"constant, B=512",unmatched,4,1100,steps,512,0.009732915040066643,0.00898551250767991,0.010184178534009405,0.009732915040066643,0.00898551250767991,0.010184178534009405,0.028857793378665578,0.025584959830029005,0.033718546841168574,0.028857793378665578,0.025584959830029005,0.033718546841168574
baseline,"constant, B=512",unmatched,4,1450,steps,512,0.009577341561177538,0.008951144802700864,0.010255000986340945,0.009577341561177538,0.008951144802700864,0.010255000986340945,0.029863193446315214,0.02789127663773948,0.03367035910883759,0.029863193446315214,0.02789127663773948,0.03367035910883759
baseline,"constant, B=512",unmatched,4,1800,steps,512,0.009147806140750902,0.008699889486740666,0.009789341219176885,0.009147806140750902,0.008699889486740666,0.009789341219176885,0.02846650489199859,0.02672239494750692,0.03649117938507797,0.02846650489199859,0.02672239494750692,0.03649117938507797
baseline,"constant, B=512",unmatched,32,50,steps,512,0.0198952041776018,0.018268308525372867,0.023489602618883776,0.0198952041776018,0.018268308525372867,0.023489602618883776,0.15758485550688586,0.1287243003619372,0.26937747015348107,0.15758485550688586,0.1287243003619372,0.26937747015348107
baseline,"constant, B=512",unmatched,32,100,steps,512,0.01001931692490389,0.009230811191577513,0.011088757735526688,0.01001931692490389,0.009230811191577513,0.011088757735526688,0.07696036765951925,0.05661171749566999,0.14552537585119302,0.07696036765951925,0.05661171749566999,0.14552537585119302
baseline,"constant, B=512",unmatched,32,180,steps,512,0.007868095541846854,0.007301532010144435,0.008469582137041711,0.007868095541846854,0.007301532010144435,0.008469582137041711,0.04530914352459148,0.03576039577391909,0.07683482834232126,0.04530914352459148,0.03576039577391909,0.07683482834232126
baseline,"constant, B=512",unmatched,32,300,steps,512,0.007960170156202883,0.00742760386220606,0.00898967330842469,0.007960170156202883,0.00742760386220606,0.00898967330842469,0.03309956748848973,0.02899022174743048,0.05006483210126289,0.03309956748848973,0.02899022174743048,0.05006483210126289
baseline,"constant, B=512",unmatched,32,500,steps,512,0.008045072232856157,0.007201706797175838,0.008921902553084338,0.008045072232856157,0.007201706797175838,0.008921902553084338,0.027604871982329113,0.02554961503466356,0.03715561643412119,0.027604871982329113,0.02554961503466356,0.03715561643412119
baseline,"constant, B=512",unmatched,32,750,steps,512,0.008189473258165967,0.007226870478404633,0.009013283882574996,0.008189473258165967,0.007226870478404633,0.009013283882574996,0.02818081051574025,0.025563474024892417,0.031021910257804264,0.02818081051574025,0.025563474024892417,0.031021910257804264
baseline,"constant, B=512",unmatched,32,1100,steps,512,0.008041297518952339,0.007230247342060948,0.008460569394488035,0.008041297518952339,0.007230247342060948,0.008460569394488035,0.026478985552454433,0.023119400041245665,0.03000446306507966,0.026478985552454433,0.023119400041245665,0.03000446306507966
baseline,"constant, B=512",unmatched,32,1450,steps,512,0.008199128716800303,0.007496392899575807,0.008904447629957308,0.008199128716800303,0.007496392899575807,0.008904447629957308,0.027013087392412538,0.02604576055488211,0.030369864965898573,0.027013087392412538,0.02604576055488211,0.030369864965898573
baseline,"constant, B=512",unmatched,32,1800,steps,512,0.008172522010766754,0.007705913127752271,0.008983068498653853,0.008172522010766754,0.007705913127752271,0.008983068498653853,0.026013262451615095,0.024497877440530284,0.030920577045442297,0.026013262451615095,0.024497877440530284,0.030920577045442297
cosine,cosine decay,matched,1,50,steps,512,0.0440170560462213,0.03714265695417849,0.051721308347840125,0.0440170560462213,0.03714265695417849,0.051721308347840125,0.2620455270382712,0.175940351354273,0.32418118613880076,0.2620455270382712,0.175940351354273,0.32418118613880076
cosine,cosine decay,matched,1,100,steps,512,0.0182716427824114,0.016855332466686416,0.02063181823858328,0.0182716427824114,0.016855332466686416,0.02063181823858328,0.13272725116296477,0.08115586389427983,0.161101723979591,0.13272725116296477,0.08115586389427983,0.161101723979591
cosine,cosine decay,matched,1,180,steps,512,0.012986107700167216,0.01234683270479739,0.013735048391237854,0.012986107700167216,0.01234683270479739,0.013735048391237854,0.07303339430521827,0.04838480007926515,0.08659225457537204,0.07303339430521827,0.04838480007926515,0.08659225457537204
cosine,cosine decay,matched,1,300,steps,512,0.01154873315411638,0.010517388848337007,0.013161562666666625,0.01154873315411638,0.010517388848337007,0.013161562666666625,0.04587597443008792,0.035738525052381905,0.0581726211383259,0.04587597443008792,0.035738525052381905,0.0581726211383259
cosine,cosine decay,matched,1,500,steps,512,0.010279310588810564,0.009658637200184672,0.01122667722298928,0.010279310588810564,0.009658637200184672,0.01122667722298928,0.03361282915988795,0.030083175321241353,0.04203727765896064,0.03361282915988795,0.030083175321241353,0.04203727765896064
cosine,cosine decay,matched,1,750,steps,512,0.008467466076709784,0.00793152750081772,0.008836181444550692,0.008467466076709784,0.00793152750081772,0.008836181444550692,0.02732510034286193,0.024943007383024223,0.03204393625412266,0.02732510034286193,0.024943007383024223,0.03204393625412266
cosine,cosine decay,matched,1,1100,steps,512,0.004811458713788651,0.004414143305479395,0.005202748691114473,0.004811458713788651,0.004414143305479395,0.005202748691114473,0.015721716123492182,0.014345912313727283,0.01804753239385675,0.015721716123492182,0.014345912313727283,0.01804753239385675
cosine,cosine decay,matched,1,1450,steps,512,0.002448711537301567,0.002245907494697224,0.002622585856878966,0.002448711537301567,0.002245907494697224,0.002622585856878966,0.008776992105206563,0.007535825390549086,0.011013281387153597,0.008776992105206563,0.007535825390549086,0.011013281387153597
cosine,cosine decay,matched,1,1800,steps,512,0.0015402626773439506,0.0014342456972950897,0.0017073414721138858,0.0015402626773439506,0.0014342456972950897,0.0017073414721138858,0.006289033637669712,0.005344365803395244,0.008249183925592709,0.006289033637669712,0.005344365803395244,0.008249183925592709
cosine,cosine decay,matched,4,50,steps,512,0.026976520176003185,0.024190511214184078,0.035065764433273784,0.026976520176003185,0.024190511214184078,0.035065764433273784,0.19684756422639244,0.13445832170575747,0.26819392823506716,0.19684756422639244,0.13445832170575747,0.26819392823506716
cosine,cosine decay,matched,4,100,steps,512,0.011654070282391215,0.010655731938668643,0.01230178397778772,0.011654070282391215,0.010655731938668643,0.01230178397778772,0.09666038239976071,0.06309829518732904,0.12700233031842612,0.09666038239976071,0.06309829518732904,0.12700233031842612
cosine,cosine decay,matched,4,180,steps,512,0.008868376182833301,0.008341289138216003,0.009884034662983513,0.008868376182833301,0.008341289138216003,0.009884034662983513,0.05233666957385928,0.03513804023258361,0.06920109281300664,0.05233666957385928,0.03513804023258361,0.06920109281300664
cosine,cosine decay,matched,4,300,steps,512,0.00853928409368801,0.007805711784853518,0.009004409138251781,0.00853928409368801,0.007805711784853518,0.009004409138251781,0.03608944277298002,0.027223582780203804,0.04280224265496038,0.03608944277298002,0.027223582780203804,0.04280224265496038
cosine,cosine decay,matched,4,500,steps,512,0.007833152964903903,0.006858428711662891,0.008267165138045894,0.007833152964903903,0.006858428711662891,0.008267165138045894,0.027703321268595822,0.024733976288712444,0.03262559385076982,0.027703321268595822,0.024733976288712444,0.03262559385076982
cosine,cosine decay,matched,4,750,steps,512,0.005894242045314971,0.0051642061257064645,0.006243517463263424,0.005894242045314971,0.0051642061257064645,0.006243517463263424,0.020125647417999323,0.01770351378686893,0.022422005265185983,0.020125647417999323,0.01770351378686893,0.022422005265185983
cosine,cosine decay,matched,4,1100,steps,512,0.00345532319103684,0.003313324713920885,0.0036995832024231956,0.00345532319103684,0.003313324713920885,0.0036995832024231956,0.012539942063427664,0.010928655431749918,0.013686163326606968,0.012539942063427664,0.010928655431749918,0.013686163326606968
cosine,cosine decay,matched,4,1450,steps,512,0.0015218032663908408,0.001411616470929994,0.0017198757612726305,0.0015218032663908408,0.001411616470929994,0.0017198757612726305,0.007048330950162928,0.005147154972322795,0.007676836995381565,0.007048330950162928,0.005147154972322795,0.007676836995381565
cosine,cosine decay,matched,4,1800,steps,512,0.0008997683054866971,0.0008378448822565007,0.0010013653457086795,0.0008997683054866971,0.0008378448822565007,0.0010013653457086795,0.005037590877273939,0.003597180607078442,0.005967970513967992,0.005037590877273939,0.003597180607078442,0.005967970513967992
cosine,cosine decay,matched,32,50,steps,512,0.020976425539277695,0.01816049960145344,0.025316489442822467,0.020976425539277695,0.01816049960145344,0.025316489442822467,0.17858461677370252,0.11853645212504342,0.25400704667000557,0.17858461677370252,0.11853645212504342,0.25400704667000557
cosine,cosine decay,matched,32,100,steps,512,0.009846622230882143,0.009269184618524164,0.010727090637392,0.009846622230882143,0.009269184618524164,0.010727090637392,0.08724494141175777,0.057248051723652445,0.12642384315564323,0.08724494141175777,0.057248051723652445,0.12642384315564323
cosine,cosine decay,matched,32,180,steps,512,0.008086626081243853,0.007332413157200227,0.009134798110205062,0.008086626081243853,0.007332413157200227,0.009134798110205062,0.04829901936543945,0.033838345053779986,0.06785282081207025,0.04829901936543945,0.033838345053779986,0.06785282081207025
cosine,cosine decay,matched,32,300,steps,512,0.007491066492311762,0.007192626995490303,0.007971340352164761,0.007491066492311762,0.007192626995490303,0.007971340352164761,0.0338037607302415,0.027119050872665248,0.042658033388808594,0.0338037607302415,0.027119050872665248,0.042658033388808594
cosine,cosine decay,matched,32,500,steps,512,0.006873790089548353,0.006253591892015385,0.007370648220293494,0.006873790089548353,0.006253591892015385,0.007370648220293494,0.026288705135092044,0.02333767039536433,0.02876697957749741,0.026288705135092044,0.02333767039536433,0.02876697957749741
cosine,cosine decay,matched,32,750,steps,512,0.005070242183264646,0.0045841193904812986,0.005576229567588592,0.005070242183264646,0.0045841193904812986,0.005576229567588592,0.019281713612361754,0.015169032630046448,0.021888510388080738,0.019281713612361754,0.015169032630046448,0.021888510388080738
cosine,cosine decay,matched,32,1100,steps,512,0.003012086103482956,0.00273126832761806,0.0031226588614505944,0.003012086103482956,0.00273126832761806,0.0031226588614505944,0.010555324638744657,0.00952376440496474,0.01503595777287517,0.010555324638744657,0.00952376440496474,0.01503595777287517
cosine,cosine decay,matched,32,1450,steps,512,0.0013211701356927324,0.001243435789930204,0.0014236860226215092,0.0013211701356927324,0.001243435789930204,0.0014236860226215092,0.005902901997873918,0.004951305645487321,0.008396571230979264,0.005902901997873918,0.004951305645487321,0.008396571230979264
cosine,cosine decay,matched,32,1800,steps,512,0.0007801382037574484,0.0007449075128573508,0.0008433094665756329,0.0007801382037574484,0.0007449075128573508,0.0008433094665756329,0.004298990200781039,0.0036003511455752323,0.006773044358966085,0.004298990200781039,0.0036003511455752323,0.006773044358966085
cosine,cosine decay,unmatched,1,50,steps,512,0.03977732746485402,0.03603260934247838,0.045983092464658544,0.03977732746485402,0.03603260934247838,0.045983092464658544,0.21364607279023234,0.18178899286639302,0.35364737128777535,0.21364607279023234,0.18178899286639302,0.35364737128777535
cosine,cosine decay,unmatched,1,100,steps,512,0.017720890159752093,0.016235528169083253,0.01881255761957912,0.017720890159752093,0.016235528169083253,0.01881255761957912,0.10923421241858638,0.08367471737317472,0.18530080305986973,0.10923421241858638,0.08367471737317472,0.18530080305986973
cosine,cosine decay,unmatched,1,180,steps,512,0.01285907485631917,0.011999487081285,0.013306235472379465,0.01285907485631917,0.011999487081285,0.013306235472379465,0.0637321910003068,0.046974558630202265,0.10451214495538702,0.0637321910003068,0.046974558630202265,0.10451214495538702
cosine,cosine decay,unmatched,1,300,steps,512,0.012277272744303253,0.011719049969426243,0.013688876169280778,0.012277272744303253,0.011719049969426243,0.013688876169280778,0.044359122225590346,0.03661361209442616,0.06848157077305563,0.044359122225590346,0.03661361209442616,0.06848157077305563
cosine,cosine decay,unmatched,1,500,steps,512,0.010451552549351647,0.009843385647871091,0.011022286016122932,0.010451552549351647,0.009843385647871091,0.011022286016122932,0.03389270192376264,0.029547669346527822,0.046812672145549,0.03389270192376264,0.029547669346527822,0.046812672145549
cosine,cosine decay,unmatched,1,750,steps,512,0.008391631233583545,0.007932915292957378,0.009052695168999248,0.008391631233583545,0.007932915292957378,0.009052695168999248,0.026126559532884272,0.022789304488799407,0.03488429560745253,0.026126559532884272,0.022789304488799407,0.03488429560745253
cosine,cosine decay,unmatched,1,1100,steps,512,0.004838811949556604,0.004526720318526729,0.005484406947993986,0.004838811949556604,0.004526720318526729,0.005484406947993986,0.015117271269128305,0.013284472394425423,0.024323692092332535,0.015117271269128305,0.013284472394425423,0.024323692092332535
cosine,cosine decay,unmatched,1,1450,steps,512,0.0024319150183880656,0.0021516853948214533,0.0028053103014630274,0.0024319150183880656,0.0021516853948214533,0.0028053103014630274,0.008378644597629655,0.006488028785228812,0.013707245758050407,0.008378644597629655,0.006488028785228812,0.013707245758050407
cosine,cosine decay,unmatched,1,1800,steps,512,0.0015451593105205773,0.001420888636153243,0.0018413712237774938,0.0015451593105205773,0.001420888636153243,0.0018413712237774938,0.006017949220733489,0.004627272622617866,0.011115652861592261,0.006017949220733489,0.004627272622617866,0.011115652861592261
cosine,cosine decay,unmatched,4,50,steps,512,0.025294824528209647,0.02235181349658587,0.029098665539777333,0.025294824528209647,0.02235181349658587,0.029098665539777333,0.17135215420396416,0.13949711192883413,0.29524757975774424,0.17135215420396416,0.13949711192883413,0.29524757975774424
cosine,cosine decay,unmatched,4,100,steps,512,0.010977226205529583,0.010361110918859157,0.011710988412806444,0.010977226205529583,0.010361110918859157,0.011710988412806444,0.08293933544533579,0.062234538937088996,0.15144058211798325,0.08293933544533579,0.062234538937088996,0.15144058211798325
cosine,cosine decay,unmatched,4,180,steps,512,0.009352874134084376,0.008362944284010415,0.010024982860583936,0.009352874134084376,0.008362944284010415,0.010024982860583936,0.04956005337056349,0.03601432194324458,0.08527142105342915,0.04956005337056349,0.03601432194324458,0.08527142105342915
cosine,cosine decay,unmatched,4,300,steps,512,0.009061484904095495,0.008282461346004183,0.00987210050224733,0.009061484904095495,0.008282461346004183,0.00987210050224733,0.03619991647611526,0.02857249073647677,0.05864550209494174,0.03619991647611526,0.02857249073647677,0.05864550209494174
cosine,cosine decay,unmatched,4,500,steps,512,0.0076200934024655085,0.006565327011484098,0.00851878805528824,0.0076200934024655085,0.006565327011484098,0.00851878805528824,0.026425214991619046,0.020176468510782402,0.037262789483192324,0.026425214991619046,0.020176468510782402,0.037262789483192324
cosine,cosine decay,unmatched,4,750,steps,512,0.006125449089102727,0.005950120400745153,0.006710327560554562,0.006125449089102727,0.005950120400745153,0.006710327560554562,0.021358177333931326,0.018869385505436573,0.02643504226629024,0.021358177333931326,0.018869385505436573,0.02643504226629024
cosine,cosine decay,unmatched,4,1100,steps,512,0.003593248107339073,0.0032234930474864406,0.0038381661302842843,0.003593248107339073,0.0032234930474864406,0.0038381661302842843,0.012043915240627156,0.010366939954417606,0.017244404476455207,0.012043915240627156,0.010366939954417606,0.017244404476455207
cosine,cosine decay,unmatched,4,1450,steps,512,0.0015474568880858004,0.0014871944199696507,0.0016833590420841475,0.0015474568880858004,0.0014871944199696507,0.0016833590420841475,0.006448175872639199,0.00538119848853037,0.00971559123499081,0.006448175872639199,0.00538119848853037,0.00971559123499081
cosine,cosine decay,unmatched,4,1800,steps,512,0.0008985675371122655,0.0008894793107955439,0.0009640997579388588,0.0008985675371122655,0.0008894793107955439,0.0009640997579388588,0.0044915705273317315,0.0036984407230749193,0.007703053695462713,0.0044915705273317315,0.0036984407230749193,0.007703053695462713
cosine,cosine decay,unmatched,32,50,steps,512,0.019913840008731712,0.01828259432717998,0.023512097834659785,0.019913840008731712,0.01828259432717998,0.023512097834659785,0.1576871512753017,0.12880746192354858,0.26954030140079976,0.1576871512753017,0.12880746192354858,0.26954030140079976
cosine,cosine decay,unmatched,32,100,steps,512,0.009991522775334534,0.009198795409400004,0.011068354694399221,0.009991522775334534,0.009198795409400004,0.011068354694399221,0.07706498224456024,0.056683505675225794,0.14577463792506626,0.07706498224456024,0.056683505675225794,0.14577463792506626
cosine,cosine decay,unmatched,32,180,steps,512,0.007738950430855986,0.007194054080225386,0.008326672675437595,0.007738950430855986,0.007194054080225386,0.008326672675437595,0.04519527570254969,0.035514827705267836,0.07712907504729531,0.04519527570254969,0.035514827705267836,0.07712907504729531
cosine,cosine decay,unmatched,32,300,steps,512,0.007482920505389857,0.007032072362003254,0.008462235309440168,0.007482920505389857,0.007032072362003254,0.008462235309440168,0.032196985760226574,0.027973515087515905,0.049451398180034765,0.032196985760226574,0.027973515087515905,0.049451398180034765
cosine,cosine decay,unmatched,32,500,steps,512,0.006819162646646296,0.006061801233974311,0.007451314597410734,0.006819162646646296,0.006061801233974311,0.007451314597410734,0.02428265659862058,0.02177500679323086,0.0343545130279908,0.02428265659862058,0.02177500679323086,0.0343545130279908
cosine,cosine decay,unmatched,32,750,steps,512,0.005376180407774428,0.004881532102816187,0.006127388675233759,0.005376180407774428,0.004881532102816187,0.006127388675233759,0.019264204129007742,0.01779063725319145,0.023873609862389955,0.019264204129007742,0.01779063725319145,0.023873609862389955
cosine,cosine decay,unmatched,32,1100,steps,512,0.003111917919475398,0.0028600534283300125,0.003391273604896502,0.003111917919475398,0.0028600534283300125,0.003391273604896502,0.011375194235927276,0.009711928314736416,0.015755975798813847,0.011375194235927276,0.009711928314736416,0.015755975798813847
cosine,cosine decay,unmatched,32,1450,steps,512,0.0014085873172735956,0.0012678204237229153,0.001478735139041374,0.0014085873172735956,0.0012678204237229153,0.001478735139041374,0.00596140236609622,0.005251536735931058,0.009789232201637245,0.00596140236609622,0.005251536735931058,0.009789232201637245
cosine,cosine decay,unmatched,32,1800,steps,512,0.0007722529271322154,0.0007252112917736902,0.0008148784288254334,0.0007722529271322154,0.0007252112917736902,0.0008148784288254334,0.004140080560015031,0.0033096549997856588,0.008081504992706377,0.004140080560015031,0.0033096549997856588,0.008081504992706377
multistep,step decay,matched,1,50,steps,512,0.043982014936544016,0.0371154466761196,0.05166659125441947,0.043982014936544016,0.0371154466761196,0.05166659125441947,0.2619014459522747,0.175824239497621,0.32397956521974985,0.2619014459522747,0.175824239497621,0.32397956521974985
multistep,step decay,matched,1,100,steps,512,0.018274900038013395,0.016877715173002277,0.020641906954904157,0.018274900038013395,0.016877715173002277,0.020641906954904157,0.13248409279666998,0.08103921177167062,0.16077572716992156,0.13248409279666998,0.08103921177167062,0.16077572716992156
multistep,step decay,matched,1,180,steps,512,0.013194048481718861,0.012534103789703804,0.013897375545045536,0.013194048481718861,0.012534103789703804,0.013897375545045536,0.0729969595665217,0.04864004880896877,0.08653878366783745,0.0729969595665217,0.04864004880896877,0.08653878366783745
multistep,step decay,matched,1,300,steps,512,0.012172601528342316,0.011082841632555901,0.013878865072784513,0.012172601528342316,0.011082841632555901,0.013878865072784513,0.046757530180366186,0.03723568484867851,0.05926627484111931,0.046757530180366186,0.03723568484867851,0.05926627484111931
multistep,step decay,matched,1,500,steps,512,0.005271351431036913,0.004828148486348146,0.005709695947016177,0.005271351431036913,0.004828148486348146,0.005709695947016177,0.02294498374877444,0.017647437502861442,0.03314964681698677,0.02294498374877444,0.017647437502861442,0.03314964681698677
multistep,step decay,matched,1,750,steps,512,0.0034961388801914607,0.0031765422689522473,0.003660651414064948,0.0034961388801914607,0.0031765422689522473,0.003660651414064948,0.01571098327655896,0.011628842921839326,0.021879070162308407,0.01571098327655896,0.011628842921839326,0.021879070162308407
multistep,step decay,matched,1,1100,steps,512,0.00212968426265504,0.0019736231495448278,0.0024294065745212494,0.00212968426265504,0.0019736231495448278,0.0024294065745212494,0.010340693666039208,0.007221387370968267,0.016247341544799475,0.010340693666039208,0.007221387370968267,0.016247341544799475
multistep,step decay,matched,1,1450,steps,512,0.001352872320233474,0.0011913095609170257,0.0014931224694427355,0.001352872320233474,0.0011913095609170257,0.0014931224694427355,0.007646778045104505,0.005181676178683742,0.013166167560413862,0.007646778045104505,0.005181676178683742,0.013166167560413862
multistep,step decay,matched,1,1800,steps,512,0.001110016869692373,0.0009574189468691017,0.0011933537938207275,0.001110016869692373,0.0009574189468691017,0.0011933537938207275,0.00690015316020489,0.004435398870611629,0.012213658984823903,0.00690015316020489,0.004435398870611629,0.012213658984823903
multistep,step decay,matched,4,50,steps,512,0.026950507727922318,0.024166817751751262,0.03502800252011027,0.026950507727922318,0.024166817751751262,0.03502800252011027,0.1967192540396526,0.13436044575106454,0.2680179804594954,0.1967192540396526,0.13436044575106454,0.2680179804594954
multistep,step decay,matched,4,100,steps,512,0.011677484613732341,0.010679592942243799,0.012327022411840588,0.011677484613732341,0.010679592942243799,0.012327022411840588,0.09650590364492631,0.06302474931804296,0.12672131880905232,0.09650590364492631,0.06302474931804296,0.12672131880905232
multistep,step decay,matched,4,180,steps,512,0.008995656457701087,0.008469111599382483,0.01005346462747008,0.008995656457701087,0.008469111599382483,0.01005346462747008,0.05233248644874304,0.03537246727099231,0.06913582784531896,0.05233248644874304,0.03537246727099231,0.06913582784531896
multistep,step decay,matched,4,300,steps,512,0.009026368845203168,0.008212354734228326,0.009536577734921057,0.009026368845203168,0.008212354734228326,0.009536577734921057,0.037058158632815384,0.028622554002814576,0.04356089705698716,0.037058158632815384,0.028622554002814576,0.04356089705698716
multistep,step decay,matched,4,500,steps,512,0.0033742582731102104,0.0029619286853082303,0.0035205914751290437,0.0033742582731102104,0.0029619286853082303,0.0035205914751290437,0.017765693806261612,0.012800571475547659,0.023622815459575234,0.017765693806261612,0.012800571475547659,0.023622815459575234
multistep,step decay,matched,4,750,steps,512,0.0023426923262437234,0.002121234118950778,0.0026242536361651197,0.0023426923262437234,0.002121234118950778,0.0026242536361651197,0.012480792098972945,0.008627807550425652,0.015410765543252348,0.012480792098972945,0.008627807550425652,0.015410765543252348
multistep,step decay,matched,4,1100,steps,512,0.0013644990922268164,0.0013048288350451629,0.0014617225432917765,0.0013644990922268164,0.0013048288350451629,0.0014617225432917765,0.00797696970210557,0.005284534203691525,0.011301366004985313,0.00797696970210557,0.005284534203691525,0.011301366004985313
multistep,step decay,matched,4,1450,steps,512,0.0008766102549140381,0.0007712536748847008,0.000910559000165084,0.0008766102549140381,0.0007712536748847008,0.000910559000165084,0.006006841529738365,0.0036717081080341655,0.00903004506433083,0.006006841529738365,0.0036717081080341655,0.00903004506433083
multistep,step decay,matched,4,1800,steps,512,0.0006744063835125115,0.0005943162194374814,0.0007016471634003987,0.0006744063835125115,0.0005943162194374814,0.0007016471634003987,0.005229361236847745,0.003108395559017511,0.008394145227364003,0.005229361236847745,0.003108395559017511,0.008394145227364003
multistep,step decay,matched,32,50,steps,512,0.02095608531342195,0.018143665856947214,0.025291216676760115,0.02095608531342195,0.018143665856947214,0.025291216676760115,0.17846587143177167,0.11845476195695949,0.25384091791170715,0.17846587143177167,0.11845476195695949,0.25384091791170715
multistep,step decay,matched,32,100,steps,512,0.00986612454394516,0.009303637492751276,0.010744221775712267,0.00986612454394516,0.009303637492751276,0.010744221775712267,0.08710414016205802,0.057190952556051666,0.12617569140378657,0.08710414016205802,0.057190952556051666,0.12617569140378657
multistep,step decay,matched,32,180,steps,512,0.008216668329381047,0.00742136398075235,0.009312662714296491,0.008216668329381047,0.00742136398075235,0.009312662714296491,0.04839821995736461,0.03402945855153509,0.06769859393146054,0.04839821995736461,0.03402945855153509,0.06769859393146054
multistep,step decay,matched,32,300,steps,512,0.007938137825036908,0.007623403970729283,0.008434833853771884,0.007938137825036908,0.007623403970729283,0.008434833853771884,0.03465920678391279,0.028446583747539982,0.04336843809863485,0.03465920678391279,0.028446583747539982,0.04336843809863485
multistep,step decay,matched,32,500,steps,512,0.002715985243987174,0.002608656100146697,0.002905782500837023,0.002715985243987174,0.002608656100146697,0.002905782500837023,0.016449771495523336,0.012086888950951677,0.0221473898926047,0.016449771495523336,0.012086888950951677,0.0221473898926047
multistep,step decay,matched,32,750,steps,512,0.002020143705158694,0.0018345033655029197,0.0022496718461310645,0.002020143705158694,0.0018345033655029197,0.0022496718461310645,0.011072698972904369,0.00813110932472276,0.01497091015355592,0.011072698972904369,0.00813110932472276,0.01497091015355592
multistep,step decay,matched,32,1100,steps,512,0.001135224962176165,0.0010506302922248727,0.001255220644968568,0.001135224962176165,0.0010506302922248727,0.001255220644968568,0.0071545150071348484,0.0052438055986366375,0.010697256405933208,0.0071545150071348484,0.0052438055986366375,0.010697256405933208
multistep,step decay,matched,32,1450,steps,512,0.0007279545678944553,0.0006808565533674877,0.0007542012085329521,0.0007279545678944553,0.0006808565533674877,0.0007542012085329521,0.005096552481238524,0.003537029460337083,0.008724523406376677,0.005096552481238524,0.003537029460337083,0.008724523406376677
multistep,step decay,matched,32,1800,steps,512,0.0005479142762061962,0.0005035803329503089,0.0005867762632588625,0.0005479142762061962,0.0005035803329503089,0.0005867762632588625,0.004505225223708149,0.003003340869641278,0.008041538053107916,0.004505225223708149,0.003003340869641278,0.008041538053107916
multistep,step decay,unmatched,1,50,steps,512,0.03974435054902518,0.03600246260911436,0.04594053688654434,0.03974435054902518,0.03600246260911436,0.04594053688654434,0.2135198954767997,0.18168189985072483,0.35345094467597354,0.2135198954767997,0.18168189985072483,0.35345094467597354
multistep,step decay,unmatched,1,100,steps,512,0.017740026553901195,0.016231652157275223,0.01880746339159239,0.017740026553901195,0.016231652157275223,0.01880746339159239,0.10908391535172288,0.0835283236897846,0.1849529562378971,0.10908391535172288,0.0835283236897846,0.1849529562378971
multistep,step decay,unmatched,1,180,steps,512,0.013062855017571772,0.012160769258520436,0.013525492692859695,0.013062855017571772,0.012160769258520436,0.013525492692859695,0.06390285906537133,0.047127658587099906,0.1042233569306568,0.06390285906537133,0.047127658587099906,0.1042233569306568
multistep,step decay,unmatched,1,300,steps,512,0.012976075709469143,0.012511773945120572,0.014589427505632597,0.012976075709469143,0.012511773945120572,0.014589427505632597,0.04578463255203569,0.03833109883484652,0.06922462382220457,0.04578463255203569,0.03833109883484652,0.06922462382220457
multistep,step decay,unmatched,1,500,steps,512,0.00533002691228854,0.005093195990549404,0.005620847463745305,0.00533002691228854,0.005093195990549404,0.005620847463745305,0.022787227313331517,0.016814011051653553,0.03878706183628054,0.022787227313331517,0.016814011051653553,0.03878706183628054
multistep,step decay,unmatched,1,750,steps,512,0.003490658283952683,0.003076424871191673,0.003667203679281113,0.003490658283952683,0.003076424871191673,0.003667203679281113,0.014712100126966986,0.011163564864348727,0.02710445471517887,0.014712100126966986,0.011163564864348727,0.02710445471517887
multistep,step decay,unmatched,1,1100,steps,512,0.002188689800616016,0.0018776403486675472,0.0023483520823016735,0.002188689800616016,0.0018776403486675472,0.0023483520823016735,0.009571396476458167,0.006786069491159864,0.020704799429109206,0.009571396476458167,0.006786069491159864,0.020704799429109206
multistep,step decay,unmatched,1,1450,steps,512,0.001379769441212841,0.0011873801669137589,0.0015002198069843675,0.001379769441212841,0.0011873801669137589,0.0015002198069843675,0.007138384453257373,0.004635361817603282,0.016640212715391636,0.007138384453257373,0.004635361817603282,0.016640212715391636
multistep,step decay,unmatched,1,1800,steps,512,0.0011318852969847244,0.000982506213628691,0.0012506735060228064,0.0011318852969847244,0.000982506213628691,0.0012506735060228064,0.00637053752636655,0.004048736974307944,0.015584254648566621,0.00637053752636655,0.004048736974307944,0.015584254648566621
multistep,step decay,unmatched,4,50,steps,512,0.02526995671463681,0.02233178890924267,0.029068721931731503,0.02526995671463681,0.02233178890924267,0.029068721931731503,0.17123940545501332,0.13939555487340294,0.29507747023662023,0.17123940545501332,0.13939555487340294,0.29507747023662023
multistep,step decay,unmatched,4,100,steps,512,0.010992216715953105,0.010382637751761618,0.011721119616224544,0.010992216715953105,0.010382637751761618,0.011721119616224544,0.08281773324808428,0.06214999853614344,0.1511215194662181,0.08281773324808428,0.06214999853614344,0.1511215194662181
multistep,step decay,unmatched,4,180,steps,512,0.009513568565717914,0.008472421917577314,0.010190468086779791,0.009513568565717914,0.008472421917577314,0.010190468086779791,0.049639896007346904,0.03627340986858417,0.0851068234440115,0.049639896007346904,0.03627340986858417,0.0851068234440115
multistep,step decay,unmatched,4,300,steps,512,0.009600759704282796,0.008787875048864068,0.010449790835478782,0.009600759704282796,0.008787875048864068,0.010449790835478782,0.037419396332219516,0.029776021005174798,0.05945976292443321,0.037419396332219516,0.029776021005174798,0.05945976292443321
multistep,step decay,unmatched,4,500,steps,512,0.0031878649582204616,0.00302233558028366,0.003568243224990278,0.0031878649582204616,0.00302233558028366,0.003568243224990278,0.016576974798609354,0.01139822476008869,0.031198579456732815,0.016576974798609354,0.01139822476008869,0.031198579456732815
multistep,step decay,unmatched,4,750,steps,512,0.002420588190141855,0.002244695695410244,0.002579137050350513,0.002420588190141855,0.002244695695410244,0.002579137050350513,0.01097234880751877,0.00832565281656775,0.02208723591975821,0.01097234880751877,0.00832565281656775,0.02208723591975821
multistep,step decay,unmatched,4,1100,steps,512,0.0013872072929875788,0.0012531989012009553,0.0015226328548676768,0.0013872072929875788,0.0012531989012009553,0.0015226328548676768,0.007597546178438249,0.005129558000547635,0.016653839148906717,0.007597546178438249,0.005129558000547635,0.016653839148906717
multistep,step decay,unmatched,4,1450,steps,512,0.0008092170228687779,0.0007919010389036555,0.0008994332061376069,0.0008092170228687779,0.0007919010389036555,0.0008994332061376069,0.005475084741581371,0.003393362425403095,0.013775040400629813,0.005475084741581371,0.003393362425403095,0.013775040400629813
multistep,step decay,unmatched,4,1800,steps,512,0.0006289188862419412,0.000607953331510426,0.0006797549682789175,0.0006289188862419412,0.000607953331510426,0.0006797549682789175,0.00477165642707155,0.002954986513311376,0.012977500692619116,0.00477165642707155,0.002954986513311376,0.012977500692619116
multistep,step decay,unmatched,32,50,steps,512,0.0198952041776018,0.018268308525372867,0.023489602618883776,0.0198952041776018,0.018268308525372867,0.023489602618883776,0.15758485550688586,0.1287243003619372,0.26937747015348107,0.15758485550688586,0.1287243003619372,0.26937747015348107
multistep,step decay,unmatched,32,100,steps,512,0.01001931692490389,0.009230811191577513,0.011088757735526688,0.01001931692490389,0.009230811191577513,0.011088757735526688,0.07696036765951925,0.05661171749566999,0.14552537585119302,0.07696036765951925,0.05661171749566999,0.14552537585119302
multistep,step decay,unmatched,32,180,steps,512,0.007868095541846854,0.007301532010144435,0.008469582137041711,0.007868095541846854,0.007301532010144435,0.008469582137041711,0.04530914352459148,0.03576039577391909,0.07683482834232126,0.04530914352459148,0.03576039577391909,0.07683482834232126
multistep,step decay,unmatched,32,300,steps,512,0.007960170156202883,0.00742760386220606,0.00898967330842469,0.007960170156202883,0.00742760386220606,0.00898967330842469,0.03309956748848973,0.02899022174743048,0.05006483210126289,0.03309956748848973,0.02899022174743048,0.05006483210126289
multistep,step decay,unmatched,32,500,steps,512,0.002767051114177064,0.0026045894503505668,0.002884553010226423,0.002767051114177064,0.0026045894503505668,0.002884553010226423,0.015754105019328876,0.011638869598393303,0.02727328265795468,0.015754105019328876,0.011638869598393303,0.02727328265795468
multistep,step decay,unmatched,32,750,steps,512,0.002115740654031764,0.001992457126775866,0.002232086625521569,0.002115740654031764,0.001992457126775866,0.002232086625521569,0.010721109077757652,0.007943314926866995,0.019575186266511432,0.010721109077757652,0.007943314926866995,0.019575186266511432
multistep,step decay,unmatched,32,1100,steps,512,0.001201515709703138,0.0010352378294561752,0.0012450845025519912,0.001201515709703138,0.0010352378294561752,0.0012450845025519912,0.0070160524042654415,0.005082385929530856,0.01438591317500115,0.0070160524042654415,0.005082385929530856,0.01438591317500115
multistep,step decay,unmatched,32,1450,steps,512,0.0007375949529209697,0.0006904337506162602,0.0007891007813565025,0.0007375949529209697,0.0006904337506162602,0.0007891007813565025,0.005204725351362541,0.0034434272733291334,0.012245791932290098,0.005204725351362541,0.0034434272733291334,0.012245791932290098
multistep,step decay,unmatched,32,1800,steps,512,0.0005620055755168052,0.0005155038886784824,0.0005805892225252785,0.0005620055755168052,0.0005155038886784824,0.0005805892225252785,0.004619785805773117,0.002870685520834635,0.011501223207191326,0.004619785805773117,0.002870685520834635,0.011501223207191326
tail_average,tail average,matched,1,50,steps,512,0.043982014936544016,0.0371154466761196,0.05166659125441947,0.043982014936544016,0.0371154466761196,0.05166659125441947,0.2619014459522747,0.175824239497621,0.32397956521974985,0.2619014459522747,0.175824239497621,0.32397956521974985
tail_average,tail average,matched,1,100,steps,512,0.018274900038013395,0.016877715173002277,0.020641906954904157,0.018274900038013395,0.016877715173002277,0.020641906954904157,0.13248409279666998,0.08103921177167062,0.16077572716992156,0.13248409279666998,0.08103921177167062,0.16077572716992156
tail_average,tail average,matched,1,180,steps,512,0.013194048481718861,0.012534103789703804,0.013897375545045536,0.013194048481718861,0.012534103789703804,0.013897375545045536,0.0729969595665217,0.04864004880896877,0.08653878366783745,0.0729969595665217,0.04864004880896877,0.08653878366783745
tail_average,tail average,matched,1,300,steps,512,0.012172601528342316,0.011082841632555901,0.013878865072784513,0.012172601528342316,0.011082841632555901,0.013878865072784513,0.046757530180366186,0.03723568484867851,0.05926627484111931,0.046757530180366186,0.03723568484867851,0.05926627484111931
tail_average,tail average,matched,1,500,steps,512,0.012162434573723391,0.011376655335304476,0.013066496837650475,0.012162434573723391,0.011376655335304476,0.013066496837650475,0.03811104286345553,0.03493265394124839,0.0461125481590557,0.03811104286345553,0.03493265394124839,0.0461125481590557
tail_average,tail average,matched,1,750,steps,512,0.012885319227742827,0.011428372002135175,0.0132564947986518,0.012885319227742827,0.011428372002135175,0.0132564947986518,0.03767748867085188,0.036595118350302894,0.04395591893349098,0.03767748867085188,0.036595118350302894,0.04395591893349098
tail_average,tail average,matched,1,1100,steps,512,0.004599556222811909,0.004267679070010061,0.004835576901610621,0.01245524681248281,0.010985487879822802,0.01368268480716245,0.017251943977121067,0.015227807939382979,0.01963743061604927,0.03699680816987551,0.03458779988310517,0.04148733148468948
tail_average,tail average,matched,1,1450,steps,512,0.0020316171089035506,0.0018712825485809887,0.0022250626125533894,0.012852316407581336,0.011946634979348334,0.014554114694832877,0.008801223721899912,0.007407697355077264,0.010250334022361448,0.03882607089139253,0.03464990343742612,0.04217919582419348
tail_average,tail average,matched,1,1800,steps,512,0.001324273640228725,0.0011779799640506744,0.001389650181680328,0.01277098998676426,0.011973786389110855,0.01398564588270306,0.005960741984861602,0.004950274246690104,0.0065901283034567526,0.03805120065764749,0.03520495225816647,0.04135662931497116
tail_average,tail average,matched,4,50,steps,512,0.026950507727922318,0.024166817751751262,0.03502800252011027,0.026950507727922318,0.024166817751751262,0.03502800252011027,0.1967192540396526,0.13436044575106454,0.2680179804594954,0.1967192540396526,0.13436044575106454,0.2680179804594954
tail_average,tail average,matched,4,100,steps,512,0.011677484613732341,0.010679592942243799,0.012327022411840588,0.011677484613732341,0.010679592942243799,0.012327022411840588,0.09650590364492631,0.06302474931804296,0.12672131880905232,0.09650590364492631,0.06302474931804296,0.12672131880905232
tail_average,tail average,matched,4,180,steps,512,0.008995656457701087,0.008469111599382483,0.01005346462747008,0.008995656457701087,0.008469111599382483,0.01005346462747008,0.05233248644874304,0.03537246727099231,0.06913582784531896,0.05233248644874304,0.03537246727099231,0.06913582784531896
tail_average,tail average,matched,4,300,steps,512,0.009026368845203168,0.008212354734228326,0.009536577734921057,0.009026368845203168,0.008212354734228326,0.009536577734921057,0.037058158632815384,0.028622554002814576,0.04356089705698716,0.037058158632815384,0.028622554002814576,0.04356089705698716
tail_average,tail average,matched,4,500,steps,512,0.009401418447078199,0.008018277537754848,0.009732514925747927,0.009401418447078199,0.008018277537754848,0.009732514925747927,0.03141623287312468,0.029314781875861354,0.03637086162583053,0.03141623287312468,0.029314781875861354,0.03637086162583053
tail_average,tail average,matched,4,750,steps,512,0.008849573414441328,0.007926378244979554,0.009700346364021064,0.008849573414441328,0.007926378244979554,0.009700346364021064,0.027732203067688532,0.02583408370455633,0.03228198971061809,0.027732203067688532,0.02583408370455633,0.03228198971061809
tail_average,tail average,matched,4,1100,steps,512,0.0027127020149973536,0.0024605823038736964,0.002851315434931526,0.009135599189043251,0.008616895681479284,0.010005671853185918,0.01186899607973713,0.010211267283643553,0.014092160758762172,0.029591767251363053,0.026894753586098878,0.031597020149653196
tail_average,tail average,matched,4,1450,steps,512,0.0011057974765383133,0.0010169502747983013,0.001172004831685124,0.009182518819237935,0.008304995165003609,0.010018148629017438,0.005884594206468601,0.005074669210469369,0.007644895381389284,0.02959164842819617,0.025743364141125567,0.0317997415006506
tail_average,tail average,matched,4,1800,steps,512,0.0007067209391232161,0.0006580230580349786,0.0007834990100908808,0.00911995461434353,0.008604290430752217,0.009979919195335172,0.00406937084497278,0.0032975347170769646,0.005317219018759316,0.028430194797697,0.026554696062125287,0.034311572858133986
tail_average,tail average,matched,32,50,steps,512,0.02095608531342195,0.018143665856947214,0.025291216676760115,0.02095608531342195,0.018143665856947214,0.025291216676760115,0.17846587143177167,0.11845476195695949,0.25384091791170715,0.17846587143177167,0.11845476195695949,0.25384091791170715
tail_average,tail average,matched,32,100,steps,512,0.00986612454394516,0.009303637492751276,0.010744221775712267,0.00986612454394516,0.009303637492751276,0.010744221775712267,0.08710414016205802,0.057190952556051666,0.12617569140378657,0.08710414016205802,0.057190952556051666,0.12617569140378657
tail_average,tail average,matched,32,180,steps,512,0.008216668329381047,0.00742136398075235,0.009312662714296491,0.008216668329381047,0.00742136398075235,0.009312662714296491,0.04839821995736461,0.03402945855153509,0.06769859393146054,0.04839821995736461,0.03402945855153509,0.06769859393146054
tail_average,tail average,matched,32,300,steps,512,0.007938137825036908,0.007623403970729283,0.008434833853771884,0.007938137825036908,0.007623403970729283,0.008434833853771884,0.03465920678391279,0.028446583747539982,0.04336843809863485,0.03465920678391279,0.028446583747539982,0.04336843809863485
tail_average,tail average,matched,32,500,steps,512,0.008171483220669105,0.007326556565609176,0.008771013498930065,0.008171483220669105,0.007326556565609176,0.008771013498930065,0.029552313801894412,0.02668171166086116,0.03207460062810927,0.029552313801894412,0.02668171166086116,0.03207460062810927
tail_average,tail average,matched,32,750,steps,512,0.007965100033819884,0.007067271314919148,0.008314985491539395,0.007965100033819884,0.007067271314919148,0.008314985491539395,0.027684695821800553,0.023339195614850154,0.029674070789807692,0.027684695821800553,0.023339195614850154,0.029674070789807692
tail_average,tail average,matched,32,1100,steps,512,0.002176560913760419,0.002060317449805256,0.002291066379895057,0.007942244205852938,0.007055869177607204,0.0081211341962465,0.011320453441995405,0.008932468625553464,0.014294560386273438,0.025529508794369715,0.02292890550049504,0.030113979366831113
tail_average,tail average,matched,32,1450,steps,512,0.0009064033019760234,0.0008823734707805802,0.0009614029038152137,0.008060085535032936,0.007719572252561962,0.009171219964477118,0.005788154571128326,0.004425261410009943,0.007747909354320715,0.027543065552253512,0.024980915678642007,0.03091974257198455
tail_average,tail average,matched,32,1800,steps,512,0.0005887315666263639,0.0005539403221111649,0.0005988816881592683,0.007778615386756244,0.0068622936380673015,0.008486998191226766,0.003976790463710753,0.003241668015300136,0.005845981246246034,0.02754767355431605,0.024247209192846154,0.030165947488165045
tail_average,tail average,unmatched,1,50,steps,512,0.03974435054902518,0.03600246260911436,0.04594053688654434,0.03974435054902518,0.03600246260911436,0.04594053688654434,0.2135198954767997,0.18168189985072483,0.35345094467597354,0.2135198954767997,0.18168189985072483,0.35345094467597354
tail_average,tail average,unmatched,1,100,steps,512,0.017740026553901195,0.016231652157275223,0.01880746339159239,0.017740026553901195,0.016231652157275223,0.01880746339159239,0.10908391535172288,0.0835283236897846,0.1849529562378971,0.10908391535172288,0.0835283236897846,0.1849529562378971
tail_average,tail average,unmatched,1,180,steps,512,0.013062855017571772,0.012160769258520436,0.013525492692859695,0.013062855017571772,0.012160769258520436,0.013525492692859695,0.06390285906537133,0.047127658587099906,0.1042233569306568,0.06390285906537133,0.047127658587099906,0.1042233569306568
tail_average,tail average,unmatched,1,300,steps,512,0.012976075709469143,0.012511773945120572,0.014589427505632597,0.012976075709469143,0.012511773945120572,0.014589427505632597,0.04578463255203569,0.03833109883484652,0.06922462382220457,0.04578463255203569,0.03833109883484652,0.06922462382220457
tail_average,tail average,unmatched,1,500,steps,512,0.01233553992687369,0.011653404301724965,0.013089863046003335,0.01233553992687369,0.011653404301724965,0.013089863046003335,0.03848410294047202,0.03420043186774478,0.05061123162420766,0.03848410294047202,0.03420043186774478,0.05061123162420766
tail_average,tail average,unmatched,1,750,steps,512,0.012744488974187628,0.011904637058622169,0.014215718418988365,0.012744488974187628,0.011904637058622169,0.014215718418988365,0.03815358635713869,0.034128490362241366,0.04520810845098467,0.03815358635713869,0.034128490362241366,0.04520810845098467
tail_average,tail average,unmatched,1,1100,steps,512,0.004694407848050509,0.004186320797834854,0.005308864565178763,0.012540686518823044,0.011138112347210256,0.012963012894585698,0.016572722563639418,0.013552705310504655,0.02407518770502093,0.03625908671595515,0.03288315596409802,0.0429690418565221
tail_average,tail average,unmatched,1,1450,steps,512,0.0019822970322400215,0.0018916437324055808,0.002309080457779735,0.012885417169474538,0.011586088849864952,0.014581759989338925,0.008115315669620912,0.006579619523980261,0.01299569684915226,0.03782765346439026,0.03331937017032243,0.04178740801212196
tail_average,tail average,unmatched,1,1800,steps,512,0.0012806179415155274,0.0012191182579591737,0.0013795041916711457,0.012958478523289067,0.011949913259434845,0.014573152751652852,0.0052534651814830635,0.004337061040115827,0.009582660595943081,0.03979251534092949,0.03461406273494445,0.04256981964781804
tail_average,tail average,unmatched,4,50,steps,512,0.02526995671463681,0.02233178890924267,0.029068721931731503,0.02526995671463681,0.02233178890924267,0.029068721931731503,0.17123940545501332,0.13939555487340294,0.29507747023662023,0.17123940545501332,0.13939555487340294,0.29507747023662023
tail_average,tail average,unmatched,4,100,steps,512,0.010992216715953105,0.010382637751761618,0.011721119616224544,0.010992216715953105,0.010382637751761618,0.011721119616224544,0.08281773324808428,0.06214999853614344,0.1511215194662181,0.08281773324808428,0.06214999853614344,0.1511215194662181
tail_average,tail average,unmatched,4,180,steps,512,0.009513568565717914,0.008472421917577314,0.010190468086779791,0.009513568565717914,0.008472421917577314,0.010190468086779791,0.049639896007346904,0.03627340986858417,0.0851068234440115,0.049639896007346904,0.03627340986858417,0.0851068234440115
tail_average,tail average,unmatched,4,300,steps,512,0.009600759704282796,0.008787875048864068,0.010449790835478782,0.009600759704282796,0.008787875048864068,0.010449790835478782,0.037419396332219516,0.029776021005174798,0.05945976292443321,0.037419396332219516,0.029776021005174798,0.05945976292443321
tail_average,tail average,unmatched,4,500,steps,512,0.00899707810262482,0.007757037318936178,0.01013711465091896,0.00899707810262482,0.007757037318936178,0.01013711465091896,0.030367117205265394,0.02369493314223196,0.040227083693023157,0.030367117205265394,0.02369493314223196,0.040227083693023157
tail_average,tail average,unmatched,4,750,steps,512,0.009475016780870687,0.008846873271339416,0.01039432515804271,0.009475016780870687,0.008846873271339416,0.01039432515804271,0.030872324656783894,0.02818744657364207,0.03492548325898618,0.030872324656783894,0.02818744657364207,0.03492548325898618
tail_average,tail average,unmatched,4,1100,steps,512,0.002750379388877607,0.0024092189996005324,0.0028614286797954093,0.009732915040066643,0.00898551250767991,0.010184178534009405,0.011819135126329684,0.009393740349359945,0.0160705948756709,0.028857793378665578,0.025584959830029005,0.033718546841168574
tail_average,tail average,unmatched,4,1450,steps,512,0.0011038414348326442,0.0010412998937924217,0.0012314630359616368,0.009577341561177538,0.008951144802700864,0.010255000986340945,0.005597817615411855,0.004514430859964541,0.007922338079885599,0.029863193446315214,0.02789127663773948,0.03367035910883759
tail_average,tail average,unmatched,4,1800,steps,512,0.0006969323346797209,0.0006543769484248922,0.000724206427019395,0.009147806140750902,0.008699889486740666,0.009789341219176885,0.003852766058637483,0.002974100741292265,0.005354116108543551,0.02846650489199859,0.02672239494750692,0.03649117938507797
tail_average,tail average,unmatched,32,50,steps,512,0.0198952041776018,0.018268308525372867,0.023489602618883776,0.0198952041776018,0.018268308525372867,0.023489602618883776,0.15758485550688586,0.1287243003619372,0.26937747015348107,0.15758485550688586,0.1287243003619372,0.26937747015348107
tail_average,tail average,unmatched,32,100,steps,512,0.01001931692490389,0.009230811191577513,0.011088757735526688,0.01001931692490389,0.009230811191577513,0.011088757735526688,0.07696036765951925,0.05661171749566999,0.14552537585119302,0.07696036765951925,0.05661171749566999,0.14552537585119302
tail_average,tail average,unmatched,32,180,steps,512,0.007868095541846854,0.007301532010144435,0.008469582137041711,0.007868095541846854,0.007301532010144435,0.008469582137041711,0.04530914352459148,0.03576039577391909,0.07683482834232126,0.04530914352459148,0.03576039577391909,0.07683482834232126
tail_average,tail average,unmatched,32,300,steps,512,0.007960170156202883,0.00742760386220606,0.00898967330842469,0.007960170156202883,0.00742760386220606,0.00898967330842469,0.03309956748848973,0.02899022174743048,0.05006483210126289,0.03309956748848973,0.02899022174743048,0.05006483210126289
tail_average,tail average,unmatched,32,500,steps,512,0.008045072232856157,0.007201706797175838,0.008921902553084338,0.008045072232856157,0.007201706797175838,0.008921902553084338,0.027604871982329113,0.02554961503466356,0.03715561643412119,0.027604871982329113,0.02554961503466356,0.03715561643412119
tail_average,tail average,unmatched,32,750,steps,512,0.008189473258165967,0.007226870478404633,0.009013283882574996,0.008189473258165967,0.007226870478404633,0.009013283882574996,0.02818081051574025,0.025563474024892417,0.031021910257804264,0.02818081051574025,0.025563474024892417,0.031021910257804264
tail_average,tail average,unmatched,32,1100,steps,512,0.0022545259702178213,0.0020624313336415384,0.002414644408975304,0.008041297518952339,0.007230247342060948,0.008460569394488035,0.010331650646570777,0.00801901824858135,0.015300965882610906,0.026478985552454433,0.023119400041245665,0.03000446306507966
tail_average,tail average,unmatched,32,1450,steps,512,0.0009124058591599166,0.0008611238313521261,0.0009547554456988867,0.008199128716800303,0.007496392899575807,0.008904447629957308,0.005311328460812897,0.004472786498775647,0.009549699324329726,0.027013087392412538,0.02604576055488211,0.030369864965898573
tail_average,tail average,unmatched,32,1800,steps,512,0.0005729701652957674,0.0005507345798324698,0.0005927819347866836,0.008172522010766754,0.007705913127752271,0.008983068498653853,0.0033888104640764373,0.0028369653760369055,0.007080935868461415,0.026013262451615095,0.024497877440530284,0.030920577045442297
cosine_tail,cosine + average,matched,1,50,steps,512,0.0440170560462213,0.03714265695417849,0.051721308347840125,0.0440170560462213,0.03714265695417849,0.051721308347840125,0.2620455270382712,0.175940351354273,0.32418118613880076,0.2620455270382712,0.175940351354273,0.32418118613880076
cosine_tail,cosine + average,matched,1,100,steps,512,0.0182716427824114,0.016855332466686416,0.02063181823858328,0.0182716427824114,0.016855332466686416,0.02063181823858328,0.13272725116296477,0.08115586389427983,0.161101723979591,0.13272725116296477,0.08115586389427983,0.161101723979591
cosine_tail,cosine + average,matched,1,180,steps,512,0.012986107700167216,0.01234683270479739,0.013735048391237854,0.012986107700167216,0.01234683270479739,0.013735048391237854,0.07303339430521827,0.04838480007926515,0.08659225457537204,0.07303339430521827,0.04838480007926515,0.08659225457537204
cosine_tail,cosine + average,matched,1,300,steps,512,0.01154873315411638,0.010517388848337007,0.013161562666666625,0.01154873315411638,0.010517388848337007,0.013161562666666625,0.04587597443008792,0.035738525052381905,0.0581726211383259,0.04587597443008792,0.035738525052381905,0.0581726211383259
cosine_tail,cosine + average,matched,1,500,steps,512,0.010279310588810564,0.009658637200184672,0.01122667722298928,0.010279310588810564,0.009658637200184672,0.01122667722298928,0.03361282915988795,0.030083175321241353,0.04203727765896064,0.03361282915988795,0.030083175321241353,0.04203727765896064
cosine_tail,cosine + average,matched,1,750,steps,512,0.008467466076709784,0.00793152750081772,0.008836181444550692,0.008467466076709784,0.00793152750081772,0.008836181444550692,0.02732510034286193,0.024943007383024223,0.03204393625412266,0.02732510034286193,0.024943007383024223,0.03204393625412266
cosine_tail,cosine + average,matched,1,1100,steps,512,0.0035438876690385597,0.0033607376503212412,0.00380361961293504,0.004811458713788651,0.004414143305479395,0.005202748691114473,0.013281297261760167,0.011442648776036034,0.015743626354905012,0.015721716123492182,0.014345912313727283,0.01804753239385675
cosine_tail,cosine + average,matched,1,1450,steps,512,0.0019276108484978308,0.001746899968258227,0.0021444436478757034,0.002448711537301567,0.002245907494697224,0.002622585856878966,0.008339464169141522,0.007021248303908014,0.01052234453035791,0.008776992105206563,0.007535825390549086,0.011013281387153597
cosine_tail,cosine + average,matched,1,1800,steps,512,0.0015286635445571459,0.0013587498559587297,0.0016700225082314927,0.0015402626773439506,0.0014342456972950897,0.0017073414721138858,0.006776431928160671,0.005660916961907277,0.00882895337006191,0.006289033637669712,0.005344365803395244,0.008249183925592709
cosine_tail,cosine + average,matched,4,50,steps,512,0.026976520176003185,0.024190511214184078,0.035065764433273784,0.026976520176003185,0.024190511214184078,0.035065764433273784,0.19684756422639244,0.13445832170575747,0.26819392823506716,0.19684756422639244,0.13445832170575747,0.26819392823506716
cosine_tail,cosine + average,matched,4,100,steps,512,0.011654070282391215,0.010655731938668643,0.01230178397778772,0.011654070282391215,0.010655731938668643,0.01230178397778772,0.09666038239976071,0.06309829518732904,0.12700233031842612,0.09666038239976071,0.06309829518732904,0.12700233031842612
cosine_tail,cosine + average,matched,4,180,steps,512,0.008868376182833301,0.008341289138216003,0.009884034662983513,0.008868376182833301,0.008341289138216003,0.009884034662983513,0.05233666957385928,0.03513804023258361,0.06920109281300664,0.05233666957385928,0.03513804023258361,0.06920109281300664
cosine_tail,cosine + average,matched,4,300,steps,512,0.00853928409368801,0.007805711784853518,0.009004409138251781,0.00853928409368801,0.007805711784853518,0.009004409138251781,0.03608944277298002,0.027223582780203804,0.04280224265496038,0.03608944277298002,0.027223582780203804,0.04280224265496038
cosine_tail,cosine + average,matched,4,500,steps,512,0.007833152964903903,0.006858428711662891,0.008267165138045894,0.007833152964903903,0.006858428711662891,0.008267165138045894,0.027703321268595822,0.024733976288712444,0.03262559385076982,0.027703321268595822,0.024733976288712444,0.03262559385076982
cosine_tail,cosine + average,matched,4,750,steps,512,0.005894242045314971,0.0051642061257064645,0.006243517463263424,0.005894242045314971,0.0051642061257064645,0.006243517463263424,0.020125647417999323,0.01770351378686893,0.022422005265185983,0.020125647417999323,0.01770351378686893,0.022422005265185983
cosine_tail,cosine + average,matched,4,1100,steps,512,0.002273684905896969,0.0019985557206222302,0.002369925846177057,0.00345532319103684,0.003313324713920885,0.0036995832024231956,0.009724363979422657,0.008078150108651618,0.012182316748297353,0.012539942063427664,0.010928655431749918,0.013686163326606968
cosine_tail,cosine + average,matched,4,1450,steps,512,0.0011233624888805646,0.0010016625574957845,0.0011821473680902778,0.0015218032663908408,0.001411616470929994,0.0017198757612726305,0.006014226318117206,0.004572577133411964,0.007760497024046788,0.007048330950162928,0.005147154972322795,0.007676836995381565
cosine_tail,cosine + average,matched,4,1800,steps,512,0.0008672475690941683,0.000749014407702971,0.0009039215344236782,0.0008997683054866971,0.0008378448822565007,0.0010013653457086795,0.005011421406779539,0.003628916266940098,0.006459324329482581,0.005037590877273939,0.003597180607078442,0.005967970513967992
cosine_tail,cosine + average,matched,32,50,steps,512,0.020976425539277695,0.01816049960145344,0.025316489442822467,0.020976425539277695,0.01816049960145344,0.025316489442822467,0.17858461677370252,0.11853645212504342,0.25400704667000557,0.17858461677370252,0.11853645212504342,0.25400704667000557
cosine_tail,cosine + average,matched,32,100,steps,512,0.009846622230882143,0.009269184618524164,0.010727090637392,0.009846622230882143,0.009269184618524164,0.010727090637392,0.08724494141175777,0.057248051723652445,0.12642384315564323,0.08724494141175777,0.057248051723652445,0.12642384315564323
cosine_tail,cosine + average,matched,32,180,steps,512,0.008086626081243853,0.007332413157200227,0.009134798110205062,0.008086626081243853,0.007332413157200227,0.009134798110205062,0.04829901936543945,0.033838345053779986,0.06785282081207025,0.04829901936543945,0.033838345053779986,0.06785282081207025
cosine_tail,cosine + average,matched,32,300,steps,512,0.007491066492311762,0.007192626995490303,0.007971340352164761,0.007491066492311762,0.007192626995490303,0.007971340352164761,0.0338037607302415,0.027119050872665248,0.042658033388808594,0.0338037607302415,0.027119050872665248,0.042658033388808594
cosine_tail,cosine + average,matched,32,500,steps,512,0.006873790089548353,0.006253591892015385,0.007370648220293494,0.006873790089548353,0.006253591892015385,0.007370648220293494,0.026288705135092044,0.02333767039536433,0.02876697957749741,0.026288705135092044,0.02333767039536433,0.02876697957749741
cosine_tail,cosine + average,matched,32,750,steps,512,0.005070242183264646,0.0045841193904812986,0.005576229567588592,0.005070242183264646,0.0045841193904812986,0.005576229567588592,0.019281713612361754,0.015169032630046448,0.021888510388080738,0.019281713612361754,0.015169032630046448,0.021888510388080738
cosine_tail,cosine + average,matched,32,1100,steps,512,0.001834067451122958,0.0016780922053817738,0.0019180077398631994,0.003012086103482956,0.00273126832761806,0.0031226588614505944,0.00884763241167677,0.007277453758706015,0.011713502312925925,0.010555324638744657,0.00952376440496474,0.01503595777287517
cosine_tail,cosine + average,matched,32,1450,steps,512,0.0009225525356911688,0.0008595163178219632,0.0009842649910907835,0.0013211701356927324,0.001243435789930204,0.0014236860226215092,0.005221221411737595,0.004086845743775462,0.008299622538345394,0.005902901997873918,0.004951305645487321,0.008396571230979264
cosine_tail,cosine + average,matched,32,1800,steps,512,0.0006942305379099267,0.0006699350118692839,0.0007523825197107235,0.0007801382037574484,0.0007449075128573508,0.0008433094665756329,0.004408791320943721,0.003361253890410339,0.007206237228610453,0.004298990200781039,0.0036003511455752323,0.006773044358966085
cosine_tail,cosine + average,unmatched,1,50,steps,512,0.03977732746485402,0.03603260934247838,0.045983092464658544,0.03977732746485402,0.03603260934247838,0.045983092464658544,0.21364607279023234,0.18178899286639302,0.35364737128777535,0.21364607279023234,0.18178899286639302,0.35364737128777535
cosine_tail,cosine + average,unmatched,1,100,steps,512,0.017720890159752093,0.016235528169083253,0.01881255761957912,0.017720890159752093,0.016235528169083253,0.01881255761957912,0.10923421241858638,0.08367471737317472,0.18530080305986973,0.10923421241858638,0.08367471737317472,0.18530080305986973
cosine_tail,cosine + average,unmatched,1,180,steps,512,0.01285907485631917,0.011999487081285,0.013306235472379465,0.01285907485631917,0.011999487081285,0.013306235472379465,0.0637321910003068,0.046974558630202265,0.10451214495538702,0.0637321910003068,0.046974558630202265,0.10451214495538702
cosine_tail,cosine + average,unmatched,1,300,steps,512,0.012277272744303253,0.011719049969426243,0.013688876169280778,0.012277272744303253,0.011719049969426243,0.013688876169280778,0.044359122225590346,0.03661361209442616,0.06848157077305563,0.044359122225590346,0.03661361209442616,0.06848157077305563
cosine_tail,cosine + average,unmatched,1,500,steps,512,0.010451552549351647,0.009843385647871091,0.011022286016122932,0.010451552549351647,0.009843385647871091,0.011022286016122932,0.03389270192376264,0.029547669346527822,0.046812672145549,0.03389270192376264,0.029547669346527822,0.046812672145549
cosine_tail,cosine + average,unmatched,1,750,steps,512,0.008391631233583545,0.007932915292957378,0.009052695168999248,0.008391631233583545,0.007932915292957378,0.009052695168999248,0.026126559532884272,0.022789304488799407,0.03488429560745253,0.026126559532884272,0.022789304488799407,0.03488429560745253
cosine_tail,cosine + average,unmatched,1,1100,steps,512,0.003615388169355903,0.003348017086950288,0.004047269887026117,0.004838811949556604,0.004526720318526729,0.005484406947993986,0.012516898990358223,0.01065835914556824,0.021408758013703986,0.015117271269128305,0.013284472394425423,0.024323692092332535
cosine_tail,cosine + average,unmatched,1,1450,steps,512,0.001985635718049314,0.0018235184015025787,0.0022154691291578496,0.0024319150183880656,0.0021516853948214533,0.0028053103014630274,0.007576900380129682,0.006065696288397232,0.015176479603482776,0.008378644597629655,0.006488028785228812,0.013707245758050407
cosine_tail,cosine + average,unmatched,1,1800,steps,512,0.001526073057449011,0.0014255156938017496,0.001696161398148835,0.0015451593105205773,0.001420888636153243,0.0018413712237774938,0.006016244271486243,0.004868814396106229,0.01287040391657089,0.006017949220733489,0.004627272622617866,0.011115652861592261
cosine_tail,cosine + average,unmatched,4,50,steps,512,0.025294824528209647,0.02235181349658587,0.029098665539777333,0.025294824528209647,0.02235181349658587,0.029098665539777333,0.17135215420396416,0.13949711192883413,0.29524757975774424,0.17135215420396416,0.13949711192883413,0.29524757975774424
cosine_tail,cosine + average,unmatched,4,100,steps,512,0.010977226205529583,0.010361110918859157,0.011710988412806444,0.010977226205529583,0.010361110918859157,0.011710988412806444,0.08293933544533579,0.062234538937088996,0.15144058211798325,0.08293933544533579,0.062234538937088996,0.15144058211798325
cosine_tail,cosine + average,unmatched,4,180,steps,512,0.009352874134084376,0.008362944284010415,0.010024982860583936,0.009352874134084376,0.008362944284010415,0.010024982860583936,0.04956005337056349,0.03601432194324458,0.08527142105342915,0.04956005337056349,0.03601432194324458,0.08527142105342915
cosine_tail,cosine + average,unmatched,4,300,steps,512,0.009061484904095495,0.008282461346004183,0.00987210050224733,0.009061484904095495,0.008282461346004183,0.00987210050224733,0.03619991647611526,0.02857249073647677,0.05864550209494174,0.03619991647611526,0.02857249073647677,0.05864550209494174
cosine_tail,cosine + average,unmatched,4,500,steps,512,0.0076200934024655085,0.006565327011484098,0.00851878805528824,0.0076200934024655085,0.006565327011484098,0.00851878805528824,0.026425214991619046,0.020176468510782402,0.037262789483192324,0.026425214991619046,0.020176468510782402,0.037262789483192324
cosine_tail,cosine + average,unmatched,4,750,steps,512,0.006125449089102727,0.005950120400745153,0.006710327560554562,0.006125449089102727,0.005950120400745153,0.006710327560554562,0.021358177333931326,0.018869385505436573,0.02643504226629024,0.021358177333931326,0.018869385505436573,0.02643504226629024
cosine_tail,cosine + average,unmatched,4,1100,steps,512,0.0022184247428117874,0.0020062332963453272,0.002401051390723285,0.003593248107339073,0.0032234930474864406,0.0038381661302842843,0.009798416634637186,0.0075209568316100765,0.014417031043689656,0.012043915240627156,0.010366939954417606,0.017244404476455207
cosine_tail,cosine + average,unmatched,4,1450,steps,512,0.0010890669567769511,0.0010030420721404225,0.001229248890620574,0.0015474568880858004,0.0014871944199696507,0.0016833590420841475,0.005702712693115451,0.004366713158422571,0.009449115963013528,0.006448175872639199,0.00538119848853037,0.00971559123499081
cosine_tail,cosine + average,unmatched,4,1800,steps,512,0.0008371901534536465,0.0007787243595745589,0.000910967428464924,0.0008985675371122655,0.0008894793107955439,0.0009640997579388588,0.004650447688088993,0.003547083333002559,0.008184092677614262,0.0044915705273317315,0.0036984407230749193,0.007703053695462713
cosine_tail,cosine + average,unmatched,32,50,steps,512,0.019913840008731712,0.01828259432717998,0.023512097834659785,0.019913840008731712,0.01828259432717998,0.023512097834659785,0.1576871512753017,0.12880746192354858,0.26954030140079976,0.1576871512753017,0.12880746192354858,0.26954030140079976
cosine_tail,cosine + average,unmatched,32,100,steps,512,0.009991522775334534,0.009198795409400004,0.011068354694399221,0.009991522775334534,0.009198795409400004,0.011068354694399221,0.07706498224456024,0.056683505675225794,0.14577463792506626,0.07706498224456024,0.056683505675225794,0.14577463792506626
cosine_tail,cosine + average,unmatched,32,180,steps,512,0.007738950430855986,0.007194054080225386,0.008326672675437595,0.007738950430855986,0.007194054080225386,0.008326672675437595,0.04519527570254969,0.035514827705267836,0.07712907504729531,0.04519527570254969,0.035514827705267836,0.07712907504729531
cosine_tail,cosine + average,unmatched,32,300,steps,512,0.007482920505389857,0.007032072362003254,0.008462235309440168,0.007482920505389857,0.007032072362003254,0.008462235309440168,0.032196985760226574,0.027973515087515905,0.049451398180034765,0.032196985760226574,0.027973515087515905,0.049451398180034765
cosine_tail,cosine + average,unmatched,32,500,steps,512,0.006819162646646296,0.006061801233974311,0.007451314597410734,0.006819162646646296,0.006061801233974311,0.007451314597410734,0.02428265659862058,0.02177500679323086,0.0343545130279908,0.02428265659862058,0.02177500679323086,0.0343545130279908
cosine_tail,cosine + average,unmatched,32,750,steps,512,0.005376180407774428,0.004881532102816187,0.006127388675233759,0.005376180407774428,0.004881532102816187,0.006127388675233759,0.019264204129007742,0.01779063725319145,0.023873609862389955,0.019264204129007742,0.01779063725319145,0.023873609862389955
cosine_tail,cosine + average,unmatched,32,1100,steps,512,0.0018695050772108486,0.0017426816070982378,0.001977778306725222,0.003111917919475398,0.0028600534283300125,0.003391273604896502,0.008467085799831416,0.006708679708240802,0.01357914516705938,0.011375194235927276,0.009711928314736416,0.015755975798813847
cosine_tail,cosine + average,unmatched,32,1450,steps,512,0.0009288081541018059,0.0008848605318031688,0.0009957120909708723,0.0014085873172735956,0.0012678204237229153,0.001478735139041374,0.005090253238404876,0.00416511052482489,0.00970058838396409,0.00596140236609622,0.005251536735931058,0.009789232201637245
cosine_tail,cosine + average,unmatched,32,1800,steps,512,0.0007057065929132742,0.0006775865257598991,0.0007276851394055591,0.0007722529271322154,0.0007252112917736902,0.0008148784288254334,0.004095119394857939,0.0033096485383853993,0.008496282708365109,0.004140080560015031,0.0033096549997856588,0.008081504992706377
large_batch,"constant, B=2048",matched,1,50,steps,2048,0.018036116866036987,0.01472292478399306,0.02381878229941901,0.018036116866036987,0.01472292478399306,0.02381878229941901,0.1586103530158406,0.09963713206584573,0.22456250575475017,0.1586103530158406,0.09963713206584573,0.22456250575475017
large_batch,"constant, B=2048",matched,1,100,steps,2048,0.007416563818076802,0.007100832984306358,0.00825790900259959,0.007416563818076802,0.007100832984306358,0.00825790900259959,0.06731551859082675,0.04089123585209612,0.09717556283141107,0.06731551859082675,0.04089123585209612,0.09717556283141107
large_batch,"constant, B=2048",matched,1,180,steps,2048,0.006286086761929378,0.005819933705064842,0.006856664179130086,0.006286086761929378,0.005819933705064842,0.006856664179130086,0.03305889613640314,0.02271241768866106,0.047270033459230795,0.03305889613640314,0.02271241768866106,0.047270033459230795
large_batch,"constant, B=2048",matched,1,300,steps,2048,0.006146174687835539,0.0051350930394867935,0.006849497144651845,0.006146174687835539,0.0051350930394867935,0.006849497144651845,0.02248427001942338,0.019079473959617923,0.02867875435137156,0.02248427001942338,0.019079473959617923,0.02867875435137156
large_batch,"constant, B=2048",matched,1,500,steps,2048,0.006542948049550296,0.006016138964486179,0.006784430331801248,0.006542948049550296,0.006016138964486179,0.006784430331801248,0.020674576407646958,0.01813010741847671,0.021326211250330306,0.020674576407646958,0.01813010741847671,0.021326211250330306
large_batch,"constant, B=2048",matched,1,750,steps,2048,0.00616012657576251,0.0058289364795183415,0.0067931075019028115,0.00616012657576251,0.0058289364795183415,0.0067931075019028115,0.018099630258173703,0.017182866950139975,0.02159775745156255,0.018099630258173703,0.017182866950139975,0.02159775745156255
large_batch,"constant, B=2048",matched,1,1100,steps,2048,0.005808297500175251,0.005499808436859161,0.0068581907403501025,0.005808297500175251,0.005499808436859161,0.0068581907403501025,0.017229055260633792,0.016212783875572186,0.02021709193893432,0.017229055260633792,0.016212783875572186,0.02021709193893432
large_batch,"constant, B=2048",matched,1,1450,steps,2048,0.006275509249958837,0.0056350852708650385,0.007030554263506107,0.006275509249958837,0.0056350852708650385,0.007030554263506107,0.018648987919258092,0.017990309084951868,0.02074390169884392,0.018648987919258092,0.017990309084951868,0.02074390169884392
large_batch,"constant, B=2048",matched,1,1800,steps,2048,0.006485435389391165,0.00589224762656666,0.007442287923235204,0.006485435389391165,0.00589224762656666,0.007442287923235204,0.018886969638545345,0.01628773250589215,0.020936834826449223,0.018886969638545345,0.01628773250589215,0.020936834826449223
large_batch,"constant, B=2048",matched,4,50,steps,2048,0.012240235702709122,0.010082891687817154,0.016366878387044825,0.012240235702709122,0.010082891687817154,0.016366878387044825,0.1441326902902091,0.08938407823603801,0.21499704814592155,0.1441326902902091,0.08938407823603801,0.21499704814592155
large_batch,"constant, B=2048",matched,4,100,steps,2048,0.005345114721523981,0.004721723443844011,0.005697585839970785,0.005345114721523981,0.004721723443844011,0.005697585839970785,0.06155871716344885,0.036558025014503295,0.0939337552143384,0.06155871716344885,0.036558025014503295,0.0939337552143384
large_batch,"constant, B=2048",matched,4,180,steps,2048,0.004269592673200764,0.004017226916042467,0.00509656585426497,0.004269592673200764,0.004017226916042467,0.00509656585426497,0.030390287602283343,0.019135143848084585,0.04525677227661591,0.030390287602283343,0.019135143848084585,0.04525677227661591
large_batch,"constant, B=2048",matched,4,300,steps,2048,0.00445524299407406,0.003837219099396669,0.004769476109539087,0.00445524299407406,0.003837219099396669,0.004769476109539087,0.019391918739845304,0.01388928921595616,0.02618013654151734,0.019391918739845304,0.01388928921595616,0.02618013654151734
large_batch,"constant, B=2048",matched,4,500,steps,2048,0.004581232282141724,0.004022859079164624,0.004853383290108147,0.004581232282141724,0.004022859079164624,0.004853383290108147,0.01630178441826722,0.013539812502573061,0.019549880189716387,0.01630178441826722,0.013539812502573061,0.019549880189716387
large_batch,"constant, B=2048",matched,4,750,steps,2048,0.004338834955248368,0.004064857816178093,0.004599889513925157,0.004338834955248368,0.004064857816178093,0.004599889513925157,0.013756292794115775,0.012603025501368758,0.016071449069949856,0.013756292794115775,0.012603025501368758,0.016071449069949856
large_batch,"constant, B=2048",matched,4,1100,steps,2048,0.004559451335057979,0.004257880574327788,0.004899152551253641,0.004559451335057979,0.004257880574327788,0.004899152551253641,0.014523268107074295,0.013217003965048163,0.017032631757193356,0.014523268107074295,0.013217003965048163,0.017032631757193356
large_batch,"constant, B=2048",matched,4,1450,steps,2048,0.004324369237861741,0.004144144406334286,0.004669412540286849,0.004324369237861741,0.004144144406334286,0.004669412540286849,0.01435678514512054,0.013545043726363486,0.0152822275906568,0.01435678514512054,0.013545043726363486,0.0152822275906568
large_batch,"constant, B=2048",matched,4,1800,steps,2048,0.0046402159743253995,0.00433304487398668,0.004914986524528773,0.0046402159743253995,0.00433304487398668,0.004914986524528773,0.014361342525036649,0.013311375787206665,0.015628999714589326,0.014361342525036649,0.013311375787206665,0.015628999714589326
large_batch,"constant, B=2048",matched,32,50,steps,2048,0.01055017027290134,0.008822286371483634,0.013946239955624088,0.01055017027290134,0.008822286371483634,0.013946239955624088,0.14451608669214655,0.09233787851188034,0.22245023736848382,0.14451608669214655,0.09233787851188034,0.22245023736848382
large_batch,"constant, B=2048",matched,32,100,steps,2048,0.004716142451647873,0.004318177816723998,0.005211508741593504,0.004716142451647873,0.004318177816723998,0.005211508741593504,0.0631847816023695,0.03850213259442106,0.09795555273489712,0.0631847816023695,0.03850213259442106,0.09795555273489712
large_batch,"constant, B=2048",matched,32,180,steps,2048,0.004073162522868238,0.0037243220425607444,0.00437758581547405,0.004073162522868238,0.0037243220425607444,0.00437758581547405,0.03182436400670135,0.019896209233010737,0.0501235314556353,0.03182436400670135,0.019896209233010737,0.0501235314556353
large_batch,"constant, B=2048",matched,32,300,steps,2048,0.003806925109623665,0.003371557686060528,0.004142355324186037,0.003806925109623665,0.003371557686060528,0.004142355324186037,0.019841467232777188,0.013552858665979918,0.028103277416459304,0.019841467232777188,0.013552858665979918,0.028103277416459304
large_batch,"constant, B=2048",matched,32,500,steps,2048,0.003954128546152331,0.0035500443310727994,0.0043564383500273385,0.003954128546152331,0.0035500443310727994,0.0043564383500273385,0.014008066122376558,0.012689639145935534,0.019467803626877327,0.014008066122376558,0.012689639145935534,0.019467803626877327
large_batch,"constant, B=2048",matched,32,750,steps,2048,0.003874899813306949,0.0034870075067083756,0.004345116351872369,0.003874899813306949,0.0034870075067083756,0.004345116351872369,0.013630096565456471,0.012003822546225238,0.016476058556629408,0.013630096565456471,0.012003822546225238,0.016476058556629408
large_batch,"constant, B=2048",matched,32,1100,steps,2048,0.003944028154000934,0.003538642459654419,0.004321443510633313,0.003944028154000934,0.003538642459654419,0.004321443510633313,0.013292128667616808,0.011978359297253618,0.014354906567891868,0.013292128667616808,0.011978359297253618,0.014354906567891868
large_batch,"constant, B=2048",matched,32,1450,steps,2048,0.00396579998062223,0.003537637143372176,0.004353737700184266,0.00396579998062223,0.003537637143372176,0.004353737700184266,0.013141741823940288,0.012269904909053617,0.014427141602682922,0.013141741823940288,0.012269904909053617,0.014427141602682922
large_batch,"constant, B=2048",matched,32,1800,steps,2048,0.003927421450425978,0.003607412151091322,0.004376491552882733,0.003927421450425978,0.003607412151091322,0.004376491552882733,0.013138313449973744,0.012565528390285241,0.014595571729930108,0.013138313449973744,0.012565528390285241,0.014595571729930108
large_batch,"constant, B=2048",unmatched,1,50,steps,2048,0.017055995064951444,0.014598431408688724,0.019167758735671937,0.017055995064951444,0.014598431408688724,0.019167758735671937,0.1330532356384574,0.10239725288382726,0.24256498271805998,0.1330532356384574,0.10239725288382726,0.24256498271805998
large_batch,"constant, B=2048",unmatched,1,100,steps,2048,0.007357044176902026,0.006820963239997953,0.0077731121776334,0.007357044176902026,0.006820963239997953,0.0077731121776334,0.05459370533655994,0.041031035021850695,0.11230037782229856,0.05459370533655994,0.041031035021850695,0.11230037782229856
large_batch,"constant, B=2048",unmatched,1,180,steps,2048,0.006395347678241186,0.005394814065563348,0.00696856260128649,0.006395347678241186,0.005394814065563348,0.00696856260128649,0.030906707747256346,0.02313341755361666,0.060591999452022274,0.030906707747256346,0.02313341755361666,0.060591999452022274
large_batch,"constant, B=2048",unmatched,1,300,steps,2048,0.005859257680218678,0.0053641394320762675,0.00637812362458415,0.005859257680218678,0.0053641394320762675,0.00637812362458415,0.02078637675305913,0.015448467304468355,0.03669506293830763,0.02078637675305913,0.015448467304468355,0.03669506293830763
large_batch,"constant, B=2048",unmatched,1,500,steps,2048,0.006391124211260067,0.0056269303468679515,0.007415837383843028,0.006391124211260067,0.0056269303468679515,0.007415837383843028,0.0187170757155565,0.01621489577493484,0.029416618626883835,0.0187170757155565,0.01621489577493484,0.029416618626883835
large_batch,"constant, B=2048",unmatched,1,750,steps,2048,0.006320022601971388,0.005891654327294309,0.007025281240259967,0.006320022601971388,0.005891654327294309,0.007025281240259967,0.0184666529802276,0.01698535288373817,0.021713950820230633,0.0184666529802276,0.01698535288373817,0.021713950820230633
large_batch,"constant, B=2048",unmatched,1,1100,steps,2048,0.0062033755519297915,0.005906938009126776,0.006611577303519613,0.0062033755519297915,0.005906938009126776,0.006611577303519613,0.017639210880336036,0.015504836909891512,0.019929982911437678,0.017639210880336036,0.015504836909891512,0.019929982911437678
large_batch,"constant, B=2048",unmatched,1,1450,steps,2048,0.006430813166580451,0.005667069979354907,0.006910390321068245,0.006430813166580451,0.005667069979354907,0.006910390321068245,0.01910246644645472,0.016146422195339617,0.019984003038994568,0.01910246644645472,0.016146422195339617,0.019984003038994568
large_batch,"constant, B=2048",unmatched,1,1800,steps,2048,0.006511901738505821,0.006117281491898723,0.0069865298167967466,0.006511901738505821,0.006117281491898723,0.0069865298167967466,0.01798674761145654,0.017164228409444076,0.019348505431268734,0.01798674761145654,0.017164228409444076,0.019348505431268734
large_batch,"constant, B=2048",unmatched,4,50,steps,2048,0.011908008097980347,0.010617882636218632,0.014041059919413958,0.011908008097980347,0.010617882636218632,0.014041059919413958,0.1251618019072609,0.09883011125248338,0.23203823564800882,0.1251618019072609,0.09883011125248338,0.23203823564800882
large_batch,"constant, B=2048",unmatched,4,100,steps,2048,0.005416521683030365,0.005083527490393003,0.005682587734187698,0.005416521683030365,0.005083527490393003,0.005682587734187698,0.052762180432227496,0.03783324185265666,0.10814105782145395,0.052762180432227496,0.03783324185265666,0.10814105782145395
large_batch,"constant, B=2048",unmatched,4,180,steps,2048,0.004479328153520379,0.004202728469181691,0.004744335587500141,0.004479328153520379,0.004202728469181691,0.004744335587500141,0.028160001595294214,0.018031018101490656,0.05614213323523833,0.028160001595294214,0.018031018101490656,0.05614213323523833
large_batch,"constant, B=2048",unmatched,4,300,steps,2048,0.004310475586564088,0.003998149087991225,0.004625966281530116,0.004310475586564088,0.003998149087991225,0.004625966281530116,0.018487088035182453,0.014221168571203714,0.03347472577651137,0.018487088035182453,0.014221168571203714,0.03347472577651137
large_batch,"constant, B=2048",unmatched,4,500,steps,2048,0.004339825664044384,0.004215192775652323,0.004745049403953338,0.004339825664044384,0.004215192775652323,0.004745049403953338,0.014494748232759376,0.012502681538212374,0.0224063753742132,0.014494748232759376,0.012502681538212374,0.0224063753742132
large_batch,"constant, B=2048",unmatched,4,750,steps,2048,0.004515765997717917,0.003866380433897799,0.004837160913261689,0.004515765997717917,0.003866380433897799,0.004837160913261689,0.014446661895864027,0.012483378573229785,0.01746974312842223,0.014446661895864027,0.012483378573229785,0.01746974312842223
large_batch,"constant, B=2048",unmatched,4,1100,steps,2048,0.004356853616131175,0.0041213534220633005,0.004856691562807219,0.004356853616131175,0.0041213534220633005,0.004856691562807219,0.013798880677093419,0.012302191882101812,0.01672092890583481,0.013798880677093419,0.012302191882101812,0.01672092890583481
large_batch,"constant, B=2048",unmatched,4,1450,steps,2048,0.004657321503898167,0.004317800837307831,0.004992577476856629,0.004657321503898167,0.004317800837307831,0.004992577476856629,0.014158392512223755,0.013737089221684508,0.01569897487094403,0.014158392512223755,0.013737089221684508,0.01569897487094403
large_batch,"constant, B=2048",unmatched,4,1800,steps,2048,0.0048219224232953235,0.00413183858626987,0.005056337203812687,0.0048219224232953235,0.00413183858626987,0.005056337203812687,0.014638003458324785,0.013510938942050355,0.016152463317100494,0.014638003458324785,0.013510938942050355,0.016152463317100494
large_batch,"constant, B=2048",unmatched,32,50,steps,2048,0.009974871723875376,0.00898555903167219,0.012142507325891245,0.009974871723875376,0.00898555903167219,0.012142507325891245,0.12549659027289725,0.09770404926524381,0.2386878337451386,0.12549659027289725,0.09770404926524381,0.2386878337451386
large_batch,"constant, B=2048",unmatched,32,100,steps,2048,0.004637428314372761,0.004403430353936909,0.005387878714793384,0.004637428314372761,0.004403430353936909,0.005387878714793384,0.05449773049678604,0.03723196188818192,0.11153301180622144,0.05449773049678604,0.03723196188818192,0.11153301180622144
large_batch,"constant, B=2048",unmatched,32,180,steps,2048,0.003859213556896215,0.003652767294110258,0.004250732740819122,0.003859213556896215,0.003652767294110258,0.004250732740819122,0.028505096516884952,0.017626606311529815,0.060086942774999645,0.028505096516884952,0.017626606311529815,0.060086942774999645
large_batch,"constant, B=2048",unmatched,32,300,steps,2048,0.0038356592159724374,0.0035329143519148235,0.0044593826233136616,0.0038356592159724374,0.0035329143519148235,0.0044593826233136616,0.018292025199360698,0.014229177171864449,0.03440856720324157,0.018292025199360698,0.014229177171864449,0.03440856720324157
large_batch,"constant, B=2048",unmatched,32,500,steps,2048,0.003970172981063974,0.0033885604287019993,0.0042709502248212804,0.003970172981063974,0.0033885604287019993,0.0042709502248212804,0.013524511020660473,0.012369441121550272,0.022836361440983066,0.013524511020660473,0.012369441121550272,0.022836361440983066
large_batch,"constant, B=2048",unmatched,32,750,steps,2048,0.0038676854282900797,0.003507206114527391,0.004121293219510091,0.0038676854282900797,0.003507206114527391,0.004121293219510091,0.01291238431416583,0.010603103953569006,0.018610511664834736,0.01291238431416583,0.010603103953569006,0.018610511664834736
large_batch,"constant, B=2048",unmatched,32,1100,steps,2048,0.003908565273313787,0.0035479515938755617,0.0044158277184781925,0.003908565273313787,0.0035479515938755617,0.0044158277184781925,0.012823778839454476,0.012145143004434747,0.016725307702793044,0.012823778839454476,0.012145143004434747,0.016725307702793044
large_batch,"constant, B=2048",unmatched,32,1450,steps,2048,0.0038853595499816537,0.003472227310799107,0.004383144847036853,0.0038853595499816537,0.003472227310799107,0.004383144847036853,0.01350360542822629,0.012392392636460458,0.015223014700407177,0.01350360542822629,0.012392392636460458,0.015223014700407177
large_batch,"constant, B=2048",unmatched,32,1800,steps,2048,0.004140594014401681,0.003840021763369958,0.0046506929788290565,0.004140594014401681,0.003840021763369958,0.0046506929788290565,0.013503407907606704,0.012197302480722304,0.015290969419240963,0.013503407907606704,0.012197302480722304,0.015290969419240963
all_three,decay + avg + B=2048,matched,1,50,steps,2048,0.018055144877436872,0.014739002660366412,0.02384307645491795,0.018055144877436872,0.014739002660366412,0.02384307645491795,0.15872666521844808,0.09971611413265556,0.2247310257784746,0.15872666521844808,0.09971611413265556,0.2247310257784746
all_three,decay + avg + B=2048,matched,1,100,steps,2048,0.007408719079437498,0.0070808848072183034,0.008254468732210635,0.007408719079437498,0.0070808848072183034,0.008254468732210635,0.06748341183077847,0.040951064351292324,0.09743012290077123,0.06748341183077847,0.040951064351292324,0.09743012290077123
all_three,decay + avg + B=2048,matched,1,180,steps,2048,0.006159218058659448,0.005735723931032963,0.006760331453220081,0.006159218058659448,0.005735723931032963,0.006760331453220081,0.03306837686922452,0.022537065081215637,0.0473937262267582,0.03306837686922452,0.022537065081215637,0.0473937262267582
all_three,decay + avg + B=2048,matched,1,300,steps,2048,0.0058458391270919665,0.004841497925328823,0.006444568532962631,0.0058458391270919665,0.004841497925328823,0.006444568532962631,0.021800825191466387,0.01817749031782652,0.027888328699513066,0.021800825191466387,0.01817749031782652,0.027888328699513066
all_three,decay + avg + B=2048,matched,1,500,steps,2048,0.005365406700073474,0.005097026823248757,0.005717039120065096,0.005365406700073474,0.005097026823248757,0.005717039120065096,0.017684427884874388,0.015621253931445367,0.018997224408282894,0.017684427884874388,0.015621253931445367,0.018997224408282894
all_three,decay + avg + B=2048,matched,1,750,steps,2048,0.003888744982852229,0.003661615150789797,0.0044059400938824475,0.003888744982852229,0.003661615150789797,0.0044059400938824475,0.011924304946109333,0.011175092453467695,0.015241314117877058,0.011924304946109333,0.011175092453467695,0.015241314117877058
all_three,decay + avg + B=2048,matched,1,1100,steps,2048,0.001115239108320151,0.0010068672037726301,0.0013118780061346354,0.002210245917210655,0.0019450803709816784,0.00255273052123256,0.004599929243128423,0.003940278293215333,0.005125073619863317,0.006709693769760515,0.006298825480178819,0.008602411298930935
all_three,decay + avg + B=2048,matched,1,1450,steps,2048,0.000514983616591559,0.000490868529658281,0.0005746898076518306,0.0009775763208374338,0.0008527220600806058,0.0010615680862843956,0.00235200003028018,0.001839549151461747,0.0034622810953324925,0.003293294407480758,0.002974947168599616,0.004384615291819925
all_three,decay + avg + B=2048,matched,1,1800,steps,2048,0.0003776195763444268,0.0003512325803932753,0.00041842681067610834,0.0004811168355604224,0.0004491914280796601,0.00050339785927883,0.0018197582794347536,0.0014295200314247947,0.0029594976292237766,0.001986596141771211,0.0017326817990229123,0.0029928817197292794
all_three,decay + avg + B=2048,matched,4,50,steps,2048,0.012253656669981731,0.01009196366315226,0.01638596757896158,0.012253656669981731,0.01009196366315226,0.01638596757896158,0.14423972881138358,0.08945532656625788,0.21515259832236217,0.14423972881138358,0.08945532656625788,0.21515259832236217
all_three,decay + avg + B=2048,matched,4,100,steps,2048,0.005333916306857269,0.004705669465412638,0.005690015397264237,0.005333916306857269,0.004705669465412638,0.005690015397264237,0.06171405145294977,0.03664010166434361,0.09418168474405275,0.06171405145294977,0.03664010166434361,0.09418168474405275
all_three,decay + avg + B=2048,matched,4,180,steps,2048,0.004185695934605478,0.003939592854781354,0.005005725007600165,0.004185695934605478,0.003939592854781354,0.005005725007600165,0.030381215934535008,0.01906600001348185,0.04547201531741785,0.030381215934535008,0.01906600001348185,0.04547201531741785
all_three,decay + avg + B=2048,matched,4,300,steps,2048,0.004204895191319828,0.0036129037036806443,0.004462707928337285,0.004204895191319828,0.0036129037036806443,0.004462707928337285,0.01894544598537016,0.013439801177232572,0.02591758455688931,0.01894544598537016,0.013439801177232572,0.02591758455688931
all_three,decay + avg + B=2048,matched,4,500,steps,2048,0.003830128859032593,0.003329337356219601,0.004049569541956856,0.003830128859032593,0.003329337356219601,0.004049569541956856,0.014197284621719913,0.011319382176987558,0.01776616905289516,0.014197284621719913,0.011319382176987558,0.01776616905289516
all_three,decay + avg + B=2048,matched,4,750,steps,2048,0.002884501507223779,0.0026559564850708738,0.0029998518370882173,0.002884501507223779,0.0026559564850708738,0.0029998518370882173,0.00918322037907595,0.008320712493947263,0.012186036954590996,0.00918322037907595,0.008320712493947263,0.012186036954590996
all_three,decay + avg + B=2048,matched,4,1100,steps,2048,0.0006814045099729506,0.000632644514466668,0.0007245221167014593,0.001682967943795413,0.0014843937439948825,0.0017726961506470255,0.0033527374080132063,0.0024953403180548914,0.005157744846064369,0.006051479020166719,0.004742795682713004,0.007885039442276802
all_three,decay + avg + B=2048,matched,4,1450,steps,2048,0.00029999361057089714,0.00028930651549965964,0.000319529433596193,0.0006794324091246101,0.0006092917838945793,0.0007305318891993391,0.0019625303358923665,0.001295101343262953,0.00367307495201885,0.0026108195642462724,0.0022568429299495603,0.004171004754739379
all_three,decay + avg + B=2048,matched,4,1800,steps,2048,0.0002223820995215783,0.00021027964848369256,0.00023183005053205164,0.0002858926639013431,0.0002703334604514882,0.0003238851563383965,0.0015412175980193377,0.0010130909320853788,0.0031633937075389077,0.0016048190610880076,0.00125200122548102,0.0029806123285735352
all_three,decay + avg + B=2048,matched,32,50,steps,2048,0.010561140698630109,0.008827475502899178,0.01396259553909143,0.010561140698630109,0.008827475502899178,0.01396259553909143,0.14462297411620884,0.09240980691845195,0.22260270961898335,0.14462297411620884,0.09240980691845195,0.22260270961898335
all_three,decay + avg + B=2048,matched,32,100,steps,2048,0.004701624696753786,0.0043076977349452775,0.00520837229764454,0.004701624696753786,0.0043076977349452775,0.00520837229764454,0.06333344214484442,0.03857688592944661,0.098227745549994,0.06333344214484442,0.03857688592944661,0.098227745549994
all_three,decay + avg + B=2048,matched,32,180,steps,2048,0.004009443565383401,0.003648163609379728,0.004286191627571976,0.004009443565383401,0.003648163609379728,0.004286191627571976,0.03187548146146756,0.0198331983465882,0.05037470083543033,0.03187548146146756,0.0198331983465882,0.05037470083543033
all_three,decay + avg + B=2048,matched,32,300,steps,2048,0.0036093824584688123,0.003175048068543631,0.003927252899389851,0.0036093824584688123,0.003175048068543631,0.003927252899389851,0.01953069098594759,0.013102655904655062,0.028074087069107245,0.01953069098594759,0.013102655904655062,0.028074087069107245
all_three,decay + avg + B=2048,matched,32,500,steps,2048,0.003263309398711052,0.002991626252643756,0.0036198250596141427,0.003263309398711052,0.002991626252643756,0.0036198250596141427,0.012310941578422954,0.01072814238820933,0.018030343117410936,0.012310941578422954,0.01072814238820933,0.018030343117410936
all_three,decay + avg + B=2048,matched,32,750,steps,2048,0.002473918961512945,0.0022812544321390202,0.0027098959036996957,0.002473918961512945,0.0022812544321390202,0.0027098959036996957,0.009654309259858558,0.007967071871997822,0.012590659390382864,0.009654309259858558,0.007967071871997822,0.012590659390382864
all_three,decay + avg + B=2048,matched,32,1100,steps,2048,0.0005575716366154272,0.0005134268549887368,0.0005887551060351422,0.0014140131498104076,0.001322670665351972,0.0015579274965293168,0.0033440811632179926,0.0024759438598918916,0.005620773204230157,0.005419075356864282,0.0044276344622373705,0.007382217365680233
all_three,decay + avg + B=2048,matched,32,1450,steps,2048,0.000242620424789698,0.00022582113722509575,0.0002505136257630629,0.0005154075938759467,0.00047049720380758675,0.0005959352708385815,0.0018913497142213288,0.0012214963843139286,0.003955822069774513,0.0026262944446458123,0.0018412489279376464,0.004186249076767592
all_three,decay + avg + B=2048,matched,32,1800,steps,2048,0.00017014932509664839,0.0001603030689039767,0.00018412286335907862,0.0002456873686696887,0.0002320939987274017,0.0002554909499701628,0.0015504911747174297,0.0009033616248857264,0.0034175918540515662,0.0015974333228439522,0.0010347673083075074,0.0032048406692473256
all_three,decay + avg + B=2048,unmatched,1,50,steps,2048,0.017073423323072344,0.014612988276856314,0.019190824004597533,0.017073423323072344,0.014612988276856314,0.019190824004597533,0.13315484104399578,0.10248436722150457,0.24272786622400738,0.13315484104399578,0.10248436722150457,0.24272786622400738
all_three,decay + avg + B=2048,unmatched,1,100,steps,2048,0.007341756383293452,0.006800617324771969,0.007760197749318865,0.007341756383293452,0.006800617324771969,0.007760197749318865,0.05470953834533753,0.04109349058138445,0.11256630425624849,0.05470953834533753,0.04109349058138445,0.11256630425624849
all_three,decay + avg + B=2048,unmatched,1,180,steps,2048,0.006283536762043585,0.005295988566297827,0.0068288551344168336,0.006283536762043585,0.005295988566297827,0.0068288551344168336,0.030841754405382872,0.022937086458339313,0.060732126148627476,0.030841754405382872,0.022937086458339313,0.060732126148627476
all_three,decay + avg + B=2048,unmatched,1,300,steps,2048,0.005532330934778116,0.005058897718819971,0.006030629472970249,0.005532330934778116,0.005058897718819971,0.006030629472970249,0.020198807871239642,0.01474059371045643,0.03622583643487848,0.020198807871239642,0.01474059371045643,0.03622583643487848
all_three,decay + avg + B=2048,unmatched,1,500,steps,2048,0.005378053519864224,0.004748559236762034,0.0061798105148289815,0.005378053519864224,0.004748559236762034,0.0061798105148289815,0.016085866984097964,0.013967700641020916,0.026848683044198067,0.016085866984097964,0.013967700641020916,0.026848683044198067
all_three,decay + avg + B=2048,unmatched,1,750,steps,2048,0.003999850960752542,0.00384487857554808,0.004559888064564829,0.003999850960752542,0.00384487857554808,0.004559888064564829,0.01289321097147409,0.01048594884802083,0.015409351530374399,0.01289321097147409,0.01048594884802083,0.015409351530374399
all_three,decay + avg + B=2048,unmatched,1,1100,steps,2048,0.0011516419483847467,0.001122250911981924,0.0012251792903883536,0.0023072883488016753,0.002174264680838768,0.0024870738625650452,0.004534563287139602,0.003528264369238341,0.00656557702315833,0.006737876672421643,0.006540935213560635,0.008441637484757522
all_three,decay + avg + B=2048,unmatched,1,1450,steps,2048,0.000526335428701262,0.0004869760874521987,0.00054723439324992,0.0009345117354980779,0.0009074925627475806,0.0009674369922031445,0.0023159333909264427,0.0019147915608503253,0.004061405832689421,0.0033273238356709674,0.002853242409216864,0.004686655699527994
all_three,decay + avg + B=2048,unmatched,1,1800,steps,2048,0.0003890629937977957,0.0003528778889491769,0.0004001443404972307,0.0004912173104010339,0.00044111450959771737,0.0005085485371171518,0.0017450825308353555,0.0014356948719643683,0.00349336506276741,0.0018961555049711077,0.001552346515351829,0.003627273983588396
all_three,decay + avg + B=2048,unmatched,4,50,steps,2048,0.011919584353394304,0.010626303976009064,0.014055845165629592,0.011919584353394304,0.010626303976009064,0.014055845165629592,0.12525169204592695,0.09890688639134569,0.2321904717897886,0.12525169204592695,0.09890688639134569,0.2321904717897886
all_three,decay + avg + B=2048,unmatched,4,100,steps,2048,0.005399626318858892,0.0050732606808947,0.0056687512175547725,0.005399626318858892,0.0050732606808947,0.0056687512175547725,0.05287739575952861,0.03791526936469132,0.10841044407551269,0.05287739575952861,0.03791526936469132,0.10841044407551269
all_three,decay + avg + B=2048,unmatched,4,180,steps,2048,0.004390086240310682,0.004118329519195805,0.004656853820395602,0.004390086240310682,0.004118329519195805,0.004656853820395602,0.02812934609838943,0.017963865820147674,0.056446967894519584,0.02812934609838943,0.017963865820147674,0.056446967894519584
all_three,decay + avg + B=2048,unmatched,4,300,steps,2048,0.004070646119159816,0.00378436014623344,0.004377312694872646,0.004070646119159816,0.00378436014623344,0.004377312694872646,0.018108258893257054,0.013783610864768547,0.03333513232416105,0.018108258893257054,0.013783610864768547,0.03333513232416105
all_three,decay + avg + B=2048,unmatched,4,500,steps,2048,0.003698355472592542,0.003443463809060785,0.00408945692932908,0.003698355472592542,0.003443463809060785,0.00408945692932908,0.012556173180457104,0.010544722219086056,0.021449772987183677,0.012556173180457104,0.010544722219086056,0.021449772987183677
all_three,decay + avg + B=2048,unmatched,4,750,steps,2048,0.0029264590399484753,0.0025594075589368084,0.003121015131654783,0.0029264590399484753,0.0025594075589368084,0.003121015131654783,0.009538449314383603,0.008162823176649705,0.014003631903285355,0.009538449314383603,0.008162823176649705,0.014003631903285355
all_three,decay + avg + B=2048,unmatched,4,1100,steps,2048,0.0006976879061124858,0.000652509185310769,0.0007312053662571702,0.0016235416385557554,0.0014787638813459423,0.0017669252425710632,0.002951970234298375,0.002456740844521546,0.007045236973465648,0.00542017748374305,0.004624577556831888,0.00894561454929676
all_three,decay + avg + B=2048,unmatched,4,1450,steps,2048,0.0003064139509806411,0.00027486802270817806,0.00032103655011203895,0.000625865547392653,0.0005666377414274907,0.000694034667166247,0.0015287276276942027,0.0012912691839145317,0.004808729203473557,0.0023304129043469138,0.002056539667800809,0.005000151969919517
all_three,decay + avg + B=2048,unmatched,4,1800,steps,2048,0.00022019969840258362,0.00020004621946933846,0.00022834039281336725,0.0002954479665692375,0.0002577692132085538,0.00031251583830819914,0.0012414933259379227,0.0009793489809918501,0.0040468257006722325,0.0013599500859987406,0.001157578496692144,0.0035894724056844576
all_three,decay + avg + B=2048,unmatched,32,50,steps,2048,0.009984184169370459,0.008994612906478593,0.012153180601609257,0.009984184169370459,0.008994612906478593,0.012153180601609257,0.12558446835645484,0.09778271222342372,0.2388374589965357,0.12558446835645484,0.09778271222342372,0.2388374589965357
all_three,decay + avg + B=2048,unmatched,32,100,steps,2048,0.0046220106297659835,0.004393552564891064,0.005378564872450209,0.0046220106297659835,0.004393552564891064,0.005378564872450209,0.05461969539911045,0.037315886173352936,0.11182003202992202,0.05461969539911045,0.037315886173352936,0.11182003202992202
all_three,decay + avg + B=2048,unmatched,32,180,steps,2048,0.0037939367533759713,0.003586366797735713,0.004179119478406067,0.0037939367533759713,0.003586366797735713,0.004179119478406067,0.02849717692585592,0.0175837589706487,0.0603886107489952,0.02849717692585592,0.0175837589706487,0.0603886107489952
all_three,decay + avg + B=2048,unmatched,32,300,steps,2048,0.003618254961720578,0.003328486240583089,0.004183184601018904,0.003618254961720578,0.003328486240583089,0.004183184601018904,0.018013668972376804,0.01366132506627615,0.034475657486800655,0.018013668972376804,0.01366132506627615,0.034475657486800655
all_three,decay + avg + B=2048,unmatched,32,500,steps,2048,0.0033459829135069575,0.002820654734203922,0.003551269982763195,0.0033459829135069575,0.002820654734203922,0.003551269982763195,0.011888414419689568,0.010728287906120968,0.021544461418500742,0.011888414419689568,0.010728287906120968,0.021544461418500742
all_three,decay + avg + B=2048,unmatched,32,750,steps,2048,0.002588571729629484,0.002272284192500517,0.002650403613882636,0.002588571729629484,0.002272284192500517,0.002650403613882636,0.008922415079419644,0.007540607666612838,0.015251864929718913,0.008922415079419644,0.007540607666612838,0.015251864929718913
all_three,decay + avg + B=2048,unmatched,32,1100,steps,2048,0.0005611283119552557,0.0005399648010344772,0.0005987683624280433,0.0014083345865871953,0.0012582192224737487,0.001656934891329611,0.0029276543140518176,0.002213008520188867,0.007473409231664943,0.005162397229414514,0.0045191943748608505,0.00967683415490119
all_three,decay + avg + B=2048,unmatched,32,1450,steps,2048,0.0002496349288730848,0.00023879797500609665,0.00027137167702178847,0.0005466318755437809,0.000511172457696143,0.0005997746872082166,0.0016277471998197642,0.001162836681164631,0.005226082098144424,0.002435602199016523,0.0019225573299866661,0.005095711253079793
all_three,decay + avg + B=2048,unmatched,32,1800,steps,2048,0.00018128748233788608,0.00017242255458212806,0.00018996774090737083,0.0002573224870397471,0.00021706113316497387,0.0002656198546827289,0.0012960985721315473,0.0009113621384768598,0.004495151471764949,0.001435838089632892,0.0010753680860247179,0.0041524155082374534
